#{"t_start": 1761526144.7212853, "env_id": "None"}
r,l,t-3-8.166667,6,1.264.0,6,4.833333,65.166660.83-14.167.3311.83334.8333-6.0-2.33-1.166-2-3.666667-9.315.833333-18.0,6,15.5,10.833.33333-3.5,6,1.4-7.0-13-35.533333-11.018.5,6,1-6.33-22.3.0,6,1.48814-14-13.833333,6,1.5141-1.517.0,6,1.5385-7.3-11.5,6,1.572546--14.0,6,1.60211-6.833333,6,1.6342-25.-5.333333,6,1.661-9-11-5.833333,6,1.691-21-2-1.666667,6,1.723.6666-7.0,6,1.733529-8-15.0,6,1.765403.0-11.833333,6,-4.333333,-4.0,6,110.3-13.6-9.166667,6,1-11.5-17.-2.166667-12.5,6,1.-1616.66-0.166667,6,1.9-9-7.0,12.333333,6,1.333333,60.333333,6,2.833333,60.0,6,2.0111.5,621.333333,617.166667,6-9.333333,6-1.666667,6-4.5,6,2.0--0.8330.333333,6,-4.834.0,6-20.333333,-4.333333,7.6.833333,6-5.3333330.-13.5,6,2.1-2.8310.833333,6,2.-1910.8--25.333333,6,2.144.33315.0,6,2.2-7.833-21.833333,6,2.-5.833333.166667-17.16-14.6665.5,6,2.303.1666-15.5,6,2.334976.--18.5,6,2.36378
-1.166667,6,2.382387
-19.166667,6,2.407097
1.166667,6,2.42544-14-6.166667,6,2.450194-8-1.0,6,2.4800492.-2.666667,6,2.497236.314.166667,6,2.53863.668.666667,6,2.56911.66-10.5,6,2.590245--19.666667,6,2.623059--8.833333,6,2.650087
-6.333333,6,2.681604--0.333333,6,2.70607
-5.333333,6,2.722185
15.333333,6,2.74-0.666-11.166667,6,2.7-9.16661.0,6,2.79429300.333333,6,2.82-33.374.333333,6,2.84-12.661.666667,-20.-6.10.1-7.5,6,2.9069.8-1-25.166667,6,2.91.-18.1-11.0,6,2.9670-1.0-13.833333,6,-19.1-3.5,4.5,6,3.0243-15.-15.5,6,3.04620.83-6.666667,6,3.076-19.111.833333,9.0,6,3.-29.-13.4.166667,6,3.12.0,6,37.166667,-5.166667,6,8.0,6,3.191.3333-7.833333,6,-10-13.66614.5,6,3-6.166661-13.5,6,3.272-1.0,-9.333333,6,1.666667,612.333333,69.0,6,3.3-2-5.834.833333,6,3.3576.0,6-12.0,6,3.3-2.0,6,4.833333,6-14.166667,-25.833333,66.833333,6,4.166667,6-14.0,6,3.412.5,6,16.333333,6,3.48561220-11.666667,6,3.-0.13.5,-7.166667,6,-14.0,6,3.-11.5,6,7.166667,6-16.7,6,3.5-25.83311.666667,-18.163.0,6,-16.166667-13.0,6,3.6512.1667.5,6,3.670472
-1.0,6,3.688606
-11.0,6,3.71559
-21.833333,6,3.746272
-10.0,6,3.775022
-12.333333,6,3.805032
14.5,6,3.854096
9.833333,6,3.878954
4.166667,6,3.910943
-1.5,6,3.929846
-12.166667,6,3.955134
-8.2,6,3.975041
-8.5,6,4.007358
-2.833333,6,4.035962
8.833333,6,4.062202
-12.5,6,4.079335
-23.0,6,4.10458
-6.666667,6,4.132585
-10.166667,6,4.157644
12.333333,6,4.179821
-4.333333,6,4.200773
125.733333,5,4.225147
2.0,6,4.257309
22.666667,6,4.276985
15.833333,6,4.291194
-12.5,6,4.310255
-13.0,6,4.332603
-16.666667,6,4.352595
-6.166667,6,4.376843
-7.0,6,4.397932
-0.833333,6,4.421718
-6.333333,6,4.46727
-8.5,6,4.483422
10.333333,6,4.505644
-3.0,6,4.526368
28.333333,6,4.545793
3.833333,6,4.56192
-14.333333,6,4.591091
1.5,6,4.612457
-2.666667,6,4.643956
-4.666667,6,4.680838
2.666667,6,4.707237
-20.333333,6,4.725222
0.166667,6,4.740152
14.333333,6,4.764297
12.0,6,4.795139
-2.833333,6,4.819984
-3.5,6,4.844128
-20.666667,6,4.87279
-7.0,6,4.900606
-2.666667,6,4.929251
5.333333,6,4.957877
16.0,6,4.985204
13.166667,6,5.009901
-4.166667,6,5.032416
3.5,6,5.054972
149.066667,5,5.096683
14.0,6,5.130326
9.833333,6,5.162127-19.666667,6,5.192-7.5,0.833333,6,515.666667-7.666667,6,5-14.314.-12.5,6,5.28029-6.-35.333333,6,5.303610.6-6.5,6,5.328026
-11.666667,6,5.3496.1664.833333,6,5.377-6.337.833333,6,5.4-20-4.134.166667,6-7.1666-12.2.0,6,5.4560.33-9.0,6,5.476155
-7.333333,6,5.495322
-4.0,6,5.514999
-19.166667,6,5.54267717.333333,6,5.572261
15.333333,6,5.59512.66-9.666667,6,5.627-20.6-17.666667,6,5.6-8.16662.833333,6,5.671.5,6,-8.333333,-9.5,6,5.695-5.5,-3.0,6,5.715-9.83-3.666667,6,5.76-2.0,6,5.790864
-3.333333,6,5.816817
-29.333333,6,5.856025621.833333,6,5.18.5,6,54.5,6,5.9-32.33312.5,6,5.931127-15.333333,6,5.948-9.67.0,6,5.973904
-30.333333,6,6.004887
2.166667,6,6.0210613.0.833333,6,6.043603-222.333333,6,6.063423-1-5.833333,6,6.08762667.833333,6,6.1113.6662.0,6,6.136866
-18.666667,6,6.156-6.83-9.333333,6,6.182-9.5,-10.666667,615.833333,612.5,6,6.23-10.33-16.5,6,6.260979--1.833333,6,6.287838-214.5,6,6.318425-5-6.666667,6,6.341414-13.166667,6,6.360279111.666667,6,6.396.5,6,-0.5,6,6.-10.6666-17.166667,6,6.-2.1666613.333333,6,6.-3.66666-2.5,6,6.48833-3.-11.5,6,6.520575
-2.833333,6,6.54-14.0,-7.833333,63.166667,6,-2.666667,-10.0,6,6.605.0,6,-7.666667,14.833333,6,-12.83333312.666667,6,6-3.0,6,6.5.8333333.0,6,6.715-6-29-7.166667,6,6.74.666668.666667,6,6.75.166667.833333,6,6.711.8333-14.0,6,6.78969-3.1.833333,6,6.8152.12.-0.166667,6,6.83-7.-5.-6.166667,6,6-7.0,6,6.-11.0,6,-1.333333,5.0,6,6.911-2.83-10.166667,6,6.93135.9,3.333333,6,68.833333,-18.833333,6-2.833333,67.5,6,7.030.8333-2.5,6,7.067476.-13.0,6,7.097-1.136.666667,6,7.1119.1-2.666667,6,7.1364-7.08.833333,6,7.-5.16666-9.666667,6,7.-6.33333-34.6,6,7.2180-3.59.166667,6,7.-11.7,6,8.833333,6-6.0,6,7.25-8.166-12.166667,6,7.2-10.8331.833333,6,7.31910-6.13.0,6,7.349235
4.0,6,7.380567
-17.333333,6,7.403459
-9.166667,6,7.424788--3.0,6,7.451453
-22.166667,6,7.4767361.-4.666667,6,7.50582-9.5.5,6,7.532947
-1.833333,6,7.555244
134.-19.167.33333-25.6666674.5,-17.66666-1-2.666667,6,-19.-12.33-1.83333-17.833330.0,6-16.8333313-20.166667,6-13.66666.13.833333,6,72.5,6,-214.5,6,7-10.833337.5,6,7.808242-1-6.666667,6,7.840687-1-20.0,6,7.869896
-10.833333,6,7.89115-16-7.166667,6,7.919.6666-1.833333,6,7.9-1.3333-11.0,6,7.954096.82.666667,6,7.981600.6-21.833333,6,8.00212.33-5.166667,6,8.028-13.6-11.666667,6,8.05613.66-3.166667,6,8.071-3.33-1.166667,6,8.099-10.6-17.0,6,8.121205-6.833333,6,8.148581
-0.166667,6,8.174137
-7.5,6,8.203592
-15.833333,6,8.233184
133.066667,5,8.264295
-23.366667,6,8.303579
-11.166667,6,8.348167
-8.666667,6,8.3778917.-9.0,6,8.3974719.-7.166667,6,8.41983-7.-14.666667,6,8-21-11.332.166667,6,8.44.-4.5,7.0,6,8.487912.04.333333,6,8.-12.33332.166667,6,8.53-22.0,-15.666667,612.5,6,8.58-19.0,-19.333333,68.833333,6,-5.833333,6.666667,6-1-22.66666-0.5,6,-17.0,62.82.333334.166667,6,-1.-10.0,60.166667,6,16.333333,0.83333312.6-9.0,6,8.-13.666-2.833333,6,8.79-7.1662.0,6,8.819447119.0,6,8.84684
-7.5,6,8.872122--4.5,6,8.89505
24.666667,6,8.915-13.3-21.0,6,8.946172
-5.5,6,8.985153520.833333,6,9.00973-3.1.333333,6,9.08.5,6,9-14.5,6,-12.533333-8.166667,6,9-14.5,6,9-18.5,6,9-15.83333-8.666667,6,9.-18.66660.666667,6,9.17-22.6621.166667,6,9.186-21.8-11.166667,6,9.211-0.0.833333,6,9.235722-8-13.666667,6,9.-4.166667.0,6,9.29499--2.0,6,9.337429
0.0,6,9.36724
19.666667,6,9.394799
-11.166667,6,9.424059
4.5,6,9.441095
25.666667,6,9.461825
3.5,6,9.485678
-26.366667,6,9.502191
-10.0,6,9.534003
-21.166667,6,9.555087
-15.5,6,9.577903
21.833333,6,9.5983252-12.833333,6,9.-5.3333-11.166667,6,9.1.333333-4.666667,6,9-7.833333-11.666667,6,-1.833333,-4.666667,-10.833333,64.0,6,9.754-7.83-14.0,6,9.781759-18.0,6,9.810029
-3.0,6,9.831168
-12.0,6,9.855491
-3.333333,6,9.8743
11.5,6,9.890495
-3.5,6,9.921798
-2.833333,6,9.94524
-16.833333,6,9.977278
0.333333,6,10.00017
-2.5,6,10.032374
20.333333,6,10.052298
-28.833333,6,16.036766113.166667,6,16.05-24.5,-35.5,6,16.0812.5,6-6.0,6,16.11-7.3331.0,6,16.141587
1.0,6,16.161481
9.5,6,16.191038
1.333333,6,16.225676
-14.666667,6,16.249732
-18.833333,6,16.27-9.0,6-12.166667,6-5.0,6,16.31-5.33310.833333,6,16.34-19.0,-2.166667,6,1-13.0,6,-24.0,6,16.11.0,6,1-8.166667,-11.0,6,16.4210.5,69.833333,6,1-20.5,6,16-23.16666-11.666667,6,1-3.0,6,16.4.5,6,16-3.6666679.166667,6,16.2.0,6,161.333333,-2.5,6,16.550-11.1-1.0,6,16.569598
11.833333,6,16.5943.33335.166667,6,16.62-17.5,6.833333,6,16-1.83333310.166667,6,16-8.333333-0.166667,6,1618.0,6,15.0,6,16.722.1666-4.333333,6,16.73.33333-4.0,6,16.78962-3.13.0,6,16.81006-1-2.166667,6,16.85476-0.666667,6,16.88694.338.166667,6,16.9134-1.0-2.666667,6,1612.5,6,168.66666-16.0,6,16.972414.52.5,6,16.996433.3-6.166667,6,17.0247-28.-9.833333,6,17.05150-23-14.166667,6,17.08689-0.-10.333333,6,17.1122-5.6-10.5,6,17.139976
-3.5,6,17.162141
-4.0,6,17.190415
7.833333,6,17.215729
6.833333,6,17.245937
6.833333,6,17.260581
-6.666667,6,17.282215
2.5,6,17.306914
-9.5,6,17.324502
-10.5,6,17.351028
4.0,6,17.376643
-29.033333,6,17.399771
9.166667,6,17.416371
-37.5,6,17.439237
-19.166667,6,17.47143
-20.5,6,17.495347
-9.5,6,17.514155
7.333333,6,17.535897
12.5,6,17.558442
-10.5,6,17.578403
-0.833333,6,17.604583
8.333333,6,17.631623
-3.0,6,17.652247
0.833333,6,17.681609
11.666667,6,17.707581
22.333333,6,17.726733
5.333333,6,17.75244
1.333333,6,17.781929
-1.166667,6,17.798041
-12.0,6,17.833712
-12.166667,6,17.866154
7.333333,6,17.897205
-17.166667,6,17.9304
-9.0,6,17.957855
-0.5,6,17.985753
114.3,2,17.994631
-1.833333,6,18.017544
-13.7,6,18.044416
11.5,6,18.073725
-0.833333,6,18.096133
-3.666667,6,18.12865
8.666667,6,18.162959
-5.5,6,18.182863
-0.666667,6,18.212534
7.333333,6,18.238009
-9.666667,6,18.258603
4.0,6,18.278708
-6.666667,6,18.304112
-17.333333,6,18.3311
2.166667,6,18.356394
7.5,6,18.389387
13.0,6,18.410728
9.333333,6,18.43852
-2.666667,6,18.469651
16.333333,6,18.493197
-13.166667,6,18.522527
-1.5,6,18.546486
11.666667,6,18.569274
1.833333,6,18.58385
-18.833333,6,18.610736
9.833333,6,18.628531
-5.5,6,18.649872
-13.666667,6,18.674917
-7.0,6,18.70504
-12.666667,6,18.730964
-10.333333,6,18.7691734-4.0,6,18.801967-8-16.5,6,18.820707
2.166667,6,18.842973
-7.666667,6,18.86673-1.-7.666667,6,181.166667,-9.0,6,18.908-3.5-26.833333,6,112.833333,-1.5,6,18.962-20.69.5,6,18.987978
27.5,6,19.011727
-8.5,6,19.035301
6.833333,6,19.061163
-15.833333,6,19.0885-0.1-15.0,6,19.116153
0.833333,6,19.132632
7.833333,6,19.162004
9.333333,6,19.1822722.-10.333333,6,19-32.66666-15.666667,6,194.333333,2.833333,6,1914.6666671.833333,6,19.-4.833333.0,6,19.309254-7-19.0,6,19.334266
-12.0,6,19.350856
-22.5,6,19.392492
-4.5,6,19.419509
14.666667,6,19.444087
1.0,6,19.470791
-10.0,6,19.492354
4.166667,6,19.522063
-1.5,6,19.544522
-22.333333,6,19.576894
-8.0,6,19.602828
-17.0,6,19.62793
-4.666667,6,19.646888
25.5,6,19.679461
20.0,6,19.69326
19.5,6,19.712603
-5.0,6,19.738162
-9.333333,6,19.768032
-19.666667,6,19.794452
-3.0,6,19.821526
-7.166667,6,19.851262
-5.333333,6,19.881064
-8.666667,6,19.91352
5.333333,6,19.939124
0.166667,6,19.96835
-29.366667,6,19.990201
-32.666667,6,20.021811
3.5,6,20.058292
3.666667,6,20.080827
2.0,6,20.1138
-4.333333,6,20.138587
2.166667,6,20.160141
3.0,6,20.186855
-17.666667,6,20.20609
-15.0,6,20.228308
-23.0,6,20.26305
1.333333,6,20.288609
6.0,6,20.319239
8.333333,6,20.348611
-13.5,6,20.373041
-1.0,6,20.402369
-15.166667,6,20.422358
5.833333,6,20.438426
-6.166667,6,20.45854
35.5,6,20.481059
-9.166667,6,20.51499
-5.166667,6,20.541139
-6.833333,6,20.573381
-4.833333,6,20.608322
-3.833333,6,20.635887
-4.833333,6,20.658884
1.0,6,20.691161
5.166667,6,20.714177
-4.5,6,20.744552
10.833333,6,20.774265
-14.0,6,20.792102
-5.0,6,20.817149
-9.5,6,20.841274
-11.5,6,20.869396
-11.0,6,20.894216
-20.5,6,20.926007
147.9,4,20.942078
-23.0,6,20.969895
-4.0,6,20.99646
8.833333,6,21.033853
4.833333,6,21.056243
-7.333333,6,21.073713
159.866667,6,21.099697
-11.5,6,21.127411
-1.833333,6,21.145899
-17.166667,6,21.163408
-24.2,6,21.190563
-5.333333,6,21.222332
7.0,6,21.250241
-7.5,6,21.283257
-6.666667,6,21.309228
1.833333,6,21.346694
2.5,6,21.369822
-14.833333,6,21.399697
-5.5,6,21.421075
2.666667,6,21.440752
0.666667,6,21.470396
1.0,6,21.494346
-26.5,6,21.5211
-14.5,6,21.55402
-5.166667,6,21.582058
1.166667,6,21.605563
1.333333,6,21.620169
-27.833333,6,21.645807
-2.166667,6,21.657169
-6.666667,6,21.684082
-1.0,6,21.715492
18.0,6,21.734337
8.5,6,21.754226
133.2,3,21.763466
9.5,6,21.784256
-0.666667,6,21.809665
-8.5,6,21.841928
-13.5,6,21.870798
9.666667,6,21.900344
-9.166667,6,21.928443
-25.666667,6,21.958203
31.5,6,21.990027
-19.166667,6,22.01349
-2.5,6,22.05007
-15.666667,6,22.074962
23.5,6,22.100406
13.333333,6,22.127207
7.0,6,22.157635
-24.366667,6,22.169921
-15.666667,6,22.211436
-2.0,6,22.23729
9.0,6,22.257447
13.666667,6,22.283612
-13.333333,6,22.306232
-4.5,6,22.335197
-14.0,6,22.361716
4.0,6,22.378205
-2.666667,6,22.39835
-19.833333,6,22.425697
-6.0,6,22.454765
5.5,6,22.473661
-1.666667,6,22.49453
-17.0,6,22.529128
16.666667,6,22.555498
-19.333333,6,22.584108
-13.833333,6,22.612674
2.5,6,22.650705
1.333333,6,22.689405
-9.166667,6,22.708348
-2.333333,6,22.736391
12.666667,6,22.757051
-6.5,6,22.786619
-23.666667,6,22.813699
-5.166667,6,22.834268
-7.0,6,22.857708
4.333333,6,22.883019
-14.0,6,22.918211
-13.0,6,22.941
-31.5,6,22.965352
-8.666667,6,22.98824
-16.833333,6,23.01634
11.5,6,23.045105
-17.0,6,23.066698
13.5,6,23.091045
-3.666667,6,23.125094
12.666667,6,23.153151
-7.0,6,23.180087
-23.666667,6,23.212326
-8.666667,6,23.238633
-2.333333,6,23.263396
-34.333333,6,23.311932
19.166667,6,23.415458
13.166667,6,23.447954
4.0,6,23.470716
4.666667,6,23.49821
2.666667,6,23.511873
12.666667,6,23.536857
1.333333,6,23.577892
3.5,6,23.604644
-11.833333,6,23.634869
-4.166667,6,23.666177
-12.333333,6,23.688768
5.833333,6,23.712842
-20.333333,6,23.74702
-12.666667,6,23.778931
2.0,6,23.803587
17.333333,6,23.819952
-0.5,6,23.843801
-17.0,6,23.864644
-45.7,6,23.899708
-6.166667,6,23.932246
136.4,5,23.956537
-4.833333,6,23.979616
-19.666667,6,24.009125
-16.166667,6,24.029316
-1.333333,6,24.050065
-17.833333,6,24.094407
-12.0,6,24.124896
4.166667,6,24.153191
-10.333333,6,24.179868
0.833333,6,24.213516
-5.333333,6,24.245943
-4.166667,6,24.272908
1.833333,6,24.301357
2.0,6,24.32145
-8.333333,6,24.34706
1.166667,6,24.378253
-22.5,6,24.402637
3.333333,6,24.429333
130.4,5,24.457524
7.666667,6,24.47451
-1.5,6,24.496689
3.833333,6,24.517678
-21.0,6,24.542701
-4.0,6,24.573694
-21.5,6,24.603368
3.333333,6,24.631624
-11.5,6,24.660533
-12.833333,6,24.678795
1.666667,6,24.710822
-21.666667,6,24.735449
-26.166667,6,24.782517
-5.333333,6,24.80944
1.333333,6,24.833039
6.0,6,24.8581
6.166667,6,24.884851
-14.0,6,24.90294
1.0,6,24.931923
19.5,6,24.95278
6.333333,6,24.985872
15.0,6,25.011655
-3.0,6,31.613583
-2.666667,6,31.63473
0.5,6,31.658127
-6.166667,6,31.681964
-14.833333,6,31.705491
-9.666667,6,31.726367
32.5,6,31.745101
-3.166667,6,31.76832
-19.166667,6,31.79066
-14.166667,6,31.815539
5.333333,6,31.83788
-10.833333,6,31.861741
-5.0,6,31.885962
6.833333,6,31.9042
-26.166667,6,31.925255
2.833333,6,31.955626
7.166667,6,31.973811
4.5,6,31.997907
-25.333333,6,32.03062
0.5,6,32.060467
12.666667,6,32.084176
9.666667,6,32.108436
7.5,6,32.133181
-18.0,6,32.161955
12.0,6,32.19744
7.333333,6,32.221703
13.0,6,32.235844
-10.166667,6,32.265538
-17.666667,6,32.292602
-12.166667,6,32.322797
10.333333,6,32.347165
-4.333333,6,32.379713
-0.166667,6,32.402219
1.166667,6,32.42096
0.166667,6,32.448158
4.833333,6,32.472734
1.666667,6,32.492821
-2.5,6,32.508409
12.333333,6,32.532078
-4.166667,6,32.560465
-4.166667,6,32.601944
-2.5,6,32.638927
4.166667,6,32.656662
-8.5,6,32.685784
-25.5,6,32.713576
-10.833333,6,32.743857
17.5,6,32.763786
-1.833333,6,32.783638
-1.5,6,32.804637
6.333333,6,32.824048
-36.5,6,32.850771
25.0,6,32.869158
-9.833333,6,32.891291
2.0,6,32.914319
-14.0,6,32.930562
-8.833333,6,32.94831
19.333333,6,32.964852
-4.5,6,32.991001
18.166667,6,33.017519
9.333333,6,33.044239
-1.166667,6,33.073273
18.0,6,33.108642
-25.166667,6,33.137849
-5.5,6,33.170988
-5.333333,6,33.198285
-6.166667,6,33.240425
-10.166667,6,33.268439
-22.666667,6,33.28878
144.4,4,33.301986
-5.333333,6,33.329704
125.733333,4,33.352504
-16.666667,6,33.379825
-4.333333,6,33.404796
-9.166667,6,33.417547
-2.166667,6,33.432749
-13.666667,6,33.455442
-13.666667,6,33.479486
-7.5,6,33.495925
10.833333,6,33.524683
-3.833333,6,33.549911
0.0,6,33.580554
4.0,6,33.60525
0.5,6,33.629376
6.833333,6,33.65546
128.7,6,33.683189
-5.5,6,33.70715
-16.666667,6,33.733477
-22.0,6,33.748715
-4.5,6,33.772559
-12.5,6,33.795403
6.0,6,33.826324
-7.5,6,33.842634
10.666667,6,33.861745
11.666667,6,33.890302
-11.833333,6,33.921973
-4.833333,6,33.946809
-12.0,6,33.970197
6.5,6,34.003435
-4.5,6,34.025433
-4.666667,6,34.049853
1.833333,6,34.074098
-12.333333,6,34.104458
-17.333333,6,34.132355
-25.0,6,34.164101
-3.666667,6,34.190122
6.5,6,34.208915
-7.166667,6,34.24011
-19.333333,6,34.272252
10.166667,6,34.297456
-8.5,6,34.326683
-13.5,6,34.352005
-7.833333,6,34.380073
1.833333,6,34.400311
-28.833333,6,34.428243
-29.5,6,34.453822
31.5,6,34.488439
0.666667,6,34.514988
-12.0,6,34.533012
-7.0,6,34.559915
-6.0,6,34.579338
-9.833333,6,34.609896
-12.833333,6,34.630662
14.0,6,34.649555
-7.0,6,34.678996
-10.166667,6,34.710598
-15.0,6,34.732027
0.666667,6,34.753949
-0.833333,6,34.774353
-16.5,6,34.797381
24.0,6,34.817862
6.333333,6,34.844768
-4.333333,6,34.871794
19.833333,6,34.892807
-6.5,6,34.912219
-25.666667,6,34.942376
4.166667,6,34.973343
15.666667,6,35.00202
5.5,6,35.028135
-4.833333,6,35.046044
-13.166667,6,35.066921
-17.333333,6,35.101773
-1.5,6,35.123309
-12.833333,6,35.147965
9.833333,6,35.163199
3.5,6,35.192383
-7.0,6,35.20724
8.5,6,35.229791
-7.0,6,35.251403
2.5,6,35.273052
-22.166667,6,35.307916
-19.0,6,35.339244
21.333333,6,35.370842
-11.666667,6,35.792446
-5.333333,6,35.824914
4.333333,6,35.859797
-16.666667,6,35.885292
-1.333333,6,35.914899
7.666667,6,35.931083
-5.0,6,35.962652
-4.0,6,35.98922
4.0,6,36.021155
-9.0,6,36.044295
-6.833333,6,36.068241
-5.0,6,36.090343
-15.833333,6,36.128919
-8.5,6,36.16276
10.833333,6,36.194968
10.833333,6,36.209614
-6.833333,6,36.229542
-25.5,6,36.255696
-15.833333,6,36.280879
14.666667,6,36.313154
-13.833333,6,36.330313
-5.5,6,36.354487
-7.5,6,36.379516
17.166667,6,36.39735
10.833333,6,36.418219
-8.333333,6,36.447062
-23.333333,6,36.477665
0.5,6,36.502368
-19.166667,6,36.535759
-14.833333,6,36.558032
-11.666667,6,36.578639
-5.5,6,36.608203
9.833333,6,36.633086
15.5,6,36.659998
11.333333,6,36.677847
-7.0,6,36.700706
12.5,6,36.731328
-0.833333,6,36.775989
5.0,6,36.795653
-4.0,6,36.814503
-9.666667,6,36.845529
5.166667,6,36.870032
-14.666667,6,36.899448
2.333333,6,36.924446
-17.666667,6,36.951799
137.9,4,36.968244
6.5,6,36.993514
21.833333,6,37.011703
-2.5,6,37.042746
0.166667,6,37.061239
2.5,6,37.082222
-5.166667,6,37.105758
-13.666667,6,37.125682
6.833333,6,37.151933
17.666667,6,37.16506
28.333333,6,37.180501
11.5,6,37.2007
11.166667,6,37.220627
-6.666667,6,37.24811
15.333333,6,37.274502
6.833333,6,37.307807
-7.666667,6,37.33708
9.333333,6,37.37398
-10.833333,6,37.397033
-14.166667,6,37.416945
-14.833333,6,37.445283
-8.333333,6,37.471591
-16.166667,6,37.50378
-3.166667,6,37.52669
1.666667,6,37.553811
3.333333,6,37.581059
7.0,6,37.606447
-7.833333,6,37.631066
-12.0,6,37.665665
-16.0,6,37.689792
-8.5,6,37.716347
12.833333,6,37.735931
0.0,6,37.753534
4.833333,6,37.78016
-13.5,6,37.804271
9.333333,6,37.82785
-4.666667,6,37.855503
-13.5,6,37.887148
-19.166667,6,37.917228
-8.0,6,37.945722
-25.833333,6,37.967923
-9.0,6,37.991378
13.833333,6,38.029301
-27.0,6,38.059642
11.833333,6,38.083071
-6.0,6,38.103953
-5.5,6,38.135538
25.0,6,38.163047
-14.333333,6,38.181192
-3.4,6,38.208075
14.333333,6,38.225213
5.666667,6,38.257802
-2.0,6,38.281247
20.666667,6,38.304338
-15.333333,6,38.320008
0.5,6,38.345682
-12.833333,6,38.375854
-5.333333,6,38.400966
-8.666667,6,38.423148
-2.0,6,38.446485
0.666667,6,38.477372
-5.5,6,38.501861
-2.833333,6,38.53077
12.833333,6,38.573039
-9.0,6,38.59894
-20.666667,6,38.62254
-2.0,6,38.639493
16.333333,6,38.679603
13.0,6,38.70962
10.0,6,38.727723
11.333333,6,38.748681
0.833333,6,38.774514
23.333333,6,38.799464
0.333333,6,38.816033
10.5,6,38.845305
11.666667,6,38.864836
-6.166667,6,38.893261
4.333333,6,38.911856
-4.0,6,38.932481
8.5,6,38.962275
-8.5,6,38.987914
6.666667,6,39.007332
-9.166667,6,39.028263
-1.0,6,39.050711
-5.0,6,39.069408
3.5,6,39.105359
-0.833333,6,39.134598
-12.666667,6,39.158312
8.0,6,39.175929
-6.0,6,39.202338
-18.166667,6,39.23238
20.333333,6,39.254185
-11.0,6,39.292693
8.5,6,39.312439
-12.5,6,39.340297
-4.833333,6,39.362939
-21.0,6,39.391599
-15.5,6,39.426692
3.333333,6,39.462937
-5.166667,6,39.488843
7.666667,6,39.51614
4.5,6,39.541191
-8.666667,6,39.562055
11.333333,6,39.573608
29.5,6,39.596925
-15.333333,6,39.616811
-3.833333,6,39.647859
-5.833333,6,39.684077
1.833333,6,39.71486
10.0,6,39.739179
5.333333,6,39.765414
6.333333,6,39.788269
-10.666667,6,39.819441
-16.5,6,39.846971
2.5,6,39.877283
0.166667,6,39.902241
-2.166667,6,39.930163
-1.166667,6,39.96903
-7.833333,6,39.995764
-1.5,6,40.020953
-3.333333,6,40.048381
-1.833333,6,40.066449
11.0,6,40.08517
-8.666667,6,40.105533
2.833333,6,40.126442
-14.5,6,40.150309
-29.833333,6,40.178182
-4.5,6,40.207027
-17.5,6,40.231276
-3.5,6,40.262168
-10.833333,6,40.290162
28.333333,6,40.312418
-5.5,6,40.34603
-3.833333,6,40.378304
4.333333,6,40.402966
-10.666667,6,40.424027
-20.166667,6,40.452915
-9.833333,6,40.478113
6.666667,6,40.497543
-12.666667,6,40.531554
-6.333333,6,40.562528
0.5,6,40.587315
-18.5,6,40.629292
-5.166667,6,40.655507
-4.5,6,40.688131
-22.833333,6,40.711944
3.5,6,46.743222
4.166667,6,46.765497
5.666667,6,46.792871
-3.166667,6,46.809227
1.333333,6,46.829874
22.166667,6,46.850599
5.5,6,46.872549
14.666667,6,46.891522
0.666667,6,46.914769
12.833333,6,46.938953
13.166667,6,46.958835
-13.166667,6,46.973394
1.833333,6,46.995239
8.333333,6,47.011778
2.833333,6,47.040612
-20.5,6,47.06255
-4.833333,6,47.082608
20.0,6,47.101941
-13.333333,6,47.127154
-9.166667,6,47.146136
-3.166667,6,47.170743
6.5,6,47.202102
-25.5,6,47.22715
-18.666667,6,47.247483
-3.166667,6,47.273109
-11.166667,6,47.302602
10.833333,6,47.320359
-2.833333,6,47.338534
-17.333333,6,47.358251
-12.0,6,47.384325
-18.166667,6,47.399384
-8.5,6,47.422783
7.5,6,47.445725
8.833333,6,47.462922
-3.0,6,47.49
-9.833333,6,47.510187
4.0,6,47.535238
-31.666667,6,47.567887
-3.833333,6,47.589253
-11.0,6,47.603742
-25.666667,6,47.623249
27.833333,6,47.640791
-9.166667,6,47.661719
-5.666667,6,47.688436
23.0,6,47.71098
-15.333333,6,47.734065
-0.0,6,47.774173
-6.666667,6,47.794003
-6.0,6,47.828719
4.333333,6,47.850837
23.0,6,47.864596
-10.333333,6,47.887663
-0.666667,6,47.915168
0.333333,6,47.942659
-4.166667,6,47.970451
7.833333,6,47.993546
10.166667,6,48.020571
-1.166667,6,48.043848
5.666667,6,48.05573
-16.333333,6,48.087977
-11.5,6,48.109549
-9.666667,6,48.12882
-13.5,6,48.153456
0.833333,6,48.173506
2.333333,6,48.191412
-1.666667,6,48.216667
-0.833333,6,48.242752
-1.5,6,48.263659
-19.833333,6,48.283905
4.333333,6,48.305245
11.833333,6,48.324308
-4.333333,6,48.359813
-0.666667,6,48.392051
-6.166667,6,48.415169
-13.0,6,48.437071
23.666667,6,48.454865
-5.166667,6,48.476379
10.166667,6,48.498431
-4.666667,6,48.522916
-9.333333,6,48.552581
-6.666667,6,48.574555
-0.0,6,48.597531
-0.333333,6,48.623003
-2.0,6,48.654546
-4.666667,6,48.67511
-7.0,6,48.694685
5.666667,6,48.720459
-13.333333,6,48.745705
-23.166667,6,48.769133
3.333333,6,48.795033
-4.0,6,48.81212
-16.0,6,48.839635
-10.5,6,48.866756
-14.333333,6,48.890387
7.666667,6,48.904364
-6.0,6,48.923458
-5.5,6,48.960961
-7.0,6,48.983781
-5.666667,6,49.011298
-7.833333,6,49.034078
6.666667,6,49.051226
-17.833333,6,49.077841
-10.0,6,49.098517
7.333333,6,49.121707
12.5,6,49.140218
-13.833333,6,49.164158
-14.166667,6,49.184851
-38.166667,6,49.215486
-13.0,6,49.242948
-0.333333,6,49.261905
2.333333,6,49.29043
-13.166667,6,49.319374
-4.166667,6,49.348187
-6.0,6,49.367874
14.333333,6,49.39158
-6.666667,6,49.409726
-22.5,6,49.441707
14.5,6,49.472172
-12.833333,6,49.501352
0.333333,6,49.529965
13.5,6,49.573331
10.333333,6,49.604003
-2.166667,6,49.626712
-3.5,6,49.656147
3.333333,6,49.683743
4.5,6,49.707006
-2.666667,6,49.734674
0.333333,6,49.755975
6.333333,6,49.780424
-3.166667,6,49.796656
-5.166667,6,49.822598
-12.166667,6,49.847472
10.0,6,49.873979
-2.333333,6,49.901316
-14.333333,6,49.938349
-10.5,6,49.961888
-19.833333,6,49.986276
13.5,6,50.013526
7.666667,6,50.03593
2.333333,6,50.051506
-17.166667,6,50.072062
-21.666667,6,50.098622
-13.666667,6,50.124273
9.5,6,50.143169
5.5,6,50.165123
18.166667,6,50.210002
-3.0,6,50.238255
-0.166667,6,50.257783
9.333333,6,50.276792
-6.333333,6,50.308778
14.5,6,50.328458
-0.166667,6,50.35173
-1.666667,6,50.371761
8.833333,6,50.393924
5.666667,6,50.422263
-21.166667,6,50.447465
-23.666667,6,50.47915
-0.666667,6,50.500559
-19.166667,6,50.535028
-8.166667,6,50.562716
-14.833333,6,50.586599
-6.5,6,50.604205
2.833333,6,50.62808
8.833333,6,50.657352
-9.0,6,50.684771
-2.0,6,50.709378
-4.0,6,50.733518
6.333333,6,50.758069
2.333333,6,50.788724
-6.166667,6,50.814065
-3.0,6,50.85193
6.666667,6,50.872432
-0.166667,6,50.894447
-6.666667,6,50.908698
9.833333,6,50.930673
4.0,6,50.961802
7.833333,6,50.987996
-4.0,6,51.00938
7.5,6,51.039754
-7.833333,6,51.061602
-20.166667,6,51.09094
-30.666667,6,51.122775
7.166667,6,51.150227
6.166667,6,51.17434
8.833333,6,51.208346
1.166667,6,51.22507
-19.0,6,51.255278
10.333333,6,51.281576
-21.333333,6,51.315417
4.0,6,51.344724
-22.666667,6,51.373518
-18.166667,6,51.398054
1.0,6,51.428238
5.0,6,51.459893
-14.666667,6,51.481918
-9.166667,6,51.539851
-4.5,6,51.559407
-1.333333,6,51.581696
-7.5,6,51.609018
3.0,6,51.634148
13.166667,6,51.665348
3.5,6,51.696935
12.5,6,51.717535
1.333333,6,51.741141
11.0,6,51.766136
-1.666667,6,51.788163
-29.166667,6,51.822708
-11.5,6,51.847104
13.333333,6,51.868204
24.0,6,51.890648
-7.666667,6,51.919948
11.166667,6,51.94184
-15.666667,6,51.970008
-18.666667,6,51.996952
8.833333,6,52.016994
-18.333333,6,52.04239
-2.666667,6,52.061544
-3.666667,6,52.088034
-4.666667,6,52.11621
-5.5,6,52.140835
37.666667,6,52.17555
-3.833333,6,52.213915
11.0,6,52.235562
-17.0,6,52.26225
-4.666667,6,52.285429
-2.166667,6,52.318797
-15.833333,6,52.341857
-12.833333,6,52.371745
-3.166667,6,52.394599
1.0,6,52.416448
1.333333,6,52.437351
-2.166667,6,52.467159
18.0,6,52.494017
-10.0,6,52.506407
-1.166667,6,52.528714
-24.0,6,52.556775
-5.833333,6,52.58
9.5,6,52.597283
-9.5,6,52.615129
-16.833333,6,52.638735
-0.333333,6,52.658826
-14.666667,6,52.681758
-12.333333,6,52.699299
1.166667,6,52.731746
8.333333,6,52.761159
2.666667,6,52.80051
-25.833333,6,52.821851
1.333333,6,52.847198
-25.166667,6,52.866544
24.666667,6,52.889032
7.0,6,52.90629
8.5,6,52.925373
2.166667,6,52.954942
6.166667,6,52.981897
-13.666667,6,53.003353
2.0,6,53.02835
12.0,6,53.067509
-5.166667,6,53.098818
142.533333,6,53.111359
-12.333333,6,53.13434
-6.166667,6,53.157469
10.0,6,53.185608
-12.0,6,53.216897
-0.0,6,53.249895
21.166667,6,53.28056
133.4,5,53.301776
-7.0,6,53.331666
-18.0,6,53.358211
12.5,6,53.380381
-23.0,6,53.413115
-8.166667,6,53.451909
2.0,6,53.478539
-10.333333,6,53.504184
-9.666667,6,53.53724
16.166667,6,53.565029
17.0,6,53.592123
11.333333,6,53.620366
-19.0,6,53.64157
-6.833333,6,53.664451
-2.0,6,53.685891
-16.666667,6,53.70362
-12.166667,6,53.726259
-22.0,6,53.752635
-4.666667,6,53.772557
3.5,6,53.79956
121.8,2,53.811157
-10.166667,6,53.845268
-12.0,6,53.870333
-0.666667,6,53.896369
0.0,6,53.919766
9.333333,6,53.95466
14.833333,6,53.979715
-22.6,6,54.003268
5.0,6,54.02467
4.833333,6,54.056561
-10.5,6,54.094347
-7.333333,6,54.111129
2.166667,6,54.143725
4.666667,6,54.163977
-10.333333,6,54.179332
-8.166667,6,54.200943
17.5,6,54.224416
-2.5,6,54.240537
-12.5,6,54.273919
-1.666667,6,54.298025
17.833333,6,54.324038
-10.166667,6,54.359556
-19.166667,6,54.382135
-1.166667,6,54.404426
32.333333,6,54.427055
126.3,2,54.435184
-8.5,6,54.460765
11.833333,6,54.477626
-14.833333,6,54.500666
-11.333333,6,54.520334
-5.0,6,54.537026
-2.0,6,54.563104
7.833333,6,54.593543
6.333333,6,54.605865
21.833333,6,54.632046
3.333333,6,54.651648
3.5,6,54.690335
-0.5,6,54.715247
0.833333,6,54.738527
13.666667,6,54.765979
31.333333,6,54.782928
-17.166667,6,54.809664
7.0,6,54.83898
-8.833333,6,54.867365
0.0,6,54.887127
-9.833333,6,54.916682
6.333333,6,54.940907
2.333333,6,54.963995
-4.833333,6,54.982545
14.833333,6,55.004816
-8.833333,6,55.031497
-17.5,6,55.065681
-10.333333,6,55.093824
-16.666667,6,55.11082
12.5,6,55.134846
-7.333333,6,55.162166
9.666667,6,55.187279
19.833333,6,61.217474
-16.333333,6,61.242422
12.333333,6,61.272641
3.666667,6,61.304964
-13.333333,6,61.336007
-28.5,6,61.359102
-18.333333,6,61.37535
-9.0,6,61.392997
5.5,6,61.409671
4.166667,6,61.43096
-3.0,6,61.449154
-8.333333,6,61.467514
-6.0,6,61.488973
33.5,6,61.511607
5.5,6,61.534377
-3.0,6,61.551903
-10.166667,6,61.573855
-2.833333,6,61.60431
-9.333333,6,61.621113
-2.666667,6,61.642928
5.0,6,61.667975
17.833333,6,61.69065
-7.833333,6,61.711149
-14.0,6,61.737411
18.0,6,61.758777
-3.333333,6,61.788229
-8.833333,6,61.813691
-18.333333,6,61.833739
-14.666667,6,61.863083
16.0,6,61.900721
7.166667,6,61.919807
-13.0,6,61.941748
5.5,6,61.969253
-2.833333,6,61.994632
-4.333333,6,62.014605
-9.166667,6,62.042409
6.0,6,62.070713
-9.333333,6,62.089648
-11.333333,6,62.110124
29.833333,6,62.131751
-11.666667,6,62.157555
143.9,5,62.182031
-0.0,6,62.202314
0.833333,6,62.21899
13.333333,6,62.233651
-4.0,6,62.262655
3.666667,6,62.291044
-0.5,6,62.309882
-18.166667,6,62.335017
-6.0,6,62.354144
-11.166667,6,62.386917
8.5,6,62.409832
-6.0,6,62.433191
-2.0,6,62.456941
11.5,6,62.497279
6.833333,6,62.519392
-11.333333,6,62.544051
-5.5,6,62.561058
-32.666667,6,62.588862
-6.5,6,62.609857
2.333333,6,62.626013
-11.833333,6,62.651688
12.666667,6,62.671089
-10.5,6,62.699281
-2.666667,6,62.731298
-5.5,6,62.757851
-12.0,6,62.785099
-13.5,6,62.810321
-27.866667,6,62.833269
-3.333333,6,62.855869
4.5,6,62.874546
10.833333,6,62.895471
0.166667,6,62.913164
-20.0,6,62.936101
-4.333333,6,62.960504
12.5,6,62.986268
-7.166667,6,62.998703
-32.1,6,63.026281
-11.333333,6,63.057361
6.166667,6,63.107833
8.0,6,63.127055
22.833333,6,63.147457
14.0,6,63.172846
8.0,6,63.195919
-24.433333,6,63.227162
13.0,6,63.253856
-5.333333,6,63.27892
-15.833333,6,63.305175
2.166667,6,63.333276
-4.166667,6,63.357144
-7.833333,6,63.373549
15.5,6,63.39072
6.5,6,63.413854
-22.166667,6,63.441853
1.666667,6,63.46374
-24.0,6,63.488458
-3.166667,6,63.507303
-18.166667,6,63.528088
5.833333,6,63.551832
-4.0,6,63.578493
17.0,6,63.596198
-10.333333,6,63.614626
1.333333,6,63.629727
-12.166667,6,63.647089
-10.666667,6,63.68789
-12.666667,6,63.716754
-8.5,6,63.744903
-24.6,6,63.761304
-27.833333,6,63.786375
14.833333,6,63.803593
-7.666667,6,63.826956
17.333333,6,63.847731
-1.166667,6,63.86375
4.5,6,63.895899
-11.0,6,63.923055
-14.0,6,63.951717
-2.5,6,63.975421
7.333333,6,63.994507
-21.166667,6,64.029116
10.0,6,64.048103
0.166667,6,64.066016
-2.5,6,64.090384
3.5,6,64.112731
5.5,6,64.139655
-23.833333,6,64.156132
-22.5,6,64.181454
-14.166667,6,64.207347
-8.333333,6,64.233612
14.833333,6,64.268848
12.0,6,64.292177
13.0,6,64.318002
2.666667,6,64.342911
4.166667,6,64.368078
-5.666667,6,64.392648
-16.666667,6,64.414875
-1.833333,6,64.439041
-23.166667,6,64.464522
140.2,3,64.477962
-20.0,6,64.496989
-11.166667,6,64.518104
-7.666667,6,64.535464
12.833333,6,64.555882
-21.666667,6,64.577108
-9.0,6,64.5936
1.833333,6,64.608873
-1.0,6,64.635412
-2.5,6,64.653895
-10.5,6,64.679745
5.166667,6,64.700614
-12.5,6,64.717901
8.833333,6,64.741999
-6.666667,6,64.776957
5.666667,6,64.801724
-12.333333,6,64.818399
21.166667,6,64.84994
15.333333,6,64.870281
0.166667,6,64.899622
-16.666667,6,64.923717
-8.166667,6,64.937595
17.0,6,64.962132
-5.833333,6,64.984879
-2.333333,6,65.021281
-0.166667,6,65.045268
-4.666667,6,65.067678
10.333333,6,65.099005
13.666667,6,65.122217
-4.0,6,65.139732
133.2,3,65.152753
21.333333,6,65.177454
-5.5,6,65.19921
7.5,6,65.225191
-24.0,6,65.257352
-6.666667,6,65.280584
3.333333,6,65.309572
-12.5,6,65.332053
10.833333,6,65.360932
-4.166667,6,65.379211
-0.166667,6,65.40578
-31.0,6,65.439465
-18.0,6,65.478701
19.666667,6,65.502531
1.0,6,65.517215
2.333333,6,65.548005
4.666667,6,65.572692
4.666667,6,65.598263
-30.166667,6,65.626951
-3.333333,6,65.653392
1.666667,6,65.677305
-7.833333,6,65.698081
19.333333,6,65.718342
0.333333,6,65.748254
-2.666667,6,65.7702
0.833333,6,65.803108
15.666667,6,65.831776
2.333333,6,65.85555
-30.5,6,65.881781
2.0,6,65.910557
19.833333,6,65.932016
-13.5,6,65.964262
13.5,6,65.988085
-7.0,6,66.010892
-5.666667,6,66.036504
18.5,6,66.063763
-7.333333,6,66.07831
4.333333,6,66.116571
-12.833333,6,66.151305
-26.666667,6,66.171237
-6.166667,6,66.195311
14.5,6,66.216769
-13.166667,6,66.232587
1.666667,6,66.256294
-19.333333,6,66.27777
17.0,6,66.299211
-16.166667,6,66.331372
-11.0,6,66.368123
3.0,6,66.388177
-26.666667,6,66.416943
-17.0,6,66.441147
-16.2,6,66.468553
22.0,6,66.488243
2.166667,6,66.52257
-7.166667,6,66.544763
2.166667,6,66.562648
-11.0,6,66.582467
-15.0,6,66.605448
7.0,6,66.62888
3.666667,6,66.659478
-3.166667,6,66.682992
-1.5,6,66.706692
-5.0,6,66.744217
-0.666667,6,66.769236
-13.833333,6,66.788908
4.333333,6,66.820666
0.666667,6,66.84736
-7.5,6,66.876793
-27.833333,6,66.906566
141.7,6,66.930389
-4.333333,6,66.950227
-25.166667,6,66.973288
-10.0,6,66.991603
0.166667,6,67.016126
-7.666667,6,67.039801
-14.833333,6,67.062643
21.166667,6,67.103272
5.666667,6,67.131515
13.5,6,67.1623
-17.333333,6,67.199893
-0.666667,6,67.227394
-19.5,6,67.255625
13.333333,6,67.276783
4.0,6,67.291364
6.166667,6,67.318856
5.0,6,67.339458
-13.833333,6,67.369725
2.166667,6,67.409359
17.833333,6,67.431227
6.333333,6,67.454503
-4.5,6,67.481989
3.5,6,67.50165
-5.166667,6,67.530763
3.666667,6,67.552137
4.833333,6,67.576241
-15.166667,6,67.602791
-5.5,6,67.628514
-1.5,6,67.656322
-3.833333,6,67.67467
-11.833333,6,67.696574
7.333333,6,67.732143
-16.366667,6,67.760128
16.0,6,67.780647
17.166667,6,67.814565
-28.666667,6,67.845462
3.166667,6,67.867498
-14.833333,6,67.89432
6.5,6,67.913824
-0.833333,6,67.940213
0.333333,6,67.960763
17.5,6,67.979815
-22.5,6,68.007821
4.0,6,68.043799
-8.833333,6,68.06775
-0.333333,6,68.087089
11.833333,6,68.106661
-18.0,6,68.126708
-28.166667,6,68.149222
-6.0,6,68.173991
-4.666667,6,68.193262
157.866667,6,68.215983
6.0,6,68.239052
-3.833333,6,68.273404
-7.5,6,68.302425
29.333333,6,68.319079
-18.666667,6,68.34608
-21.166667,6,68.382873
-3.5,6,68.415633
17.333333,6,68.44421
1.333333,6,68.478063
-10.5,6,68.513272
3.833333,6,68.530229
-5.5,6,68.561321
9.833333,6,68.586466
27.833333,6,68.608759
8.0,6,68.635004
-0.666667,6,68.986076
-4.166667,6,69.02289
-5.5,6,69.053406
12.5,6,69.073356
-1.5,6,69.094656
9.0,6,69.117523
-15.166667,6,69.149851
-1.666667,6,69.178988
0.666667,6,69.207967
-4.0,6,69.229658
-9.0,6,69.260128
2.0,6,69.293289
13.666667,6,69.314395
-4.833333,6,69.344702
-3.0,6,69.368433
-9.333333,6,69.387656
-4.666667,6,69.41022
6.5,6,69.43417
-19.333333,6,69.466014
21.0,6,69.496525
-21.166667,6,69.518432
1.0,6,69.543123
-9.166667,6,69.55983
-19.833333,6,69.591559
0.166667,6,69.616565
-19.833333,6,69.638023
-9.333333,6,69.687145
-13.333333,6,69.713732
-4.666667,6,69.735233
-10.166667,6,69.757872
27.5,6,69.7877
-17.666667,6,69.818239
-14.5,6,69.850547
1.666667,6,69.879687
-2.333333,6,69.910708
-10.166667,6,69.937093
3.0,6,69.962003
6.5,6,69.982888
9.666667,6,70.008986
-4.833333,6,70.032831
-8.5,6,76.936386
-6.666667,6,76.959426
-6.333333,6,76.980301
15.666667,6,77.005398
10.333333,6,77.028872
-24.833333,6,77.049622
0.5,6,77.073912
-23.333333,6,77.100122
4.166667,6,77.120177
-2.833333,6,77.145171
-9.666667,6,77.173015
132.2,3,77.195458
4.0,6,77.213943
2.333333,6,77.240116
-4.0,6,77.256043
-11.0,6,77.279181
-2.5,6,77.309396
-28.4,6,77.335163
-25.666667,6,77.359923
13.0,6,77.383955
14.5,6,77.408258
11.833333,6,77.432156
1.5,6,77.457055
143.2,3,77.46744
-6.166667,6,77.491237
11.833333,6,77.513557
20.333333,6,77.54004
13.666667,6,77.571842
-1.333333,6,77.591337
-13.333333,6,77.649433
3.833333,6,77.675437
-6.166667,6,77.699077
-26.833333,6,77.722436
11.666667,6,77.741683
-10.833333,6,77.758318
134.3,2,77.762221
-13.5,6,77.794232
20.666667,6,77.810273
3.666667,6,77.829841
4.166667,6,77.855665
6.5,6,77.87834
1.5,6,77.902156
-11.666667,6,77.929795
-10.333333,6,77.948086
6.666667,6,77.974384
-0.333333,6,77.993239
-1.666667,6,78.018434
-18.166667,6,78.046324
-7.166667,6,78.058074
14.666667,6,78.0967
4.5,6,78.117523
-15.833333,6,78.143966
-8.0,6,78.15954
-29.666667,6,78.181464
-7.666667,6,78.202661
0.5,6,78.231287
12.333333,6,78.244112
2.5,6,78.256559
0.833333,6,78.278315
-5.166667,6,78.293198
-2.166667,6,78.310301
-14.0,6,78.34573
-6.666667,6,78.371315
-13.666667,6,78.395076
-21.833333,6,78.416764
-8.166667,6,78.427234
-0.333333,6,78.460559
-20.166667,6,78.479686
-13.666667,6,78.505368
3.666667,6,78.525806
-10.166667,6,78.545681
8.5,6,78.561785
26.166667,6,78.584357
21.5,6,78.602763
-23.0,6,78.624534
-25.7,6,78.649042
10.833333,6,78.674526
-5.833333,6,78.700001
-4.666667,6,78.717554
-2.666667,6,78.73854
-9.0,6,78.75956
-3.5,6,78.784362
-1.0,6,78.804868
-4.333333,6,78.817622
-2.833333,6,78.849049
0.5,6,78.87961
-17.166667,6,78.921804
14.5,6,78.950006
17.0,6,78.972685
-8.0,6,79.002257
0.0,6,79.023311
-7.0,6,79.049968
-14.333333,6,79.069821
17.666667,6,79.092659
-4.0,6,79.120934
-23.833333,6,79.144999
-8.0,6,79.17101
12.666667,6,79.1992
-0.5,6,79.221987
-13.0,6,79.24443
0.166667,6,79.266778
3.666667,6,79.283285
12.333333,6,79.308858
0.333333,6,79.333442
-21.666667,6,79.355419
-24.833333,6,79.380904
-8.0,6,79.401824
-3.0,6,79.420711
13.333333,6,79.462401
-6.5,6,79.49406
3.166667,6,79.521245
-1.833333,6,79.559237
5.0,6,79.584029
8.0,6,79.605761
19.166667,6,79.631616
4.833333,6,79.656015
-13.5,6,79.683284
16.333333,6,79.705343
-5.0,6,79.730346
-16.0,6,79.75807
14.333333,6,79.783575
3.666667,6,79.813905
5.166667,6,79.831981
-32.166667,6,79.851373
-5.833333,6,79.873447
4.0,6,79.905512
-6.5,6,79.93317
-10.5,6,79.951689
0.666667,6,79.98013
-15.0,6,80.005661
-10.0,6,80.037885
4.833333,6,80.066313
2.833333,6,80.092662
7.0,6,80.109863
16.5,6,80.136922
-4.666667,6,80.157317
-10.0,6,80.182528
0.666667,6,80.210694
20.5,6,80.229573
-3.666667,6,80.253301
-22.833333,6,80.281426
-7.5,6,80.313242
-11.666667,6,80.334748
14.666667,6,80.348351
7.5,6,80.364071
-4.333333,6,80.381646
0.0,6,80.40925
14.833333,6,80.444911
-26.6,6,80.46698
145.733333,5,80.485486
1.333333,6,80.502858
-0.333333,6,80.525707
-12.5,6,80.55431
-15.833333,6,80.571751
-14.666667,6,80.591092
13.5,6,80.614093
-1.5,6,80.639097
1.833333,6,80.669077
-0.5,6,80.686777
3.0,6,80.71332
0.166667,6,80.732216
-13.666667,6,80.781734
9.5,6,80.807928
-2.0,6,80.842449
-1.333333,6,80.865614
15.166667,6,80.88948
-21.533333,6,80.911032
2.333333,6,80.935399
-1.666667,6,80.958012
-1.666667,6,80.979975
6.0,6,81.003658
-13.333333,6,81.044198
14.166667,6,81.070094
7.833333,6,81.097388
5.666667,6,81.12218
-9.5,6,81.140908
18.666667,6,81.164411
-23.166667,6,81.205146
7.666667,6,81.230879
-0.5,6,81.260535
-3.333333,6,81.291206
0.333333,6,81.321668
-14.666667,6,81.356864
-13.833333,6,81.37773
2.833333,6,81.393425
14.5,6,81.423094
-15.5,6,81.470544
1.5,6,81.496996
-7.333333,6,81.529939
8.0,6,81.550742
17.0,6,81.577596
-0.666667,6,81.599966
0.166667,6,81.617594
0.0,6,81.638118
5.0,6,81.666378
8.333333,6,81.692824
-31.666667,6,81.719052
8.5,6,81.74669
-23.166667,6,81.774587
-6.5,6,81.799885
8.833333,6,81.821608
-8.5,6,81.851587
13.833333,6,81.878677
6.833333,6,81.894868
1.666667,6,81.923808
-1.333333,6,81.95736
-18.0,6,81.98278
-1.333333,6,82.003469
-5.166667,6,82.029638
-6.5,6,82.051172
-5.5,6,82.076694
-12.666667,6,82.121995
126.7,3,82.138443
10.833333,6,82.159692
-15.833333,6,82.189672
-16.333333,6,82.221313
-24.166667,6,82.257338
130.3,2,82.272599
-3.166667,6,82.301107
-9.333333,6,82.335123
1.0,6,82.355507
-2.666667,6,82.387744
-2.0,6,82.411608
-4.666667,6,82.43405
-11.0,6,82.452821
10.666667,6,82.472303
-6.666667,6,82.493981
3.166667,6,82.5217
-6.166667,6,82.556831
5.0,6,82.587704
-2.5,6,82.620782
13.333333,6,82.640485
4.5,6,82.662386
-2.666667,6,82.691513
-21.333333,6,82.714784
7.666667,6,82.738182
-4.333333,6,82.775755
2.333333,6,82.799416
14.333333,6,82.816671
-11.0,6,82.847492
13.166667,6,82.875792
-30.166667,6,82.914279
4.833333,6,82.94473
-3.666667,6,82.967253
-3.666667,6,82.993035
16.666667,6,83.017457
-10.5,6,83.044101
-11.166667,6,83.078506
-3.666667,6,83.105235
0.666667,6,83.130734
-21.166667,6,83.157542
18.166667,6,83.191787
16.0,6,83.218876
-5.833333,6,83.241106
12.333333,6,83.268416
-11.5,6,83.299761
-11.333333,6,83.329599
-15.166667,6,83.35217
-11.833333,6,83.375472
-17.333333,6,83.403393
2.5,6,83.425952
-7.666667,6,83.458985
-8.833333,6,83.484963
-10.5,6,83.509539
-24.0,6,83.535876
-4.0,6,83.567991
6.333333,6,83.600151
9.333333,6,83.631734
-2.166667,6,83.656233
-11.5,6,83.683524
-7.0,6,83.709175
-9.333333,6,83.741931
6.333333,6,83.761712
11.5,6,83.796019
3.5,6,83.819759
5.0,6,83.847391
2.666667,6,83.868291
-14.166667,6,83.893653
3.5,6,83.91416
1.666667,6,83.928929
-2.5,6,83.950898
6.5,6,83.978022
0.333333,6,84.006477
-11.333333,6,84.037123
-12.666667,6,84.065708
-13.166667,6,84.098778
5.166667,6,84.137096
17.333333,6,84.16749
-2.166667,6,84.187824
-24.833333,6,84.208805
11.0,6,84.233254
8.5,6,84.255545
-8.333333,6,84.288406
4.5,6,84.307981
-9.0,6,84.336999
-4.5,6,84.360726
8.833333,6,84.384783
-16.333333,6,84.41445
5.0,6,84.437291
13.333333,6,84.45981
-1.5,6,84.4838
29.333333,6,84.506948
10.833333,6,84.538222
19.5,6,84.567707
-24.166667,6,84.589404
12.0,6,84.608721
2.666667,6,84.636169
-5.666667,6,84.658206
12.166667,6,84.679166
-21.166667,6,84.705847
3.666667,6,84.732627
-6.0,6,84.761602
-3.166667,6,84.78148
2.833333,6,84.813591
-4.833333,6,84.846632
-9.5,6,84.877776
-8.0,6,84.906518
11.166667,6,84.94254
-13.666667,6,84.975008
-15.333333,6,85.010491
8.333333,6,85.030835
-6.5,6,85.063797
3.666667,6,85.089456
-2.833333,6,85.119781
15.166667,6,85.142773
8.5,6,85.175239
11.666667,6,85.200999
-1.5,6,85.225247
-11.166667,6,85.247716
-12.166667,6,85.280323
13.333333,6,85.304054
-13.0,6,85.333596
-7.833333,6,85.356857
0.833333,6,85.384952
-12.166667,6,85.409072
-10.0,6,85.435524
9.0,6,85.479975
11.5,6,85.507592
-7.666667,6,85.526617
-3.833333,6,85.549402
3.833333,6,85.568609
17.0,6,85.588523
-10.666667,6,85.620545
-10.0,6,85.647243
-5.166667,6,92.453358
6.333333,6,92.477716
33.833333,6,92.494321
1.833333,6,92.514438
-14.333333,6,92.540584
8.5,6,92.557461
-4.166667,6,92.576102
-15.666667,6,92.605111
-15.666667,6,92.635854
8.666667,6,92.653279
-21.166667,6,92.678832
-2.5,6,92.703739
-5.833333,6,92.726959
5.333333,6,92.750655
-4.833333,6,92.772741
-13.666667,6,92.793271
14.5,6,92.830726
-16.666667,6,92.856542
-20.666667,6,92.88424
-11.5,6,92.905724
7.5,6,92.925396
0.333333,6,92.945381
-6.333333,6,92.971387
22.666667,6,92.996042
-10.666667,6,93.02112
-6.666667,6,93.040965
-22.666667,6,93.066287
25.333333,6,93.092612
14.833333,6,93.117257
-17.333333,6,93.145594
-2.666667,6,93.179996
-7.666667,6,93.211118
5.666667,6,93.239694
-18.166667,6,93.271578
-5.333333,6,93.295556
4.333333,6,93.326449
11.666667,6,93.348321
-1.0,6,93.373001
107.2,1,93.38129
2.166667,6,93.404853
-16.0,6,93.426095
-11.5,6,93.447757
-9.333333,6,93.484378
-3.166667,6,93.50702
-20.166667,6,93.532521
0.0,6,93.560164
-18.666667,6,93.586874
5.666667,6,93.614009
9.666667,6,93.62638
12.0,6,93.648084
-8.833333,6,93.667806
-7.5,6,93.694523
4.833333,6,93.716176
-40.0,6,93.745792
42.0,6,93.767145
-1.0,6,93.787113
13.833333,6,93.811054
-8.833333,6,93.832832
-6.666667,6,93.863292
-16.166667,6,93.890606
-4.0,6,93.914106
-2.5,6,93.936988
7.0,6,93.954611
-3.333333,6,93.976768
3.333333,6,93.989464
-10.5,6,94.020289
-14.0,6,94.04818
3.333333,6,94.082229
-15.5,6,94.110109
-25.0,6,94.143012
-0.0,6,94.169726
2.5,6,94.203613
-6.666667,6,94.226499
-5.5,6,94.24952
-10.0,6,94.268025
-24.5,6,94.29564
-12.166667,6,94.310221
-19.666667,6,94.331139
-8.833333,6,94.349373
13.333333,6,94.371929
10.833333,6,94.401824
-13.666667,6,94.429846
2.166667,6,94.465485
-5.5,6,94.499622
-9.333333,6,94.528121
-1.333333,6,94.553621
14.166667,6,94.574151
27.666667,6,94.589875
-2.333333,6,94.614273
-4.666667,6,94.640418
13.666667,6,94.664179
-16.166667,6,94.695877
7.166667,6,94.723107
16.0,6,94.746285
-6.333333,6,94.764926
-8.333333,6,94.784489
-16.166667,6,94.807402
-18.0,6,94.835453
-25.9,6,94.858564
9.166667,6,94.880366
-6.333333,6,94.900177
-9.0,6,94.922051
-5.333333,6,94.945364
-22.166667,6,94.967437
-7.666667,6,94.993117
0.5,6,95.005305
-3.166667,6,95.033066
-1.166667,6,95.063258
5.333333,6,95.088522
10.5,6,95.10989
-5.333333,6,95.137186
-24.166667,6,95.168216
4.166667,6,95.190624
5.833333,6,95.216598
-2.333333,6,95.233496
7.833333,6,95.262365
2.666667,6,95.299854
-3.333333,6,95.331158
13.0,6,95.353186
-8.666667,6,95.375657
6.5,6,95.398619
3.666667,6,95.425783
-13.833333,6,95.443352
-3.833333,6,95.46733
-17.666667,6,95.489659
-0.666667,6,95.512036
-5.0,6,95.534877
-6.333333,6,95.561188
-26.033333,6,95.586613
-15.333333,6,95.614225
-19.666667,6,95.643067
-6.666667,6,95.668036
12.833333,6,95.693808
20.166667,6,95.714584
7.333333,6,95.736527
6.666667,6,95.760755
-3.5,6,95.78445
-8.166667,6,95.813972
16.666667,6,95.835001
-1.666667,6,95.858027
-12.333333,6,95.878044
-9.833333,6,95.915288
2.833333,6,95.9456
-7.0,6,95.973401
1.5,6,95.999323
-21.333333,6,96.029248
0.333333,6,96.054844
3.0,6,96.072481
-14.166667,6,96.095394
5.333333,6,96.122215
-7.0,6,96.154288
12.333333,6,96.185273
6.166667,6,96.214991
10.0,6,96.244111
-6.5,6,96.265825
-3.0,6,96.288147
-5.666667,6,96.312227
-5.5,6,96.334037
-3.666667,6,96.361992
-1.166667,6,96.391054
-16.333333,6,96.41785
4.666667,6,96.448963
7.5,6,96.471937
27.833333,6,96.494159
-18.833333,6,96.527443
7.0,6,96.556308
-18.166667,6,96.592665
-20.666667,6,96.618142
-5.333333,6,96.633706
-4.333333,6,96.663638
3.333333,6,96.687341
-7.5,6,96.705426
-2.166667,6,96.721316
-19.166667,6,96.747573
15.666667,6,96.766866
7.0,6,96.784069
0.666667,6,96.806917
-3.0,6,96.835192
-3.0,6,96.862837
11.333333,6,96.887724
0.833333,6,96.919913
2.5,6,96.943436
-5.666667,6,96.968543
12.666667,6,96.990898
-12.833333,6,97.021813
3.166667,6,97.040954
5.666667,6,97.071401
2.833333,6,97.115138
-7.166667,6,97.159626
-25.166667,6,97.194549
-7.5,6,97.21962
-11.5,6,97.254071
4.333333,6,97.276541
-7.833333,6,97.311154
-13.0,6,97.33913
-4.166667,6,97.365949
-7.666667,6,97.389136
-6.166667,6,97.409298
-9.166667,6,97.428771
-5.0,6,97.446399
-5.833333,6,97.466749
-16.833333,6,97.494701
-11.333333,6,97.519991
8.5,6,97.54587
-0.666667,6,97.566733
0.333333,6,97.586888
-0.166667,6,97.608188
34.0,6,97.629464
-0.0,6,97.651238
-17.5,6,97.677612
-3.0,6,97.698397
-2.833333,6,97.716892
-16.166667,6,97.743871
-11.0,6,97.767891
-10.166667,6,97.787746
6.833333,6,97.821332
-1.5,6,97.893681
-14.666667,6,97.935043
-13.166667,6,97.962215
-4.333333,6,97.984704
8.833333,6,98.009979
-14.166667,6,98.026041
-0.166667,6,98.045885
-9.0,6,98.075817
-17.166667,6,98.100482
4.5,6,98.128181
12.666667,6,98.148767
-28.5,6,98.172801
5.166667,6,98.189844
-9.166667,6,98.215661
-3.833333,6,98.235856
-7.5,6,98.262951
149.866667,6,98.279615
-8.5,6,98.300268
-17.5,6,98.33128
-4.166667,6,98.352455
11.0,6,98.366871
30.333333,6,98.388915
-19.166667,6,98.409821
-3.833333,6,98.445216
-5.666667,6,98.460563
-3.333333,6,98.491336
16.0,6,98.523287
6.333333,6,98.554207
3.5,6,98.580483
5.833333,6,98.600975
5.666667,6,98.623298
15.333333,6,98.650548
-9.0,6,98.670485
-13.333333,6,98.698834
-17.166667,6,98.724597
17.666667,6,98.749453
9.333333,6,98.767598
0.5,6,98.795445
-8.333333,6,98.817601
-0.333333,6,98.851901
-5.5,6,98.880271
5.833333,6,98.898054
-6.833333,6,98.920065
21.166667,6,98.938993
12.5,6,98.960731
30.833333,6,98.985071
15.166667,6,99.01279
5.166667,6,99.033537
9.166667,6,99.061227
5.333333,6,99.091929
-19.333333,6,99.132697
-1.0,6,99.151924
-4.5,6,99.182569
-11.833333,6,99.212555
-3.5,6,99.240714
13.166667,6,99.264805
-19.166667,6,99.293067
4.666667,6,99.317636
-0.666667,6,99.341416
-13.666667,6,99.369303
-15.333333,6,99.402869
11.333333,6,99.422584
0.666667,6,99.44772
-2.833333,6,99.462714
-8.166667,6,99.486875
-2.166667,6,99.513404
-5.833333,6,99.538059
-10.0,6,99.558555
-1.833333,6,99.589448
-9.5,6,99.615111
-0.666667,6,99.642642
-17.166667,6,99.660911
17.0,6,99.680853
-1.5,6,99.704488
-1.666667,6,99.728861
3.333333,6,99.778867
8.333333,6,99.802114
7.333333,6,99.820132
1.666667,6,99.838902
4.333333,6,99.865089
-2.0,6,99.893143
3.833333,6,99.919833
4.666667,6,99.950055
-19.166667,6,99.989529
-7.333333,6,100.008937
-9.333333,6,100.030904
17.166667,6,100.053037
9.5,6,100.075471
-5.166667,6,100.106539
-17.166667,6,100.128703
-11.333333,6,100.145652
-6.166667,6,100.178199
9.333333,6,100.204917
-14.666667,6,100.231088
9.5,6,100.259862
-1.166667,6,100.284491
-13.333333,6,100.310966
8.5,6,100.338932
4.5,6,100.363642
-1.0,6,100.394147
-7.5,6,100.434639
-4.333333,6,100.460676
-12.166667,6,100.48087
-11.666667,6,100.510982
-7.833333,6,100.536237
-4.0,6,100.564354
7.333333,6,100.595505
-9.5,6,100.619966
7.0,6,100.650538
15.833333,6,100.681376
-4.166667,6,100.699332
-10.0,6,100.734078
14.0,6,100.763862
-3.666667,6,100.793851
-7.333333,6,100.821648
11.166667,6,100.849994
-9.5,6,100.879511
-10.0,6,100.904225
-4.333333,6,100.936246
4.333333,6,100.961237
-2.5,6,100.990548
-9.5,6,101.01193
3.833333,6,101.038554
10.5,6,101.057781
125.8,2,101.062033
-6.833333,6,101.101348
4.833333,6,101.131583
-13.833333,6,107.330997
-4.333333,6,107.350457
-3.166667,6,107.3641
6.166667,6,107.388004
1.833333,6,107.413144
15.833333,6,107.437244
-7.333333,6,107.463406
-5.666667,6,107.483037
2.166667,6,107.517193
-12.833333,6,107.537375
-7.333333,6,107.555808
-14.166667,6,107.578643
6.166667,6,107.601545
0.166667,6,107.628634
-1.666667,6,107.645042
3.5,6,107.663928
13.0,6,107.682133
2.333333,6,107.702862
18.833333,6,107.718621
-3.333333,6,107.73859
-28.666667,6,107.764053
1.833333,6,107.782168
-11.166667,6,107.812876
-11.833333,6,107.849653
-26.5,6,107.877399
0.333333,6,107.902017
8.5,6,107.922433
-11.5,6,107.947929
4.5,6,107.976102
-21.666667,6,107.994787
-15.5,6,108.018236
-7.833333,6,108.05211
1.5,6,108.07409
-6.333333,6,108.185282
-3.5,6,108.203207
-8.333333,6,108.230761
1.0,6,108.250281
-7.333333,6,108.286369
-15.333333,6,108.314374
4.666667,6,108.336714
-5.166667,6,108.353111
-4.666667,6,108.365795
-18.833333,6,108.392467
2.833333,6,108.414237
-11.333333,6,108.440293
-8.666667,6,108.468318
-20.5,6,108.501955
-2.0,6,108.526049
130.566667,5,108.559653
-4.833333,6,108.585431
-2.0,6,108.607884
-24.333333,6,108.63162
-4.666667,6,108.65605
-13.333333,6,108.674167
6.0,6,108.704462
-0.333333,6,108.730751
-8.5,6,108.75138
16.0,6,108.769467
12.833333,6,108.786268
-12.166667,6,108.805687
-35.833333,6,108.8294
-9.0,6,108.853243
-22.166667,6,108.869185
-15.5,6,108.89107
-6.333333,6,108.92109
-22.0,6,108.943121
6.333333,6,108.962283
-29.166667,6,108.990181
-11.166667,6,109.01557
1.333333,6,109.031515
-16.333333,6,109.058067
-13.5,6,109.090855
-8.0,6,109.116726
16.166667,6,109.150719
-6.666667,6,109.187485
-2.0,6,109.207205
-14.166667,6,109.229809
10.666667,6,109.254411
-14.166667,6,109.284539
8.833333,6,109.310332
0.333333,6,109.338836
11.333333,6,109.351446
-15.0,6,109.390881
-28.5,6,109.413642
2.333333,6,109.429714
5.0,6,109.470578
1.833333,6,109.499479
-0.333333,6,109.517683
-8.166667,6,109.53676
-18.666667,6,109.562258
-10.0,6,109.580468
-3.166667,6,109.613579
2.0,6,109.640529
-18.666667,6,109.660422
0.5,6,109.676841
-11.333333,6,109.695697
-3.166667,6,109.719927
-6.0,6,109.745516
-4.166667,6,109.776855
-3.0,6,109.805948
-1.833333,6,109.831821
9.833333,6,109.852216
-14.666667,6,109.871968
-23.833333,6,109.896747
-5.5,6,109.919868
3.833333,6,109.947767
-1.333333,6,109.977131
-0.833333,6,110.00333
-12.5,6,110.031496
0.0,6,110.050879
-18.5,6,110.071978
0.666667,6,110.418628
-30.4,6,110.44682
-13.5,6,110.463159
10.5,6,110.486984
-5.0,6,110.510073
-10.333333,6,110.538018
6.5,6,110.561678
-8.333333,6,110.579461
-11.166667,6,110.607137
12.333333,6,110.631762
-11.5,6,110.657939
6.5,6,110.677203
-4.833333,6,110.711347
-17.666667,6,110.740693
26.166667,6,110.768891
-5.333333,6,110.794046
-15.166667,6,110.828441
13.0,6,110.852535
-9.833333,6,110.86997
-9.333333,6,110.893085
20.5,6,110.918573
14.666667,6,110.945083
-27.366667,6,110.978913
-2.5,6,111.008808
7.5,6,111.033727
3.166667,6,111.054513
-5.0,6,111.073603
0.666667,6,111.095775
-6.666667,6,111.119146
130.566667,5,111.139616
-5.5,6,111.172309
-9.666667,6,111.20088
-0.666667,6,111.22844
5.5,6,111.259688
19.833333,6,111.284844
2.833333,6,111.307275
1.833333,6,111.33519
-17.5,6,111.380692
22.833333,6,111.399861
-0.166667,6,111.427975
-19.333333,6,111.456538
2.5,6,111.47348
-12.333333,6,111.491576
1.833333,6,111.512572
-14.833333,6,111.528218
0.5,6,111.542526
-33.433333,6,111.563894
-2.0,6,111.586689
-14.5,6,111.61184
-1.166667,6,111.639634
3.5,6,111.658385
-13.166667,6,111.687465
2.166667,6,111.711538
-4.666667,6,111.734302
-8.0,6,111.762683
-8.5,6,111.798136
8.166667,6,111.824647
10.5,6,111.843326
-27.833333,6,111.873066
146.4,4,111.885073
1.166667,6,111.908828
0.666667,6,111.937121
-1.666667,6,111.977068
-18.333333,6,111.993191
-1.333333,6,112.018723
19.0,6,112.041072
-7.0,6,112.064587
-3.666667,6,112.089352
27.333333,6,112.107324
6.833333,6,112.128438
-6.333333,6,112.156137
-0.666667,6,112.19475
22.5,6,112.219915
8.666667,6,112.249796
6.333333,6,112.271437
11.666667,6,112.299337
5.166667,6,112.323524
-3.0,6,112.351893
-3.0,6,112.372309
2.5,6,112.396714
-2.833333,6,112.42764
-23.5,6,112.457904
-13.666667,6,112.484984
-5.666667,6,112.510005
7.166667,6,112.529112
-11.666667,6,112.556198
-3.166667,6,112.577375
2.0,6,112.617136
21.166667,6,112.641871
-3.5,6,112.661505
-9.666667,6,112.686477
4.0,6,112.706758
-17.833333,6,112.734872
-11.5,6,112.753169
2.833333,6,112.778844
-8.166667,6,112.805842
-9.0,6,112.829246
-10.833333,6,112.86041
-18.0,6,112.884755
21.166667,6,112.910494
8.666667,6,112.938772
0.5,6,112.962398
-3.666667,6,112.982591
2.333333,6,113.013892
-10.666667,6,113.040952
-3.166667,6,113.064479
-17.5,6,113.08461
1.833333,6,113.106281
-9.166667,6,113.130723
-3.833333,6,113.150161
-1.0,6,113.178728
-7.666667,6,113.209268
-17.5,6,113.255395
-2.166667,6,113.275961
4.5,6,113.289748
10.833333,6,113.31352
-2.0,6,113.340601
-2.833333,6,113.376706
12.333333,6,113.40186
-8.833333,6,113.421559
-32.0,6,113.44693
-6.833333,6,113.477026
-11.0,6,113.498044
5.666667,6,113.522913
23.666667,6,113.553455
-6.666667,6,113.571641
0.166667,6,113.605494
-2.333333,6,113.628715
-11.166667,6,113.656064
9.833333,6,113.678545
-17.833333,6,113.71059
1.166667,6,113.739347
11.833333,6,113.754136
10.333333,6,113.774935
16.166667,6,113.799724
-10.666667,6,113.825069
1.833333,6,113.840843
-15.333333,6,113.879046
-2.833333,6,113.905048
-9.333333,6,113.926587
10.0,6,113.949657
-4.5,6,113.968731
10.666667,6,113.995247
1.166667,6,114.019582
-1.333333,6,114.049985
-4.0,6,114.067967
-7.333333,6,114.092675
-11.166667,6,114.125343
-22.666667,6,114.151926
-3.166667,6,114.180555
-2.333333,6,114.206362
14.166667,6,114.229954
-24.0,6,114.258492
-24.166667,6,114.279608
-19.0,6,114.302099
1.0,6,114.325002
5.833333,6,114.354309
-6.166667,6,114.376315
-8.166667,6,114.402125
18.333333,6,114.419915
8.833333,6,114.447851
4.5,6,114.473413
-4.333333,6,114.515807
-4.5,6,114.535212
-6.5,6,114.561842
-5.333333,6,114.585915
-16.833333,6,114.613488
5.666667,6,114.631091
7.166667,6,114.661793
-16.5,6,114.692974
3.5,6,114.72086
-5.833333,6,114.743736
-2.166667,6,114.772166
16.166667,6,114.80028
14.833333,6,114.82309
-23.866667,6,114.85124
0.833333,6,114.874954
-17.0,6,114.91371
19.333333,6,114.938921
13.166667,6,114.964109
-6.166667,6,114.98539
-17.833333,6,115.013252
-7.0,6,115.03721
13.0,6,115.056814
2.833333,6,115.082264
-32.666667,6,115.118322
-2.333333,6,115.149764
-1.5,6,115.189343
-17.333333,6,115.220087
-8.166667,6,115.238245
-8.666667,6,115.254662
-9.0,6,115.273428
-1.5,6,115.304121
15.166667,6,115.325046
23.0,6,115.347611
-11.166667,6,115.368945
-16.666667,6,115.399167
-11.833333,6,115.42203
-14.833333,6,115.451393
-10.666667,6,115.475286
-3.833333,6,115.498763
-4.5,6,115.520469
2.0,6,115.54994
1.166667,6,115.56207
-0.5,6,115.596478
-8.166667,6,115.623611
16.0,6,115.642582
-5.666667,6,115.669523
-3.0,6,115.698762
13.166667,6,115.722076
1.0,6,115.748911
5.333333,6,115.771671
-12.5,6,115.819883
-9.833333,6,115.853532
5.166667,6,115.885811
147.7,3,115.89901
4.833333,6,115.925324
7.333333,6,115.947079
-6.666667,6,115.976511
-10.833333,6,116.008892
-2.0,6,116.028381
-19.5,6,116.065972
3.333333,6,116.096664
10.0,6,116.125524
-21.833333,6,116.141908
-9.333333,6,116.163855
-15.5,6,116.187542
6.0,6,116.214933
19.5,6,116.232318
-12.666667,6,116.273206
-20.166667,6,116.296512
-2.166667,6,116.317721
-2.0,6,122.276841
-14.333333,6,122.30521
-11.666667,6,122.327348
-16.833333,6,122.349057
7.5,6,122.369581
-10.166667,6,122.453698
14.0,6,122.483009
6.666667,6,122.50996
5.5,6,122.529691
9.5,6,122.553346
-11.5,6,122.575868
-7.333333,6,122.603885
-7.166667,6,122.625506
-2.166667,6,122.636618
-5.666667,6,122.66082
8.833333,6,122.679153
-22.166667,6,122.700321
-13.333333,6,122.722216
9.166667,6,122.738554
-17.333333,6,122.76388
-1.0,6,122.774856
9.833333,6,122.798829
-16.833333,6,122.82303
3.5,6,122.838336
-14.833333,6,122.856257
-5.0,6,122.877109
-0.166667,6,122.897843
36.333333,6,122.919959
-5.0,6,122.947656
-7.166667,6,122.971298
37.0,6,123.007219
2.166667,6,123.037172
-23.166667,6,123.074879
-17.5,6,123.097632
-29.833333,6,123.119395
10.0,6,123.136925
-14.0,6,123.160987
-6.166667,6,123.184519
12.666667,6,123.205109
-12.5,6,123.228941
24.166667,6,123.252736
-7.5,6,123.268846
13.166667,6,123.290366
1.833333,6,123.313367
-26.0,6,123.334884
-17.166667,6,123.360797
-7.666667,6,123.386414
-6.0,6,123.400782
-15.5,6,123.424931
-3.666667,6,123.446053
-4.166667,6,123.475744
-4.5,6,123.501938
9.5,6,123.525054
18.5,6,123.544378
-1.5,6,123.562017
5.0,6,123.607343
-22.666667,6,123.633611
-3.0,6,123.656196
28.666667,6,123.666073
3.0,6,123.686371
13.5,6,123.718627
7.0,6,123.746212
-5.0,6,123.764507
-10.333333,6,123.788765
-8.166667,6,123.818784
-15.666667,6,123.844319
-9.666667,6,123.867369
-2.5,6,123.88795
24.333333,6,123.913531
-12.0,6,123.943846
-7.5,6,123.963734
-22.0,6,123.989959
2.0,6,124.004651
18.833333,6,124.026662
28.833333,6,124.050626
-5.5,6,124.074491
20.166667,6,124.099593
10.333333,6,124.124953
-21.833333,6,124.154489
-3.5,6,124.169654
5.833333,6,124.202055
-30.666667,6,124.232365
-16.666667,6,124.261988
0.333333,6,124.279222
-4.5,6,124.311363
-6.833333,6,124.340304
-12.0,6,124.371741
-10.166667,6,124.396176
-3.333333,6,124.416388
-8.5,6,124.445894
11.166667,6,124.46906
-20.5,6,124.495399
-7.0,6,124.524942
-1.5,6,124.538734
-37.6,6,124.563282
-8.166667,6,124.584517
-12.833333,6,124.614472
6.666667,6,124.641264
15.666667,6,124.652947
2.666667,6,124.681966
-8.0,6,124.702483
8.166667,6,124.726535
-10.333333,6,124.755999
-8.5,6,124.781396
-18.666667,6,124.823111
-12.166667,6,124.849349
-0.666667,6,124.872968
0.833333,6,124.90085
11.5,6,124.917915
-20.333333,6,124.953183
-2.5,6,124.974741
-15.333333,6,124.998849
-2.333333,6,125.025826
7.833333,6,125.050315
0.0,6,125.07219
-7.0,6,125.096093
-15.5,6,125.122393
-6.833333,6,125.151935
-9.833333,6,125.180158
-7.333333,6,125.198606
-6.833333,6,125.227926
5.333333,6,125.243774
0.166667,6,125.267575
4.5,6,125.291453
9.833333,6,125.312253
12.5,6,125.334774
-14.166667,6,125.355192
-20.5,6,125.379486
-27.166667,6,125.407816
23.333333,6,125.439149
2.166667,6,125.463772
24.166667,6,125.488515
-14.166667,6,125.510969
-8.5,6,125.540031
-23.5,6,125.573226
15.333333,6,125.596045
1.333333,6,125.621805
-3.166667,6,125.646205
-6.0,6,125.67533
-11.0,6,125.704154
-8.0,6,125.723248
-8.5,6,125.739244
-12.666667,6,125.759931
0.833333,6,125.783513
10.5,6,125.804097
-18.833333,6,125.829314
9.166667,6,125.848176
-9.5,6,125.871616
-22.0,6,125.902279
1.833333,6,125.924617
-10.333333,6,125.955695
-3.0,6,125.981889
-1.5,6,126.005442
2.666667,6,126.038223
-11.0,6,126.073834
-17.833333,6,126.100635
-16.0,6,126.126743
107.2,1,126.133605
-3.833333,6,126.165739
-3.0,6,126.189994
2.0,6,126.212849
16.833333,6,126.243784
-26.666667,6,126.272941
-23.333333,6,126.28879
22.5,6,126.317631
-13.166667,6,126.349115
3.0,6,126.369956
-0.5,6,126.388045
-6.833333,6,126.408409
-33.2,6,126.428237
-9.666667,6,126.450856
-9.0,6,126.480656
6.833333,6,126.506016
3.5,6,126.520993
-6.0,6,126.546738
0.333333,6,126.56463
8.333333,6,126.585693
-1.0,6,126.609628
31.666667,6,126.629115
-18.5,6,126.656957
-9.333333,6,126.688956
-17.166667,6,126.715291
-13.0,6,126.743733
6.0,6,126.765534
-10.666667,6,126.784518
-5.5,6,126.814621
5.166667,6,126.843735
-20.333333,6,126.865128
-16.0,6,126.895541
-0.666667,6,126.914865
-5.833333,6,126.942708
-21.666667,6,126.970711
-12.666667,6,126.99097
-5.0,6,127.025267
4.666667,6,127.049012
-21.333333,6,127.074944
-6.5,6,127.095392
4.666667,6,127.119328
-2.5,6,127.146515
-22.333333,6,127.171947
-3.666667,6,127.195146
-4.5,6,127.22437
-7.666667,6,127.247481
-4.333333,6,127.274579
9.0,6,127.291741
16.166667,6,127.331525
-7.0,6,127.358176
-0.5,6,127.378665
-2.166667,6,127.405107
-6.166667,6,127.428322
7.0,6,127.44972
-10.166667,6,127.474448
9.0,6,127.492756
14.833333,6,127.521888
-8.666667,6,127.551493
4.833333,6,127.578737
-12.0,6,127.606374
-3.833333,6,127.624909
-6.666667,6,127.651473
-17.166667,6,127.682179
144.366667,6,127.708155
-3.0,6,127.739244
22.0,6,127.763211
5.333333,6,127.794143
-25.866667,6,127.814436
-6.166667,6,127.834996
14.333333,6,127.855816
-11.0,6,127.88395
6.166667,6,127.912833
-15.333333,6,127.931207
-1.5,6,127.976265
-13.666667,6,127.999913
-2.5,6,128.017675
-4.666667,6,128.043208
-5.666667,6,128.059442
-14.0,6,128.074985
22.5,6,128.108752
-18.5,6,128.136424
-3.666667,6,128.157199
10.0,6,128.181203
25.166667,6,128.202394
-10.0,6,128.228502
-2.166667,6,128.247175
26.833333,6,128.268915
-15.0,6,128.292374
-15.0,6,128.319078
-13.933333,6,128.334404
-22.5,6,128.36362
-17.666667,6,128.393384
-0.333333,6,128.415082
9.333333,6,128.450222
-12.333333,6,128.478724
-0.666667,6,128.504618
9.0,6,128.52834
-2.5,6,128.560424
-12.166667,6,128.580485
3.166667,6,128.599313
7.666667,6,128.619869
-4.333333,6,128.64208
-10.333333,6,128.657093
-11.166667,6,128.681541
-6.833333,6,128.708013
-12.0,6,128.738423
11.5,6,128.76932
10.5,6,128.793789
-7.0,6,128.817348
21.833333,6,128.849188
1.0,6,128.877144
5.333333,6,128.894735
17.5,6,128.918312
-15.166667,6,128.948686
-1.833333,6,128.96986
22.333333,6,128.99451
-7.0,6,129.015556
-6.0,6,129.041131
6.833333,6,129.064253
6.666667,6,129.087473
-10.833333,6,129.117487
-14.333333,6,129.147408
-2.0,6,129.191252
11.166667,6,129.229838
5.166667,6,129.25942
-0.833333,6,129.287061
-22.0,6,129.315387
7.0,6,129.342739
-9.333333,6,129.372671
-5.666667,6,129.404631
2.0,6,129.417763
-0.5,6,129.438555
1.833333,6,129.457648
-10.5,6,129.484428
7.666667,6,129.515131
14.666667,6,129.547277
-0.333333,6,129.576147
3.5,6,129.601199
2.833333,6,129.622465
-10.0,6,129.653465
-20.666667,6,129.68468
-3.833333,6,129.712126
-13.0,6,129.73863
-5.666667,6,129.76389
20.833333,6,129.783748
-10.833333,6,129.805774
-32.333333,6,129.826907
-0.5,6,129.855193
-12.5,6,129.87114
0.833333,6,129.896227
-7.0,6,129.916281
11.333333,6,129.938152
4.0,6,129.957079
-14.166667,6,129.973055
-8.833333,6,129.995394
20.0,6,130.021434
-4.166667,6,130.040437
1.0,6,130.070962
6.5,6,130.092522
-7.666667,6,130.130722
4.833333,6,130.15505
30.166667,6,130.180236
4.833333,6,130.193612
-10.166667,6,130.212807
-8.666667,6,130.241849
3.666667,6,130.270468
5.5,6,130.288712
-12.666667,6,130.31342
3.0,6,130.346474
-22.833333,6,130.368062
-6.666667,6,130.394611
-8.0,6,130.416014
-1.0,6,130.455086
-6.5,6,130.477097
-27.166667,6,130.501991
12.5,6,130.522713
-7.166667,6,130.541163
-5.0,6,130.572305
-4.0,6,130.598873
-18.166667,6,130.62118
-6.166667,6,130.644353
-1.166667,6,130.669779
-8.5,6,130.69531
-3.833333,6,130.727562
12.833333,6,130.752788
17.166667,6,137.766489
-1.833333,6,137.812352
-5.166667,6,137.835191
-1.833333,6,137.864921
-1.666667,6,137.882901
-2.0,6,137.909116
0.5,6,137.92357
2.666667,6,137.946261
9.0,6,137.970059
-13.666667,6,138.000017
5.0,6,138.034173
4.666667,6,138.05933
1.333333,6,138.094948
-12.666667,6,138.126919
-8.333333,6,138.145877
6.166667,6,138.174526
8.833333,6,138.209981
2.666667,6,138.23464
4.5,6,138.251166
-7.0,6,138.278497
-18.166667,6,138.309026
-1.666667,6,138.33005
25.333333,6,138.358103
-4.666667,6,138.381631
107.2,1,138.387483
-5.666667,6,138.420206
31.166667,6,138.435501
27.0,6,138.454525
-10.166667,6,138.478873
-12.666667,6,138.500576
-7.666667,6,138.530062
-4.5,6,138.555684
-11.0,6,138.583894
7.333333,6,138.603638
-2.833333,6,138.621925
11.333333,6,138.646812
-10.166667,6,138.670742
18.5,6,138.7087
-4.833333,6,138.732618
-25.166667,6,138.765004
1.833333,6,138.796009
6.5,6,138.818878
-3.0,6,138.843118
12.166667,6,138.859609
-1.0,6,138.884838
-3.5,6,138.914165
17.333333,6,138.933401
-1.5,6,138.959334
-8.666667,6,138.986868
-16.166667,6,139.008218
0.333333,6,139.031206
-3.333333,6,139.047318
-0.0,6,139.077499
-5.166667,6,139.110153
-13.666667,6,139.137356
-10.666667,6,139.153641
15.0,6,139.181608
-3.333333,6,139.211441
-22.4,6,139.243087
-16.0,6,139.271409
-13.5,6,139.301793
12.5,6,139.325842
-14.666667,6,139.365474
-7.5,6,139.383605
-7.166667,6,139.406946
1.5,6,139.429209
-14.0,6,139.448668
2.333333,6,139.471704
-7.0,6,139.498328
3.5,6,139.51912
11.166667,6,139.543221
-2.166667,6,139.56675
-21.0,6,139.590748
-0.666667,6,139.615441
-8.333333,6,139.639145
23.5,6,139.656076
14.0,6,139.681621
-4.666667,6,139.703873
0.333333,6,139.733348
14.5,6,139.76054
-18.166667,6,139.776991
-18.666667,6,139.79669
-12.833333,6,139.814958
6.5,6,139.841469
-11.5,6,139.863504
-5.0,6,139.884781
-24.0,6,139.908102
16.666667,6,139.944943
-6.166667,6,139.972634
-13.0,6,140.00015
-11.833333,6,140.023563
-1.166667,6,140.046007
-4.333333,6,140.062526
-21.166667,6,140.086022
-8.166667,6,140.105614
-1.5,6,140.124981
2.0,6,140.155638
12.5,6,140.180106
-11.666667,6,140.205271
-25.0,6,140.234253
-2.5,6,140.259151
-12.5,6,140.28962
3.0,6,140.31593
-11.666667,6,140.339704
12.166667,6,140.360058
0.166667,6,140.382207
6.5,6,140.405071
-3.166667,6,140.425041
-3.333333,6,140.449987
-13.866667,6,140.472085
-4.833333,6,140.488735
-1.5,6,140.510102
7.666667,6,140.540919
6.0,6,140.56834
-5.5,6,140.602379
-2.0,6,140.628592
8.0,6,140.648036
2.833333,6,140.667159
0.666667,6,140.688127
-11.666667,6,140.709384
15.333333,6,140.724758
-4.5,6,140.746202
15.0,6,140.76953
1.0,6,140.784891
-4.5,6,140.808414
-20.0,6,140.830261
-10.166667,6,140.85555
-6.0,6,140.878831
-21.333333,6,140.902866
9.666667,6,140.917422
-9.166667,6,140.941562
3.666667,6,140.959148
-1.0,6,140.982253
-2.666667,6,141.004607
-6.0,6,141.03058
-12.5,6,141.051749
1.333333,6,141.073252
0.333333,6,141.105199
-0.666667,6,141.123441
2.166667,6,141.148603
-18.166667,6,141.177317
9.5,6,141.199295
1.333333,6,141.226053
6.833333,6,141.246389
7.5,6,141.264994
14.0,6,141.28664
2.833333,6,141.306244
12.666667,6,141.329487
-23.833333,6,141.36272
-3.833333,6,141.37847
7.5,6,141.40613
-10.166667,6,141.426843
6.333333,6,141.455621
11.833333,6,141.477741
5.333333,6,141.500147
2.166667,6,141.520436
2.333333,6,141.538816
-19.333333,6,141.572148
-16.833333,6,141.592968
4.666667,6,141.617409
-14.5,6,141.638024
2.833333,6,141.672207
-2.0,6,141.69922
-4.833333,6,141.718684
32.833333,6,141.733245
-1.5,6,141.757723
4.833333,6,141.784718
-0.666667,6,141.806399
8.5,6,141.824831
8.0,6,141.845642
-12.833333,6,141.867112
11.833333,6,141.888286
-7.333333,6,141.913354
-2.166667,6,141.931053
11.333333,6,141.950183
12.166667,6,141.972281
8.5,6,142.000358
-1.166667,6,142.017652
12.833333,6,142.038579
-13.666667,6,142.065991
11.333333,6,142.083193
-19.4,6,142.104196
-1.0,6,142.134027
3.166667,6,142.15646
-6.0,6,142.177113
-2.5,6,142.20572
-11.666667,6,142.247521
-4.5,6,142.2729
-4.666667,6,142.29349
-11.166667,6,142.319734
-10.333333,6,142.34864
13.833333,6,142.371063
7.5,6,142.387056
-3.166667,6,142.409135
27.333333,6,142.439955
15.666667,6,142.457131
2.833333,6,142.482491
-4.166667,6,142.507398
6.833333,6,142.526837
9.166667,6,142.557034
-23.0,6,142.585749
2.333333,6,142.612627
-9.666667,6,142.644044
-9.5,6,142.676197
-13.333333,6,142.696629
3.833333,6,142.719694
-14.166667,6,142.748074
18.166667,6,142.772294
-9.5,6,142.789253
-9.166667,6,142.817926
-15.166667,6,142.841728
6.5,6,142.87945
-0.333333,6,142.901322
-9.333333,6,142.936443
6.166667,6,142.959582
20.5,6,142.98306
-15.5,6,143.006038
6.666667,6,143.030378
-14.0,6,143.058179
-14.0,6,143.087675
-7.333333,6,143.115512
4.333333,6,143.137222
-14.0,6,143.162357
-16.833333,6,143.185171
1.5,6,143.206146
-0.5,6,143.235217
-0.833333,6,143.269254
128.2,3,143.279423
2.0,6,143.314094
0.666667,6,143.328361
-5.833333,6,143.345768
8.0,6,143.371444
6.5,6,143.394302
-0.333333,6,143.422309
-4.333333,6,143.446933
-4.333333,6,143.466916
-9.666667,6,143.498394
-21.4,6,143.534244
-3.166667,6,143.571283
2.5,6,143.593306
-0.833333,6,143.617452
-11.666667,6,143.65315
-9.5,6,143.676178
7.833333,6,143.704448
-6.666667,6,143.735989
-1.533333,6,143.75469
-1.833333,6,143.770832
-0.5,6,143.790103
21.333333,6,143.809758
14.833333,6,143.831132
-22.5,6,143.860875
-21.0,6,143.895002
-4.5,6,143.918582
4.833333,6,143.943494
-21.666667,6,143.971076
-13.333333,6,143.993479
-11.333333,6,144.018618
-17.333333,6,144.045462
-5.333333,6,144.068512
-2.0,6,144.090997
-1.166667,6,144.114921
10.0,6,144.14207
-12.033333,6,144.542015
19.0,6,144.571177
-1.833333,6,144.59462
0.5,6,144.618722
-8.666667,6,144.639116
-16.666667,6,144.660883
3.0,6,144.694093
-19.0,6,144.719407
-17.666667,6,144.749332
1.333333,6,144.763003
-16.0,6,144.790808
8.833333,6,144.812442
13.0,6,144.832369
-0.166667,6,144.864211
2.5,6,144.890959
-9.833333,6,144.921362
8.333333,6,144.94293
-19.5,6,144.97414
-5.333333,6,145.004046
16.666667,6,145.025995
18.0,6,145.043189
-1.333333,6,145.067982
-13.333333,6,145.090717
-14.0,6,145.116684
13.0,6,145.138969
-0.833333,6,145.174385
-9.666667,6,145.199273
9.0,6,145.226395
-36.9,6,145.246165
-1.5,6,145.263599
15.333333,6,145.289897
10.0,6,145.303545
-0.0,6,145.328447
1.166667,6,145.360712
15.5,6,145.385275
-7.0,6,145.414844
1.333333,6,145.431651
7.666667,6,145.462439
-2.166667,6,145.483277
-10.666667,6,145.512547
-10.666667,6,145.532946
-7.0,6,145.551579
4.166667,6,145.566832
5.666667,6,145.594809
-5.833333,6,145.622611
-17.666667,6,145.653406
-0.166667,6,145.673913
3.666667,6,145.700751
2.833333,6,145.736925
-8.5,6,145.752553
128.733333,4,145.791734
-8.5,6,145.813383
7.5,6,145.83509
-9.166667,6,145.861555
-4.0,6,145.878243
-18.7,6,145.90395
2.166667,6,145.932389
3.5,6,145.956707
-19.333333,6,145.981487
-13.833333,6,146.001722
-1.833333,6,146.027741
-2.333333,6,146.058432
-8.5,6,146.086221
-5.0,6,146.117876
-10.5,6,146.145273
16.833333,6,146.165457
-6.5,6,146.189234
-3.666667,6,146.216473
5.833333,6,146.243861
-12.333333,6,146.270485
-21.333333,6,146.292661
-6.0,6,146.314498
9.333333,6,146.330764
1.5,6,146.356026
-6.833333,6,146.377534
7.166667,6,146.432712
-17.5,6,146.457526
-6.166667,6,146.486111
-1.166667,6,146.512908
-5.333333,6,146.539173
7.833333,6,146.564515
-22.0,6,153.131771
6.166667,6,153.151933
-12.0,6,153.184541
15.666667,6,153.216231
-2.0,6,153.244011
7.0,6,153.269219
-6.0,6,153.289583
0.833333,6,153.32109
6.5,6,153.341343
13.0,6,153.355931
16.5,6,153.37201
14.5,6,153.396178
-8.833333,6,153.422794
-15.0,6,153.444594
18.5,6,153.468883
-24.333333,6,153.494578
-16.833333,6,153.52316
-3.833333,6,153.539785
2.0,6,153.55535
6.166667,6,153.585938
4.0,6,153.614111
-5.833333,6,153.633208
-18.0,6,153.658885
1.333333,6,153.685663
-7.833333,6,153.710728
-17.166667,6,153.735165
-11.833333,6,153.761148
-15.0,6,153.786219
14.166667,6,153.806427
-25.7,6,153.818846
-23.5,6,153.849655
-1.166667,6,153.870271
4.0,6,153.89503
-1.666667,6,153.918192
16.333333,6,153.940968
-11.666667,6,153.965344
-9.5,6,153.985132
-3.5,6,154.009583
-11.5,6,154.030582
3.166667,6,154.061999
-9.666667,6,154.093483
-18.5,6,154.118258
7.0,6,154.141022
11.833333,6,154.164105
13.0,6,154.199941
-1.166667,6,154.227018
13.666667,6,154.259129
1.0,6,154.287857
-3.5,6,154.312737
-21.833333,6,154.331473
9.333333,6,154.351582
-7.166667,6,154.381449
-3.5,6,154.410271
6.666667,6,154.443206
34.833333,6,154.467606
-5.333333,6,154.493409
-8.833333,6,154.513887
107.2,1,154.515878
-17.333333,6,154.546936
-5.666667,6,154.571751
-6.666667,6,154.591949
-20.0,6,154.623379
-15.0,6,154.65394
7.0,6,154.681565
-18.666667,6,154.708872
17.833333,6,154.732826
-8.166667,6,154.762122
-0.333333,6,154.7781
-7.0,6,154.798251
-11.166667,6,154.843704
-13.833333,6,154.865555
1.833333,6,154.890841
-3.5,6,154.912431
13.333333,6,154.936458
14.5,6,154.958705
-12.5,6,154.985252
-17.666667,6,155.013925
-12.333333,6,155.040959
-10.833333,6,155.069473
-8.833333,6,155.096583
-10.0,6,155.120262
9.833333,6,155.144007
-13.833333,6,155.170291
-20.5,6,155.19685
-21.666667,6,155.221378
-11.5,6,155.243321
-20.166667,6,155.263762
-6.333333,6,155.289065
-13.666667,6,155.31945
1.833333,6,155.345884
-0.833333,6,155.376662
-37.166667,6,155.404606
-3.0,6,155.426209
9.5,6,155.441691
-7.166667,6,155.473604
-5.166667,6,155.492455
-5.666667,6,155.508117
-3.166667,6,155.51795
2.5,6,155.539776
-12.666667,6,155.559458
2.333333,6,155.578054
4.5,6,155.596343
2.333333,6,155.618567
-0.666667,6,155.640561
-6.5,6,155.664201
-8.0,6,155.689898
-14.0,6,155.71949
6.666667,6,155.739785
-1.333333,6,155.766453
-2.5,6,155.805679
-3.5,6,155.823256
2.5,6,155.851339
-4.666667,6,155.877821
23.0,6,155.893988
-9.5,6,155.918246
-13.0,6,155.9293
-20.833333,6,155.955576
-3.5,6,155.978976
9.333333,6,156.007974
-2.666667,6,156.035998
9.5,6,156.060843
23.166667,6,156.091914
3.333333,6,156.115651
-9.166667,6,156.13872
-15.5,6,156.167259
-7.0,6,156.194148
0.666667,6,156.218208
9.5,6,156.235661
-6.5,6,156.263913
-20.833333,6,156.286598
-9.0,6,156.309659
-6.166667,6,156.330417
-9.0,6,156.355161
10.666667,6,156.378794
-8.666667,6,156.402038
-5.833333,6,156.430946
3.833333,6,156.449343
-17.0,6,156.469144
1.5,6,156.483667
-16.833333,6,156.513879
-10.0,6,156.532402
-1.166667,6,156.556774
6.5,6,156.572639
4.833333,6,156.599358
5.166667,6,156.639979
9.166667,6,156.655485
-5.833333,6,156.67397
7.333333,6,156.687126
-5.333333,6,156.706884
-1.333333,6,156.733302
-13.166667,6,156.757768
21.833333,6,156.778687
-5.666667,6,156.808973
-1.666667,6,156.840633
-0.666667,6,156.862107
-2.666667,6,156.891159
-14.833333,6,156.91871
-5.833333,6,156.942076
-26.333333,6,156.960456
16.0,6,156.985243
32.833333,6,156.996882
-8.666667,6,157.015764
7.166667,6,157.038066
-22.166667,6,157.064986
-30.666667,6,157.092315
11.5,6,157.109354
2.0,6,157.132257
0.5,6,157.154335
-6.666667,6,157.184253
-14.666667,6,157.212033
5.833333,6,157.231349
-1.166667,6,157.251252
24.0,6,157.277746
2.0,6,157.299545
7.0,6,157.329992
-15.166667,6,157.343745
-18.666667,6,157.369822
2.0,6,157.395168
-30.333333,6,157.41482
16.833333,6,157.439967
4.166667,6,157.471104
2.0,6,157.489622
4.5,6,157.516573
-9.666667,6,157.534544
-12.666667,6,157.550153
8.666667,6,157.570759
-4.0,6,157.597021
11.666667,6,157.621323
2.166667,6,157.646528
-13.0,6,157.676927
-7.833333,6,157.702801
-9.166667,6,157.727371
-0.5,6,157.751571
-3.833333,6,157.783365
9.5,6,157.803638
-7.833333,6,157.830545
-6.666667,6,157.852455
1.5,6,157.879727
15.0,6,157.914034
5.166667,6,157.947167
-7.166667,6,157.976762
16.666667,6,157.992339
11.5,6,158.011146
13.0,6,158.038316
-20.0,6,158.056889
7.333333,6,158.086527
-5.333333,6,158.111196
-10.833333,6,158.143751
-4.833333,6,158.168855
1.833333,6,158.196774
-12.0,6,158.226239
1.5,6,158.249631
-5.5,6,158.279671
-15.166667,6,158.310383
-18.166667,6,158.338115
9.0,6,158.36791
23.5,6,158.396146
-8.833333,6,158.420281
-9.333333,6,158.461234
-17.166667,6,158.488549
-10.0,6,158.519898
4.0,6,158.539973
-9.166667,6,158.56864
1.666667,6,158.599453
14.166667,6,158.617603
-1.833333,6,158.637163
-18.0,6,158.653723
2.0,6,158.676225
-5.833333,6,158.703193
13.5,6,158.730173
25.5,6,158.758678
-2.833333,6,158.774252
-15.0,6,158.797241
21.5,6,158.817093
2.833333,6,158.841975
-12.666667,6,158.862772
-13.666667,6,158.882208
1.833333,6,158.899927
4.0,6,158.924313
18.0,6,158.944088
-12.666667,6,158.968584
17.666667,6,158.983503
121.8,2,159.001645
8.166667,6,159.023744
3.666667,6,159.059732
9.5,6,159.078296
1.5,6,159.104653
-14.166667,6,159.135655
3.666667,6,159.168758
-14.666667,6,159.197511
-17.666667,6,159.224475
3.666667,6,159.251793
10.333333,6,159.280567
3.166667,6,159.306034
6.833333,6,159.348717
-4.333333,6,159.372741
-2.5,6,159.39117
-31.5,6,159.419516
-14.833333,6,159.440026
15.5,6,159.465691
3.166667,6,159.496108
-11.833333,6,159.520844
-11.833333,6,159.546765
-12.0,6,159.57808
0.5,6,159.601142
-8.5,6,159.622201
-4.0,6,159.649578
-1.5,6,159.678479
-3.333333,6,159.703043
16.333333,6,159.751002
3.333333,6,159.773947
-1.166667,6,159.793345
-22.166667,6,159.8212
21.166667,6,159.845205
4.666667,6,159.869926
5.0,6,159.903408
-4.833333,6,159.92017
-4.0,6,159.94587
-13.5,6,159.96356
-3.5,6,159.981726
-11.5,6,160.00115
-4.333333,6,160.01915
-0.5,6,160.03459
-1.0,6,160.066344
-14.833333,6,160.093204
-15.833333,6,160.12105
-17.166667,6,160.141483
-12.333333,6,160.168811
9.833333,6,160.188543
-2.0,6,160.214971
-9.166667,6,160.232691
21.666667,6,160.260587
-2.666667,6,160.277422
2.666667,6,160.297309
-16.666667,6,160.335799
9.166667,6,160.360654
12.333333,6,160.388962
12.666667,6,160.408874
35.666667,6,160.433034
1.5,6,160.458354
7.833333,6,160.479433
-28.5,6,160.504928
-5.666667,6,160.52925
-6.833333,6,160.557418
-0.333333,6,160.574525
-6.0,6,160.601298
6.666667,6,160.627101
-11.166667,6,160.654527
-16.833333,6,160.68414
-3.333333,6,160.712998
13.833333,6,160.731255
4.333333,6,160.747157
9.666667,6,160.776392
13.333333,6,160.795539
25.333333,6,160.812038
-2.0,6,160.842039
-1.5,6,160.8627
-15.5,6,160.886497
-19.666667,6,160.909415
5.833333,6,160.946159
-2.0,6,160.978707
-0.166667,6,161.009413
18.166667,6,161.037365
13.5,6,161.063517
3.0,6,161.082812
-12.0,6,161.109131
2.333333,6,161.135212
0.5,6,161.153678
13.666667,6,161.174843
0.166667,6,161.193016
-1.166667,6,161.21593
136.566667,4,161.241439
-23.166667,6,161.274156
6.333333,6,161.303942
19.333333,6,161.334144
-0.5,6,161.357253
-1.166667,6,161.373366
3.166667,6,161.397449
1.666667,6,161.420388
-13.0,6,161.444127
11.666667,6,161.461476
11.333333,6,161.483617
-6.5,6,161.50077
-3.666667,6,167.944213
-10.0,6,167.978723
-12.0,6,168.010247
14.5,6,168.035332
8.833333,6,168.060673
-9.0,6,168.084664
-6.666667,6,168.112554
3.0,6,168.135566
6.333333,6,168.145892
27.0,6,168.169129
13.166667,6,168.19346
-12.0,6,168.213961
-3.666667,6,168.24353
0.5,6,168.290763
7.333333,6,168.335362
-5.833333,6,168.370542
-16.833333,6,168.391059
-17.5,6,168.409298
5.166667,6,168.424575
-16.5,6,168.444894
-13.166667,6,168.465038
11.666667,6,168.480128
5.5,6,168.497325
0.166667,6,168.519875
1.0,6,168.542907
-13.833333,6,168.564725
-2.5,6,168.589501
-5.0,6,168.60997
-4.5,6,168.637836
1.333333,6,168.660269
-3.666667,6,168.688176
12.5,6,168.710579
3.333333,6,168.729268
1.833333,6,168.742398
-8.5,6,168.774664
-10.5,6,168.800359
17.333333,6,168.81849
17.166667,6,168.840027
2.333333,6,168.867387
-0.5,6,168.894956
-3.5,6,168.910277
13.833333,6,168.933877
2.333333,6,168.954619
-8.833333,6,168.983715
-0.166667,6,169.011024
17.666667,6,169.026104
-0.666667,6,169.054066
-26.0,6,169.073403
4.5,6,169.105137
1.5,6,169.118796
-17.166667,6,169.14781
11.666667,6,169.184284
-15.833333,6,169.215795
-12.666667,6,169.242673
20.833333,6,169.268116
-9.666667,6,169.287067
-1.0,6,169.306809
16.666667,6,169.333502
8.5,6,169.358539
2.666667,6,169.385325
-8.0,6,169.408777
2.0,6,169.425584
22.833333,6,169.449583
19.833333,6,169.471592
-32.833333,6,169.501224
-13.5,6,169.51162
16.166667,6,169.537944
1.5,6,169.556149
6.666667,6,169.578186
6.166667,6,169.60597
-14.0,6,169.635431
-6.666667,6,169.662328
-14.166667,6,169.687113
-6.166667,6,169.710544
-0.166667,6,169.730457
-13.0,6,169.748391
-14.5,6,169.775855
-0.666667,6,169.791173
-16.0,6,169.817509
0.666667,6,169.837093
-1.666667,6,169.864699
-18.5,6,169.893659
-11.5,6,169.91392
-14.7,6,169.936388
-0.833333,6,169.961292
14.666667,6,169.982661
1.666667,6,170.004992
0.166667,6,170.027924
-22.0,6,170.05383
-2.0,6,170.080974
-2.5,6,170.104803
11.166667,6,170.131066
15.333333,6,170.149271
6.166667,6,170.178501
-7.833333,6,170.210854
-8.333333,6,170.236045
6.0,6,170.263736
4.333333,6,170.290245
-7.0,6,170.307943
-3.666667,6,170.322852
-6.0,6,170.338194
5.833333,6,170.368244
-11.0,6,170.397978
7.833333,6,170.415558
-22.666667,6,170.441002
-32.533333,6,170.463361
-1.5,6,170.490151
-21.333333,6,170.510381
14.0,6,170.53507
1.5,6,170.563912
-21.333333,6,170.590612
-4.0,6,170.608317
-25.833333,6,170.644998
13.333333,6,170.669787
-6.0,6,170.696412
-16.166667,6,170.720152
18.5,6,170.746952
-3.833333,6,170.760988
22.666667,6,170.787798
-11.833333,6,170.818089
10.833333,6,170.841274
5.333333,6,170.866875
-20.666667,6,170.893698
-8.0,6,170.907261
-15.666667,6,170.935403
6.0,6,170.962765
1.333333,6,170.99627
126.3,2,171.004647
-20.166667,6,171.025909
-9.666667,6,171.055687
-20.166667,6,171.082481
-2.833333,6,171.101247
-16.666667,6,171.127682
-10.833333,6,171.152307
-4.166667,6,171.185144
4.833333,6,171.206787
-13.5,6,171.234812
9.166667,6,171.265017
7.0,6,171.289301
23.833333,6,171.304565
5.666667,6,171.327903
10.0,6,171.346717
11.5,6,171.36858
2.0,6,171.393991
-8.5,6,171.414058
-11.5,6,171.443009
-18.833333,6,171.46269
0.666667,6,171.485842
4.166667,6,171.509012
-5.5,6,171.534275
-0.166667,6,171.558936
2.333333,6,171.580228
-15.333333,6,171.620583
17.0,6,171.647172
-24.833333,6,171.66975
-10.333333,6,171.688737
-4.666667,6,171.712992
-1.333333,6,171.742801
-4.5,6,171.771741
2.5,6,171.797515
-11.833333,6,171.821952
2.5,6,171.841078
-10.166667,6,171.865602
-1.0,6,171.900504
-4.333333,6,171.925154
14.166667,6,171.945262
-7.0,6,171.977023
-8.166667,6,171.995372
-7.333333,6,172.018892
-6.0,6,172.043508
-8.5,6,172.073501
1.0,6,172.097138
0.666667,6,172.126413
-2.666667,6,172.156577
3.166667,6,172.172117
-26.833333,6,172.200734
-21.666667,6,172.228933
-7.666667,6,172.266544
-6.5,6,172.295886
-4.166667,6,172.317235
2.333333,6,172.340961
17.333333,6,172.357635
-17.666667,6,172.384413
-4.333333,6,172.408962
-15.166667,6,172.431979
-10.166667,6,172.461405
-4.166667,6,172.488839
-1.833333,6,172.509917
14.5,6,172.526998
-6.0,6,172.546545
-3.333333,6,172.567173
11.166667,6,172.589662
-14.5,6,172.612386
3.666667,6,172.638644
-22.666667,6,172.663553
-5.666667,6,172.685822
-2.666667,6,172.709873
-20.5,6,172.737043
-11.666667,6,172.756816
-15.166667,6,172.786304
-3.166667,6,172.813924
-8.5,6,172.833287
-16.333333,6,172.872008
-3.166667,6,172.895724
-12.166667,6,172.914916
-22.166667,6,172.937356
7.833333,6,172.965488
-10.0,6,172.991012
5.333333,6,173.012553
3.5,6,173.03749
-0.166667,6,173.06245
-5.0,6,173.082301
3.833333,6,173.106985
121.7,3,173.121511
-5.666667,6,173.149735
7.666667,6,173.172401
1.333333,6,173.200125
-6.166667,6,173.225473
1.666667,6,173.251847
-2.333333,6,173.277956
-14.5,6,173.30043
9.0,6,173.329983
-16.666667,6,173.355462
-1.0,6,173.372152
-5.166667,6,173.38458
-10.666667,6,173.398712
-5.333333,6,173.437586
-3.333333,6,173.459431
-4.666667,6,173.486108
12.333333,6,173.536861
-4.166667,6,173.564792
-14.5,6,173.593448
-8.166667,6,173.623458
-10.2,6,173.648766
1.166667,6,173.670411
-6.666667,6,173.69196
16.333333,6,173.720652
-14.833333,6,173.742437
-29.666667,6,173.768475
7.833333,6,173.794844
9.333333,6,173.820605
14.166667,6,173.847269
-1.166667,6,173.873478
7.666667,6,173.899315
9.5,6,173.914325
-4.0,6,173.937456
-6.0,6,173.957631
-7.333333,6,173.97973
15.166667,6,174.003734
5.0,6,174.022526
-2.166667,6,174.045822
5.833333,6,174.072948
-1.166667,6,174.101279
-19.0,6,174.126808
10.5,6,174.150416
-12.0,6,174.176928
8.0,6,174.19928
33.5,6,174.22141
6.833333,6,174.246908
-22.0,6,174.281331
-15.5,6,174.307943
6.166667,6,174.333732
8.0,6,174.357322
-10.333333,6,174.383738
4.833333,6,174.402027
-7.333333,6,174.427595
-17.166667,6,174.449039
-14.666667,6,174.476677
15.666667,6,174.499319
-5.666667,6,174.51521
-9.666667,6,174.536854
-5.0,6,174.558314
6.5,6,174.585926
9.833333,6,174.609055
-20.833333,6,174.629443
-8.833333,6,174.65519
3.5,6,174.698429
4.5,6,174.723201
-17.0,6,174.74687
20.166667,6,174.767308
-5.0,6,174.789114
-5.666667,6,174.818719
-3.333333,6,174.834778
-18.666667,6,174.864897
0.333333,6,174.895245
-15.0,6,174.922386
-3.833333,6,174.953592
-9.666667,6,174.970141
2.5,6,174.988891
-1.166667,6,175.016789
-15.333333,6,175.049043
-2.833333,6,175.084564
-15.166667,6,175.106652
-6.833333,6,175.14274
-1.5,6,175.171186
12.333333,6,175.202691
10.166667,6,175.223559
7.666667,6,175.254472
3.333333,6,175.274508
0.5,6,175.306716
148.4,5,175.325596
8.833333,6,175.355428
-10.333333,6,175.382087
-7.0,6,175.407035
-19.833333,6,175.422745
-9.0,6,175.451069
-6.166667,6,175.478554
12.166667,6,175.503153
12.5,6,175.524169
-8.666667,6,175.536155
19.0,6,175.559961
-9.166667,6,175.589873
-12.166667,6,175.619234
-2.666667,6,175.632343
0.333333,6,175.65834
12.833333,6,175.688798
-5.5,6,175.717902
1.333333,6,175.745965
-8.5,6,175.768111
2.0,6,175.788958
-6.166667,6,175.811253
-1.5,6,175.829764
0.833333,6,175.858423
-13.166667,6,175.882659
-9.5,6,175.896076
13.833333,6,175.931624
-17.333333,6,175.965211
-18.0,6,175.989168
-1.166667,6,176.010581
-6.166667,6,176.037805
-13.166667,6,176.056875
2.333333,6,176.080156
16.666667,6,176.10315
31.666667,6,176.130193
-4.5,6,176.158967
-4.333333,6,176.177792
-9.666667,6,176.196625
2.333333,6,176.21642
-5.333333,6,176.264504
21.666667,6,176.283262
144.733333,5,176.309949
-18.5,6,176.343915
-4.5,6,176.373333
-5.833333,6,182.854107
-1.166667,6,182.875198
20.666667,6,182.894447
17.666667,6,182.91042
-16.166667,6,182.941763
-1.5,6,182.960745
3.833333,6,182.973851
18.0,6,182.993152
-7.333333,6,183.026717
-10.666667,6,183.056028
8.166667,6,183.080445
-8.666667,6,183.095995
-2.833333,6,183.126922
-3.666667,6,183.155519
-0.666667,6,183.179964
5.166667,6,183.198985
-17.5,6,183.227852
1.833333,6,183.25142
-10.166667,6,183.274683
-7.0,6,183.298946
3.333333,6,183.324031
3.0,6,183.338704
-1.0,6,183.361655
-5.833333,6,183.382367
-36.833333,6,183.409261
-1.333333,6,183.432177
-23.0,6,183.45932
4.666667,6,183.482743
15.166667,6,183.497409
-3.833333,6,183.523576
3.166667,6,183.547397
11.5,6,183.569581
3.666667,6,183.588027
-1.166667,6,183.62148
12.166667,6,183.637337
4.833333,6,183.666739
-4.833333,6,183.691678
10.333333,6,183.704329
-0.166667,6,183.729142
-11.166667,6,183.754373
30.833333,6,183.77122
-13.666667,6,183.79338
-2.666667,6,183.817739
-5.166667,6,183.840405
7.833333,6,183.861254
19.833333,6,183.889602
5.5,6,183.911631
-8.333333,6,183.934121
2.166667,6,183.957378
-14.5,6,183.986647
-0.5,6,184.014548
3.166667,6,184.038002
-12.166667,6,184.064448
-13.833333,6,184.078574
-2.833333,6,184.101857
-21.0,6,184.12235
9.5,6,184.148285
0.833333,6,184.169088
-24.666667,6,184.204494
-2.5,6,184.231886
7.5,6,184.249411
12.666667,6,184.275774
-18.833333,6,184.29938
-7.0,6,184.323264
0.833333,6,184.344286
10.166667,6,184.370542
20.0,6,184.393166
0.0,6,184.417254
21.666667,6,184.43937
-0.333333,6,184.45804
26.166667,6,184.81962
7.5,6,184.838477
-15.0,6,184.86576
-11.5,6,184.884989
-3.5,6,184.908079
-13.333333,6,184.938179
21.833333,6,184.958366
-9.166667,6,184.985139
20.333333,6,185.002593
-3.0,6,185.028511
13.666667,6,185.052626
-3.166667,6,185.075448
-18.0,6,185.092793
-11.833333,6,185.129903
3.833333,6,185.148206
-7.166667,6,185.1709
0.333333,6,185.19619
-4.333333,6,185.216411
1.5,6,185.23673
-8.0,6,185.260861
7.666667,6,185.290255
-0.833333,6,185.316835
-3.0,6,185.341833
4.833333,6,185.36521
-5.666667,6,185.385368
-11.0,6,185.400575
26.5,6,185.428421
6.166667,6,185.449961
-3.833333,6,185.467527
-22.666667,6,185.491874
-7.0,6,185.51153
3.666667,6,185.529802
5.5,6,185.554798
9.166667,6,185.575347
10.833333,6,185.59613
2.666667,6,185.615407
2.5,6,185.648841
-21.0,6,185.668504
10.0,6,185.699686
16.666667,6,185.72435
12.5,6,185.752802
-10.0,6,185.79505
15.5,6,185.817398
16.0,6,185.84146
-15.833333,6,185.87452
-15.666667,6,185.895979
7.833333,6,185.926442
-20.666667,6,185.949789
15.0,6,185.975492
-12.0,6,185.995004
-16.833333,6,186.026348
-3.666667,6,186.051338
30.5,6,186.075099
-15.666667,6,186.102034
11.5,6,186.131197
9.5,6,186.146371
5.333333,6,186.168524
-9.0,6,186.191637
6.666667,6,186.211179
22.833333,6,186.234417
-5.833333,6,186.251837
0.5,6,186.274327
-7.166667,6,186.305382
12.5,6,186.343548
14.0,6,186.367783
3.833333,6,186.390145
3.666667,6,186.404831
9.0,6,186.433727
3.333333,6,186.461999
130.233333,5,186.481738
4.833333,6,186.513233
-5.5,6,186.541196
-5.666667,6,186.561868
-24.666667,6,186.582443
-4.166667,6,186.60608
-13.0,6,186.635875
17.333333,6,186.66273
5.666667,6,186.691376
-14.666667,6,186.721557
-5.666667,6,186.73714
2.166667,6,186.758005
22.333333,6,186.786772
-2.666667,6,186.812221
5.0,6,186.835537
-15.333333,6,186.866131
5.833333,6,186.887564
-10.833333,6,186.923671
-4.666667,6,186.977018
-9.833333,6,187.021018
-13.333333,6,187.065464
-7.0,6,187.225776
26.666667,6,187.31851
-11.166667,6,187.416715
16.166667,6,187.490358
-2.833333,6,187.556016
-12.666667,6,187.636683
-2.833333,6,187.738117
-13.333333,6,187.815284
-22.166667,6,187.905466
-7.833333,6,188.019384
12.666667,6,188.108221
-5.666667,6,188.190448
5.0,6,188.297887
1.5,6,188.441824
-9.5,6,188.554697
134.7,3,188.601838
-7.666667,6,188.690433
11.666667,6,188.743849
-4.5,6,188.824199
8.5,6,188.941192
-6.0,6,189.025539
107.2,1,189.057071
-3.333333,6,189.12044
9.0,6,189.299721
-21.166667,6,189.387435
7.0,6,189.490797
-13.333333,6,189.620971
-26.166667,6,189.716121
107.2,1,189.745061
-46.5,6,189.822496
-9.333333,6,189.904058
17.833333,6,189.985215
-10.5,6,190.064651
-12.5,6,190.150382
-22.5,6,190.229702
8.333333,6,190.322391
12.666667,6,190.414301
26.166667,6,190.469537
2.833333,6,190.563858
-2.333333,6,190.623154
8.166667,6,190.706542
-19.833333,6,190.833629
-19.833333,6,190.951641
-5.0,6,191.022197
-8.833333,6,191.086939
2.833333,6,191.187138
-9.833333,6,191.285593
-9.166667,6,191.392858
132.066667,5,191.445521
-10.0,6,191.638991
28.0,6,191.75134
-12.666667,6,191.83998
-16.166667,6,191.97736
-12.166667,6,192.095431
3.0,6,192.22881
8.166667,6,192.279726
-4.666667,6,192.355765
-1.866667,6,192.422867
8.666667,6,192.496814
4.166667,6,192.553814
-22.833333,6,192.658547
14.666667,6,192.71835
8.0,6,192.804677
-8.5,6,192.89285
-6.666667,6,192.989295
-7.0,6,193.080254
1.0,6,193.149147
-11.0,6,193.287965
1.0,6,193.360474
-1.666667,6,193.457425
22.333333,6,193.528655
0.5,6,193.593369
17.666667,6,193.6939
-22.166667,6,193.787902
-8.333333,6,193.952881
6.0,6,194.049826
17.333333,6,194.107184
-10.333333,6,194.166322
-6.166667,6,194.243038
-2.833333,6,194.326808
-14.666667,6,194.420676
-23.166667,6,194.494336
34.333333,6,194.592878
-4.333333,6,194.673784
-2.0,6,194.751484
3.333333,6,194.797992
10.0,6,194.863848
-5.166667,6,194.933073
-9.166667,6,195.007597
-7.0,6,195.083
7.0,6,195.172019
-2.833333,6,195.248333
-0.666667,6,195.332059
-16.0,6,195.429697
1.333333,6,195.523892
5.333333,6,195.602296
20.166667,6,195.705447
-14.833333,6,195.834171
24.833333,6,195.951549
18.0,6,196.158182
-17.833333,6,196.269318
-13.0,6,196.351295
5.833333,6,196.433013
12.5,6,196.504473
-11.666667,6,196.577575
-12.833333,6,196.683444
11.833333,6,196.746337
-14.333333,6,196.837739
-0.833333,6,196.907252
-24.5,6,197.006964
12.666667,6,197.158118
0.833333,6,197.255904
-3.666667,6,197.314831
-23.166667,6,197.413521
-10.5,6,197.51312
-2.0,6,197.610329
4.0,6,197.697586
0.333333,6,197.789217
-36.4,6,197.881781
-11.333333,6,197.967563
0.5,6,198.052501
-5.166667,6,198.103513
6.0,6,198.202564
-11.333333,6,198.354925
-12.5,6,198.538455
-26.666667,6,198.634566
-19.166667,6,198.702523
24.5,6,198.798576
27.833333,6,198.897146
-21.0,6,198.999619
8.666667,6,199.0383
-5.666667,6,199.123928
-18.0,6,199.212411
1.833333,6,199.313356
12.166667,6,199.392399
-11.333333,6,199.482663
2.166667,6,199.593934
-4.833333,6,199.660311
6.166667,6,199.743758
-4.0,6,199.825875
-2.5,6,199.895339
1.333333,6,199.978676
-12.166667,6,200.086123
16.666667,6,200.202518
-17.166667,6,200.288151
4.833333,6,200.400609
2.0,6,200.494582
-8.0,6,200.596978
-6.166667,6,200.748235
-28.166667,6,200.96644
-20.0,6,201.076806
19.833333,6,201.164109
-14.333333,6,201.23583
-3.5,6,201.287379
0.0,6,201.355426
-8.833333,6,201.472615
16.0,6,201.568586
-5.333333,6,201.678469
-18.5,6,201.761729
13.5,6,201.890764
-8.5,6,201.954196
7.666667,6,202.091504
-4.166667,6,202.206794
-5.5,6,202.286638
-7.0,6,202.375652
3.0,6,202.477322
-4.666667,6,202.54924
-3.166667,6,202.622343
-20.5,6,202.717801
5.0,6,202.772382
5.166667,6,202.861972
-10.666667,6,202.92967
1.5,6,203.027035
0.166667,6,203.17566
12.5,6,203.238592
-16.833333,6,203.369829
6.666667,6,203.434745
8.166667,6,203.477965
9.0,6,203.580779
-1.5,6,203.673119
12.833333,6,203.775581
4.5,6,203.866781
8.833333,6,203.923578
-15.5,6,204.037644
3333,6,202.630971
4.5,6,202.724256
-6.166667,6,202.778378
-17.333333,6,202.870538
13.5,6,202.936809
24.333333,6,203.034294
-25.5,6,203.184467
-8.5,6,203.247451
-23.333333,6,203.378212
-11.0,6,203.440429
1.5,6,203.484455
0.5,6,203.590886
0.5,6,203.679262
-0.333333,6,203.784079
-5.166667,6,203.872986
1.666667,6,203.93023
12.166667,6,203.910304
6.166667,6,204.007497

6.5,6,203.514619
-4.666667,6,203.62764
0.333333,6,203.719431
0.666667,6,203.81841
-24.833333,6,203.904584
-4.666667,6,203.974368
