#{"t_start": 1761527153.383531, "env_id": "None"}
r,l,t
18.6,6,1.397506
-1.3,6,1.435919
-33.1,6,1.467374
-36.2,6,1.501564
-7.45,6,1.534272
-14.5,6,1.559851
-9.1,6,1.589946
-16.55,6,1.617436-2-6.1,6,1.64939
-25.7,6,1.669537
-16.35,6,1.69878-2.-21.25,6,1.72775.4,8.95,6,1.754-8.7,-18.3,6,1.784.05,6-5.05,6,1.8-1.65,6-11.1,6,1.-1.95,6,-14.35,6,1-24.6,6,1.913418
-5.85,6,1.945891
-9.3,6,1.976734
9.35,6,2.007889
12.9,6,2.034451
-10.25,6,2.064551
-30.4,6,2.102002
13.4,6,2.120926
-12.75,6,2.162979
3.4,6,2.19138
-12.35,6,2.226229
1.15,6,2.263585
-5.65,6,2.293122--15.9,6,2.334399--6.55,6,2.358238-9.05,6,2.394932
9.4,6,2.41948
-11.7,6,2.449327
-11.15,6,2.479761
-12.05,6,2.537254
-1.05,6,2.573564
-7.4,6,2.604364
-8.5,6,2.629229
-15.65,6,2.676449
-19.3,6,2.704005
-11.0,6,2.736571
0.55,6,2.762745
-3.75,6,2.793209
-13.1,6,2.829012
-9.5,6,2.855716
15.2,6,2.881954
-13.75,6,2.916132
-2.95,6,2.941894
0.05,6,2.979223
-14.75,6,3.00062
-14.7,6,3.027947
2.05,6,3.06531
-21.35,6,3.101468
-20.85,6,3.139502
0.45,6,3.16272
5.0,6,3.189088
-9.15,6,3.221281
-19.95,6,3.24793
-23.75,6,3.282791
-11.5,6,3.318831
-3.2,6,3.349941
-2.35,6,3.3985
-15.2,6,3.439612
-7.7,6,3.480085
15.15,6,3.521332
-6.2,6,3.568971
-10.9,6,3.594911
5.0,6,3.633652
10.45,6,3.673317
-5.25,6,3.703056
-4.6,6,3.764499
0.85,6,3.806469
-12.9,6,3.84965
4.2,6,3.918244
-16.3,6,3.948624
-16.9,6,3.973735
-8.05,6,3.995695
-5.4,6,4.026803
1.2,6,4.08263
-0.55,6,4.113214
-3.9,6,4.137196
-17.9,6,4.167408
5.45,6,4.20173
10.15,6,4.269721
6.5,6,4.317982
5.3,6,4.356237
-1.3,6,4.384501
-7.95,6,4.411557
12.05,6,4.429408
-22.1,6,4.45671
-10.25,6,4.478518
-2.05,6,4.516784
-1.4,6,4.550154
-27.7,6,4.597438
-10.0,6,4.629242
-12.1,6,4.658081
-10.55,6,4.684666
-0.65,6,4.712012
6.6,6,4.755905
-17.65,6,4.786891
0.8,6,4.82064
-18.55,6,4.858887
-8.7,6,4.881649
1.8,6,4.916056
21.1,6,4.937129
-23.95,6,4.974404
0.0,6,5.009346
-5.2,6,5.048191
-10.55,6,5.079453
-20.0,6,5.1034
-4.4,6,5.135885
-6.2,6,5.170888
-3.95,6,5.201009
-4.35,6,5.233846
-3.8,6,5.25891
-12.45,6,5.291965
143.2,2,5.304959
-11.6,6,5.338857
-19.1,6,5.371311
-19.95,6,5.395443
-14.15,6,5.430748
-11.35,6,5.452615
-7.3,6,5.484695
-5.15,6,5.520646
129.-226.3,6,5.54--19.-26.8,6,5.5637--2--12.9,6,5.582112--2.85,6,5.60486112-29.85,6,5.63889.25-14.25,6,5.67-13.0-9.35,6,5.705-24.-8.75,6,5.73-1-5.2-14.3,6,5.76-9-25.23.2,6,5.79-1813.31.25,6,5.8-7.710.-4.7,6,5.86-8.4.0-17.6,6,5.8-6.-7.5-23.75,6,51.7-17.0,-19.9,6,-26.11.55,-4.65,6,5-16-8.7,6-19.4,6,6.-2.05,6,19.15,6,6-7.05,6,6-3.35,6,6-15.85,6,-14.7,6,69-11.9,6,4.35,6,21.15.15,6-10.5,6-8.1-23.0,6-14.05,-21.-4.65,6,-40.55-16.-25.05,6,-3.7-17.9-37.8,6,6.25,66.8,-18.2,6-6.2,1.75,611.25,-3.75-20.55-5.95,6-9.4,67.15,-7.8,66.35,60.5,6-12.7,-4.52.15,6,6-23.82.45-18.7,6,6-21.-21.1-18.9,6,617.4,-3.3-14.8,6-12.65,3.35-35.05,6-7.7,-4.9,66.45,6-3.8,-25.2,-10.65-16.5,-13.15,-13.7.4,6,6-22.6,6,3-8.85,6,-5.75,6,-7-3.95,6-13.55,6,-3-10.2,6,-17.15,6-6.4,62.1,6-9.1,6-2.850.6,6,-10.8,65.410.15,6,-0.35.2,6,-7.85,6,-015.0,6,6-8.3,6,61-18.85,6-2.3,6,-5.013.95,-12.15,6-0.917.55,6-14.7,-17.1-18.95,-16.65,-1.510.9,6,72.4,6-8.75.9,6,716.4,6-2.3,6,7.06-0.2,6-13.3,6,7.0-16.85,-15.05,6,7.1-3.05,6-3.05,6,7.1-12.25,5.25,6,7.184-3.7,-9.7,6,7.217-13.6-20.0,6,7.254-14.5-13.05,6,7.27-10.75-6.45,6,7.299-26.0-14.65,6,7.33-22.5,7.2,6,7.3654-17.4.7,6,7.3979815.-27.25,6,7.41986.45-9.4,6,7.437911.1-20.6,6,7.47-18.45-4.0,6,7.4981-15.-8.4,6,7.5222316.-16.45,6,7.55285.85-1.2,6,7.5934.55,17.65,6,7.62-5.95,22.0,6,7.656-4.7,15.95,6,7.6-0.15,6-5.3,6,7.72-17.6-29.4,6,7.7474-12.-26.95,6,7.7822-30.6.45,6,7.81042-20-17.85,6,7.84248-10-15.3,6,7.87627-210.2,6,7.899808-4.55,6,7.925928
-17.35,6,7.954736--14.05,6,7.982161-6-22.75,6,8.01385.85-10.5,6,8.037-19.412.45,6,8.0641.3,6-22.5,6,8.09203
-21.15,6,8.124317
-5.25,6,8.149091
-23.0,6,8.171788
-8.6,6,8.199989
-1.55,6,8.229908
-24.8,6,8.26243
-15.3,6,8.298586
11.5,6,8.322074
-13.3,6,8.353982
-8.35,6,8.377017
-1.0,6,8.400583
-20.7,6,8.436251
0.6,6,8.46277
2.35,6,8.500566
1.7,6,8.53403
-4.75,6,8.569858
-14.8,6,8.604877
-4.05,6,8.643038
-17.45,6,8.688444
-11.35,6,8.723925
-15.7,6,8.750041
-5.4,6,8.77583
6.15,6,8.803233
-28.7,6,8.842366
-12.85,6,8.896064
-22.45,6,8.919596
-7.2,6,8.951122
-19.2,6,8.983498
-13.0,6,9.018615
19.85,6,9.039475
-29.65,6,9.06661-20-1.2,6,9.102896--14.8,6,9.135974
-6.0,6,9.160755
-7.7,6,9.192517
2.65,6,9.220331
-12.5,6,9.265417
-24.2,6,9.298327
16.2,6,9.331731
-10.0,6,9.354951
-7.75,6,9.379572
4.0,6,9.408684
18.05,6,9.44506
-25.05,6,9.484104
-1.45,6,9.50914
-20.05,6,9.5418752-9.7,6,9.579152-8-4.25,6,9.608570.3-7.85,6,9.64711.855.65,6,9.6845-11.-5.8,6,9.7055015.-20.35,6,9.744-1.15-15.8,6,9.768-8.75-29.85,6,9.80-13.9,1.4,6,9.82-3.5,-10.85,6,9.4.35,6,9-16.45,6,-14.75,6,-7.9,6,9.9-2.05,63.85,6,9.9414.65,-12.4,6,9.964.8,-21.95,6,10.-13.75,-13.6,6,10.02-6.1,63.1,6,10.049-32.1-13.95,6,10.06-10.1-17.4,6,10.1020-29.-6.55,6,10.125468.1-2.8,6,10.1457-8.6-13.6,6,10.1653-24.-10.45,6,10.1917-3.9-11.95,6,10.211-9.1,2.75,6,10.243-15.0-22.0,6,10.276-7.85-11.9,6,10.296.0,6,-11.1,6,10.-9.75,6,-12.15,6,121.55,6,10-16.95,6,-27.95,6,10-6.5,6,10-1.4,6,10-19.6,6,-17.25,6,10-4.25,6,18.1,6,10.5-26.95,-0.85,6,10.5-14.0,6-16.6,6,10.12.55,6,-13.5,6,10.-11.0,6,-6.4,6,10-9.4,6,10-24.95,6,-23.55,6,104.45,6,10-5.2,6,10-22.05,6,3.65,6,10.7-29.0,10.8,6,10.768-18.2-2.7,6,10.7940-11.-17.2,6,10.82699-6.-23.6,6,10.85795-18-19.0,6,10.891968-9-1.75,6,10.9178314.-1.0,6,10.94707312-18.55,6,10.97119-12-20.2,6,11.00486-3.-2.55,6,11.02930-3.-13.8,6,11.05804-1.-8.45,6,11.094--11.05,6,11.12408
-8.35,6,11.15103-401.35,6,11.169751-4-8.7,6,11.1911340.4.65,6,11.218063-1-9.0,6,11.242651--1.5,6,11.260805--34.05,6,11.28788
-13.85,6,11.316938--24.25,6,11.352252-2-14.85,6,11.3852-13.-17.0,6,11.43554-3.-5.2,6,11.473408.1-3.35,6,11.4955-9.3-18.75,6,11.528.35,6-14.2,6,11.5-4.8,6,-7.05,6,11-11.6,6,1-27.2,6,11-0.1,6,1110.15,6,139.0,6,11.141.55,6-25.5,6,11.721.85,6-4.2,6,11.746.4,6,2.9,6,11.77-4.65,-4.4,6,11.809-4.1,-3.0,6,11.83-3.8,6-7.9,6,11.834.55,6-22.5,6,11.8-8.5,6,-25.85,6,11-6.5,6,1-17.75,6,16.5,6,11.98.8,6,1-9.7,6,11.-14.1,6,-9.5,6,12.0-34.8,6-12.45,6,12.-17.45,6-17.0,6,12.0-22.55,-11.3,6,12.11-2.1,6-7.5,6,12.14-2.95,-13.35,6,12.1-0.65,6-0.25,6,12.2-24.25,-17.75,6,12.2-9.4,6,-9.4,6,12.29.05,6,-15.75,6,1228.75,6,1-10.6,6,12-4.35,6,1-4.4,6,12.28.65,6,-11.55,6,12-26.0,6,1-12.2,6,12-10.75,6,-7.25,6,12.-1.45,6,-19.2,6,12.-9.85,6,-18.4,6,12.-18.3,6,-21.5,6,12-13.0,6,113.25,6,1217.6,6,1--21.6,6,1-13.2,6,1--8.35,6,1-14.85,6,--10.05,6,1-20.2,6,-10.0,6,12.-11.1,6,8.15,6,12.7-18.6,6-31.6,6,12.7-13.3-2-2.6,6,12.78-22.8-14.9,6,12.8-3.0,6--11.65,6,12-13.25,-6-20.1,6,12.-21.0-8.-10.55,6,12.-13-11.6-6.05,6,12.-9.320.8-4.25,6,114.90.8,6,15.35,6,118-9.55,6,4.3,6,13.-1-5.25,-21.55,6,130.-3.1,6,-4.35,6,-12-24.7,6,2.7,6,13.-1-31.351.65,6,13.130.-13.-6.25,6,13.167143.1-3.2,6,13.2014-4.47.45,6,13.22890.6,-17.1,6,13.26-21.8,-5.4,6,13.283-26.5-13.45,6,13.316-4.65-13.75,6,13.35-3.65,-17.6,6,13.38-21.9,3.45,6,13.41-16.2,-17.1,6,13.4-1.1,6,-12.65,6,13-13.25,66.8,6,13.5050.4,625.65,6,13.5-17.4,6-5.8,6,13.56-11.7,26.4,6,13.587-11.6-3.15,6,13.6140.3,6-22.3,6,13.6-6.8,6,-12.55,6,13-28.9,6,-16.45,6,13-22.5,6,1-15.25,6,1-26.65,6,1-11.15,6,13.45,6,13.14.6,6,1-16.2,6,138.25,6,13-5.15,6,1-16.7,6,13-42.3,6,116.3,6,13.-5.3,6,1-0.9,6,13.-14.95,6,13.963977
-17.5,6,14.003166
-0.35,6,14.03388
-8.8,6,14.066101
-13.8,6,14.096442
-15.5,6,14.122301
-8.55,6,14.150497
13.8,6,14.181576
-12.55,6,14.207472
-23.55,6,14.225338
-17.65,6,14.257204
-1.3,6,14.311468
-16.3,6,14.336055
-17.0,6,14.359417
7.05,6,14.388986
-10.1,6,14.417783
-4.45,6,14.45169
10.5,6,14.495564
-14.2,6,14.531003
5.75,6,14.56024
-7.4,6,14.586688
6.95,6,14.615715
-14.0,6,14.643955
-12.5,6,14.673776
-14.45,6,14.707603
-16.95,6,14.742427
-13.65,6,14.772123
-0.05,6,14.802761
4.7,6,14.825189
-20.45,6,14.847774
-16.7,6,14.882042
-6.65,6,14.915298
25.85,6,14.944324
13-28.65,6,14.976480.0-2.6,6,15.00762-14-19.45,6,15.0393-5.1-6.4,6,15.0733-21.-13.5,6,15.1170-13.2.1,6,15.148009-2-10.95,6,15.18638.5-22.85,6,15.211-29.4-11.4,6,15.241-6.7,-41.2,6,15.32-12.45-12.45,6,15.36-5.3,68.9,6,15.416-20.01.35,6,15.4460-14.2.35,6,15.47706-12-21.6,6,15.51449-2.-5.25,6,15.54753-17.95,6,15.570995--18.35,6,15.596963-1-21.65,6,15.62535-11-13.25,6,15.65631.252.3,6,15.68314-34-4.2,6,15.711208-4-2.85,6,15.734998-115.6,6,15.760877
-8.2,6,15.796088
-10.6,6,15.830562
-5.45,6,15.86015
-6.8,6,15.894937
3.55,6,15.924656
6.55,6,15.954624
-15.65,6,15.979509
-15.3,6,16.007259
-25.25,6,16.037209
-6.05,6,16.067182
-6.7,6,16.10737
16.9,6,16.132439
-14.35,6,16.155222
-34.45,6,16.18647
-17.3,6,16.215418
-4.6,6,16.250975
-5.65,6,16.278343
-8.1,6,16.308542
-11.75,6,16.340174
6.95,6,16.367095
4.9,6,16.398125
-10.05,6,16.432951
10.7,6,16.463293
-22.0,6,16.493726
-2.45,6,16.513772
-20.65,6,16.547241
-15.25,6,16.5727781-12.0,6,16.6015161-2.25,6,16.62448713.25,6,16.656719
1.25,6,16.683516
5.6,6,16.708575
-4.2,6,16.735231
0.35,6,16.758694
-10.15,6,16.782845
-30.6,6,16.83461
-13.35,6,16.870048
-7.6,6,16.912047
0.3,6,16.941768
-29.9,6,16.976139
5.8,6,17.005663
-0.05,6,17.043475
-5.0,6,17.073406
-19.9,6,17.113709
-7.8,6,17.147122
-16.4,6,17.175769
-9.45,6,17.202572
6.3,6,17.23227
-7.95,6,17.265109
-0.05,6,17.294077
-16.2,6,17.333309
-6.0,6,17.369058
7.0,6,17.39525
-16.25,6,17.422038
-10.7,6,17.445558
-15.55,6,17.479807
-17.2,6,17.50872
14.45,6,17.532194
-18.5,6,17.556918
19.0,6,17.583958
-1.0,6,17.635838
7.65,6,17.670573
-9.75,6,17.701959
-13.4,6,17.726409
-18.55,6,17.755583
-4.5,6,17.78623
-8.6,6,17.808119
-7.45,6,17.830959
2.55,6,17.853211
-9.4,6,17.880256
3.7,6,17.903489
1.5,6,17.94395
-8.7,6,17.964596
-4.25,6,17.992557
-24.7,6,18.027249
-18.9,6,18.07144
-14.8,6,18.093995
-5.4,6,18.116086
0.15,6,18.137802
10.9,6,18.159353
-13.85,6,18.196724
17.0,6,18.226718
-16.7,6,18.256268
-18.15,6,18.285801
-6.1,6,18.304501
-8.75,6,18.351563
4.0,6,18.381067
141.4,4,18.40422
-0.7,6,18.435951
-21.3,6,18.463308
-26.45,6,18.491289
5.65,6,18.517544
-10.45,6,18.547755
-13.3,6,18.58461
-3.95,6,18.616826
-21.3,6,18.644296
-22.15,6,18.674801
-20.15,6,18.700423
13.3,6,18.731128
-27.2,6,18.757144
-7.4,6,18.7791
-0.6,6,18.797103
-10.05,6,18.829339
-10.9,6,18.858798
-3.5,6,18.875971
-8.6,6,18.905101
-4.0,6,18.928902
4.1,6,18.951957
-14.15,6,18.983325
-10.45,6,19.020337
-29.9,6,19.068946
5.2,6,19.094755
-4.65,6,19.130999
-34.45,6,19.164605
-7.25,6,19.192134
3.1,6,19.218619
3.95,6,19.243085
-14.1,6,19.273916
-16.15,6,19.297916
9.05,6,19.3221
0.0,6,19.351193
-13.35,6,19.378778
-28.5,6,19.414032
-6.85,6,19.443839
-7.65,6,19.472332
4.35,6,19.501722
-20.3,6,19.540135
1.2,6,19.575121
-5.5,6,19.601933
-30.65,6,19.632532
-6.95,6,19.662103
-11.8,6,19.691442
-8.85,6,19.728416
10.85,6,19.756644
7.05,6,19.78585
-15.7,6,19.83424
2.8,6,19.868573
-2.35,6,19.901107
-8.9,6,19.925346
-23.85,6,19.943607
-14.95,6,19.964751
-12.75,6,19.991268
-7.15,6,20.024653
-10.1,6,20.053822
-21.0,6,20.082019
3.8,6,20.108249
-9.65,6,20.135365
-34.55,6,20.174935
-31.65,6,20.215075
-14.7,6,20.245409
-15.85,6,20.277423
-6.25,6,20.306869
-15.25,6,20.339068
-1.9,6,20.365246
-26.9,6,20.394347
-8.0,6,20.430265
-9.4,6,20.464965
-2.3,6,20.488593
-11.85,6,20.510335
-1.7,6,20.543758
-14.25,6,20.595438
-3.8,6,20.635274
-4.9,6,20.682102
-8.0,6,20.715599
0.3,6,20.747228
-7.75,6,20.776985
9.25,6,20.80042
-5.3,6,20.825003
-16.05,6,20.859919
-23.55,6,20.890373
7.7,6,20.917289
-11.8,6,20.947748
-16.0,6,20.975874
-3.95,6,21.005753
-18.6,6,21.032697
5.95,6,21.063479
-0.2,6,21.098444
144.85,5,21.131825
-19.9,6,21.166104
-8.8,6,21.206338
-24.9,6,21.233295
-5.0,6,21.26101
-11.3,6,21.288146
-12.05,6,21.321648
-9.25,6,21.352797
-13.2,6,21.401488
13.4,6,21.427155
-12.5,6,21.463539
-11.6,6,21.494864
-19.6,6,21.528645
1.95,6,21.555693
-4.55,6,21.580211
2.8,6,21.611525
-23.75,6,21.652025
-15.75,6,21.690825
8.65,6,21.722159
-1.25,6,21.751934
0.9,6,21.785412
14.55,6,21.810822
-19.05,6,21.844602
-8.5,6,21.875385
-28.0,6,21.907159
-17.95,6,21.932998
-12.0,6,21.965562
2.3,6,21.995576
15.35,6,22.019622
4.95,6,22.041544
-19.45,6,22.073997
-14.45,6,22.111408
-8.4,6,22.140079
1.85,6,22.181071
17.25,6,22.210299
-10.75,6,22.241053
0.6,6,22.276153
-4.3,6,22.302527
-5.65,6,22.320029
-8.5,6,22.344257
1.5,6,22.363305
-7.65,6,22.401894
0.15,6,22.434098
-18.6,6,22.464308
-0.95,6,22.486465
14.3,6,22.519515
-1.35,6,22.562603
-13.8,6,22.593278
-10.25,6,22.620397
-8.25,6,22.650559
-15.5,6,22.673768
-9.25,6,22.706553
-7.65,6,22.733113
-8.2,6,22.748606
-17.45,6,22.776748
-6.1,6,22.808487
-20.9,6,22.837005
10.9,6,22.870257
8.45,6,22.925975
-2.15,6,22.954915
-3.55,6,22.985543
-10.95,6,23.018715
-17.4,6,23.05689
-16.8,6,23.087934
-26.7,6,23.12983
-13.2,6,23.162576
-22.5,6,23.2344
-31.35,6,23.265635
14.85,6,23.289374
12.2,6,23.317217
-16.75,6,23.33928
-14.7,6,23.374368
-13.5,6,23.411656
-22.3,6,23.45052
0.6,6,23.486411
-0.9,6,23.532815
-12.2,6,23.57241
5.5,6,23.60906
-10.05,6,23.640349
1.9,6,23.674223
140.75,5,23.716672
11.05,6,23.748041
-3.3,6,23.786183
-19.15,6,23.828574
-19.9,6,23.853972
-9.35,6,23.888395
0.5,6,23.922317
-23.9,6,23.97033
0.65,6,24.004007
-3.7,6,24.032878
-10.65,6,24.059768
-3.25,6,24.093317
-17.7,6,24.124109
-3.95,6,24.166032
-12.5,6,24.196399
-2.7,6,24.232963
20.8,6,24.26644
6.5,6,24.316625
-29.85,6,24.351401
-11.15,6,24.377689
-13.2,6,24.409959
-16.75,6,24.440835
-9.9,6,24.487103
1.5,6,24.517335
-24.55,6,24.537869
-17.25,6,24.572798
-7.85,6,24.610847
3.0,6,24.657393
14.25,6,24.695356
-16.2,6,24.732603
7.15,6,24.767042
-13.75,6,24.810384
-17.35,6,24.843561
6.8,6,24.876615
7.95,6,24.909274
10.25,6,24.938333
4.6,6,24.970109
-4.85,6,24.997303
-16.2,6,25.023468
0.75,6,25.055119
-24.9,6,25.08995
-16.2,6,25.131365
-13.6,6,25.157366
10.4,6,25.177968
-4.6,6,25.208456
-20.6,6,25.231
15.3,6,25.257721
-3.9,6,25.296996
-7.1,6,25.330334
-0.45,6,25.359691
165.8,6,25.383552
-19.7,6,25.408511
-3.6,6,25.448968
-14.85,6,25.494504
1.85,6,25.53044
1.5,6,25.559298
-7.75,6,25.589436
29.75,6,25.636558
-9.0,6,25.669877
-9.95,6,25.692122
-19.85,6,25.721398
-16.6,6,25.741515
-9.95,6,25.782243
-2.85,6,25.810537
0.45,6,25.837615
-27.05,6,25.870006
-4.4,6,25.904661
-6.15,6,25.935142
-4.1,6,25.968863
12.5,6,26.003055
-4.15,6,26.034001
-4.6,6,26.052221
-2.7,6,26.078427
-12.3,6,26.111611
-0.8,6,26.139828
-15.6,6,26.159457
-16.35,6,26.17873
18.35,6,26.200217
-2.6,6,26.231117
22.4,6,26.261423
-0.65,6,26.293482
23.8,6,26.321331
9.8,6,26.347358
-31.85,6,26.379928
2.45,6,26.411739
-6.75,6,26.444888
-13.5,6,26.464531
-8.4,6,26.495559
-12.85,6,26.52676
-12.55,6,26.567026
19.75,6,26.600926
-9.15,6,26.649714
-15.0,6,26.687983
-17.85,6,26.714988
-2.5,6,26.747513
-0.35,6,26.777581
-10.85,6,26.799797
-19.9,6,26.836964
-14.15,6,26.871216
-10.65,6,26.903377
-9.15,6,26.939499
-14.65,6,26.96565
2.4,6,27.006041
2.95,6,27.036621
-23.3,6,27.072727
0.35,6,27.098038
-1.75,6,27.126998
-16.7,6,27.159193
-2.9,6,27.188083
0.6,6,27.218054
-22.9,6,27.243403
-14.25,6,27.268794
16.25,6,27.318112
3.4,6,27.354355
-9.65,6,27.839366
-17.4,6,27.875034
-11.95,6,27.903925
-4.55,6,27.950041
-18.0,6,28.008501
4.75,6,28.036222
-7.6,6,28.070013
6.9,6,28.094144
-16.15,6,28.130125
-0.5,6,28.165495
-28.4,6,28.191061
-25.95,6,28.222414
-15.2,6,28.253501
-0.75,6,28.295103
-2.65,6,28.323131
-7.15,6,28.34502
-13.5,6,28.374
129.0,1,28.378615
-9.85,6,28.411032
17.75,6,28.435567
-10.65,6,28.463523
-12.1,6,28.493869
-13.0,6,28.525199
12.0,6,28.555327
-13.6,6,28.58151
-14.35,6,28.62032
-7.65,6,28.649219
2.8,6,28.678378
-2.4,6,28.714045
-1.65,6,28.748358
-4.7,6,28.76738
2.25,6,28.792202
0.05,6,28.825961
-20.2,6,28.861532
-5.3,6,28.886833
-6.95,6,28.905395
-10.35,6,28.944366
-15.15,6,28.968445
-1.65,6,28.994164
-10.45,6,29.039411
-7.7,6,29.060261
5.7,6,29.093176
-5.4,6,29.122791
4.2,6,29.151974
-22.35,6,29.181233
-8.75,6,29.212167
-33.85,6,29.243088
-5.7,6,29.280211
-23.55,6,29.309363
-11.6,6,29.33019
2.25,6,29.357013
-8.85,6,29.389153
-16.45,6,29.426341
-3.25,6,29.448917
-4.55,6,29.469837
3.5,6,29.500774
12.85,6,29.530938
-8.5,6,29.560204
-4.65,6,29.599905
14.45,6,29.623041
1.6,6,29.645145
6.3,6,29.671765
-20.55,6,29.694063
4.8,6,29.725151
16.2,6,29.761392
-12.5,6,29.798896
-5.25,6,29.819504
-11.5,6,29.849011
3.15,6,29.88019
-13.9,6,29.897535
13.35,6,29.913999
-18.7,6,29.9452
2.85,6,29.969622
-6.25,6,30.002453
-17.25,6,30.035837
3.25,6,30.070822
-15.65,6,30.100029
20.5,6,30.115431
8.4,6,30.146682
-29.9,6,30.178027
7.0,6,30.206673
-22.65,6,30.231396
-12.7,6,30.252193
-0.9,6,30.281096
-7.25,6,30.319577
-7.85,6,30.349484
-12.25,6,30.384849
16.85,6,30.409652
-6.8,6,30.449288
-1.2,6,30.493026
18.85,6,30.51719
-26.9,6,30.546801
6.2,6,30.577848
-8.8,6,30.606963
0.9,6,30.623693
1.65,6,30.650121
-23.7,6,30.677461
-0.5,6,30.70934
-12.0,6,30.748883
21.45,6,30.767349
-32.1,6,30.797629
-23.75,6,30.828971
-32.6,6,30.868835
-13.15,6,30.90502
-27.85,6,30.942537
15.8,6,30.968913
-14.8,6,31.00498
-2.4,6,31.027457
19.35,6,31.056351
-2.7,6,31.079101
-25.7,6,31.111833
-0.9,6,31.144362
-7.75,6,31.170604
-5.3,6,31.206389
-8.05,6,31.27201
4.9,6,31.323595
4.7,6,31.363503
-25.45,6,31.392839
-12.65,6,31.424602
-24.6,6,31.444334
-14.65,6,31.464817
-4.6,6,31.488344
-27.2,6,31.520094
-17.9,6,31.56091
9.0,6,31.59707
6.65,6,31.636525
4.15,6,31.691408
-28.65,6,31.745264
-5.75,6,31.776295
-35.3,6,31.814182
-8.5,6,31.842366
-6.3,6,31.878249
1.45,6,31.899147
-18.3,6,31.917706
-18.05,6,31.946882
-3.85,6,31.974921
-7.6,6,32.005079
2.9,6,32.028637
-0.9,6,32.06186
-16.45,6,32.100794
-11.3,6,32.123839
-9.35,6,32.142091
14.05,6,32.171177
-25.0,6,32.201283
129.0,1,32.203405
-15.9,6,32.237512
-31.6,6,32.27001
-6.65,6,32.297217
-7.85,6,32.333205
-1.25,6,32.365822
5.2,6,32.395729
-10.75,6,32.420952
-1.4,6,32.446662
-26.65,6,32.485337
0.05,6,32.514526
10.65,6,32.537995
-6.35,6,32.565464
129.0,1,32.568043
20.1,6,32.604095
-22.05,6,32.633045
-23.6,6,32.664659
-21.9,6,32.695405
-14.15,6,32.719812
-18.65,6,32.761105
4.35,6,32.791726
-2.6,6,32.834639
6.15,6,32.863073
-18.5,6,32.895633
-11.9,6,32.928354
-10.15,6,32.992418
-22.3,6,33.029786
-4.15,6,33.055372
-12.85,6,33.085564
0.6,6,33.122285
-9.35,6,33.151668
-9.0,6,33.185492
5.2,6,33.210464
-14.95,6,33.252449
-12.3,6,33.289562
9.9,6,33.31565
-28.45,6,33.348267
-24.1,6,33.372908
2.05,6,33.406547
-24.8,6,33.447938
-12.25,6,33.481875
-12.95,6,33.501744
-19.8,6,33.533855
-14.55,6,33.570261
-14.6,6,33.599092
-19.65,6,33.634415
2.35,6,33.67089
-21.65,6,33.704804
-16.65,6,33.731174
14.6,6,33.762883
-4.9,6,33.780632
-22.5,6,33.81006
129.0,1,33.-18.9,6,3.55,6,33.88.55,6,-18.45,6,332.2,6,33.-18.05,5.55,6,33.909-28.4-1.9,6,33.9551-17.-0.55,6,33.99265-4.-12.05,6,34.018-7.7,-2.9,6,34.051-10.0-19.65,6,34.08-8.1,-9.35,6,34.110.15,6-14.95,6,34.11.25,62.05,6,34.17-28.15-8.35,6,34.205-24.2-9.15,6,34.230-13.7-2.95,6,34.260-18.511.4,6,34.2893.3,62.6,6,34.3240.9,6-26.9,6,34.3-14.2,6-6.3,6,34.38.25,6,12.0,6,34.4-6.0,6,-22.25,6,34-12.1,6,3-23.25,6,3-17.4,6,34-18.1,6,3-25.95,6,3-2.7,6,34.-7.0,6,3-29.85,6,1.1,6,34.59-5.5,6-13.55,6,34.-2.0,6,311.5,6,34.-23.55,6-15.85,6,34.-12.55,62.95,6,34.71-4.7,6-8.45,6,34.72.75,6,4.2,6,34.77-8.65-20.65,6,34.821.4,6,-1.4,6,34.8154.3,6-2.15,6,34.5.4,6,34-0.2,6,3-25.05,6,3-18.2,6,3416.95,6,-25.45,6,3413.95,6,3-22.95,6,31.25,6,354.4,6,35.-17.0,6,2.1,6,35.05-4.5,6-7.55,6,35.0-7.0,6,-17.85,6,3514.3,6,35-9.0,6,35-4.55,6,3-3.3,6,35.0.5,6,35-20.45,6,-2.8,6,35.2-4.1,6,-4.4,6,35.-8.5,6,-11.9,6,35.-21.25,6-17.4,6,35.34.85,6,9.75,6,35.-13.45,6-12.55,6,35.-11.45,6-11.8,6,35.4-18.2,63.65,6,35.43-14.1,-12.85,6,35.4-17.45,-12.65,6,35.4-24.25,-24.1,6,35.51-2.7,6-16.95,6,35.5.2,6,35-11.75,6,9.15,6,35.5-22.85,-13.8,6,35.62-17.6-5.2,6,35.65141-7.-11.6,6,35.6749-11.-13.35,6,35.7033142.-31.0,6,35.7323-1.9-16.55,6,35.76-23.85-0.2,6,35.7903-10.-39.0,6,35.81866-6.-3.3,6,35.84696-38-16.65,6,35.87087.65-17.3,6,35.907-30.3-0.25,6,35.9261-2.6-7.35,6,35.968-4.1-12.25,6,35.99-17.55-23.7,6,36.0270.55,-22.3,6,36.011.2,6,-12.6,6,36.-10.15,6-21.3,6,36.117.35,6-28.0,6,36.1-7.8,6,-11.0,6,36.1.65,6,3-20.35,6,-6.1,6,36.-13.9,6,-7.4,6,36.2155.65,-3.0,6,36.2725.4,6-12.25,6,360.35,6,36-4.95,6,3-19.1,6,3-5.45,6,36-18.1,6,-10.8,6,36.-8.95,6,-11.7,6,36.-10.95,6-0.6,6,36.47-0.35,11.9,6,36.529.8,6,-14.75,6,36-4.2,6,36-5.6,6,36-19.65,6,-2.15,6,36.-6.25,6-22.35,6,362.55,6,36-28.0,6,3-21.4,6,36-9.4,6,36-17.9,6,3-12.15,6,32.8,6,36-13.75,6,-6.5,6,36.8-18.953.6,6,36.843864.8-17.05,6,36.8700.55,-18.4,6,36.90-31.15-17.65,6,36.92-23.6,-9.7,6,36.95-4.8,6-28.9,6,36.94.35,6,-1.55,6,37.-4.5,6,320.9,6,37.12.6,6,33.95,6,37.1.7,6,37-17.4,6,3-16.5,6,37-14.6,6,3-2.05,6,37-12.3,6,3-32.1,6,377.65,6,370.65,6,37-3.4,6,37-15.35,6,-28.55,6,37-18.9,6,3-29.9,6,3710.45,6,3-10.5,6,37-2.35,6,3-12.4,6,37-26.75,6,-16.95,6,3-17.7,6,37-8.9,6,3-0.2,6,37.-2.0,6,3-27.75,6,-4.95,6,37.1.95,6,3-18.9,6,37-6.1,6,3-5.0,6,37.-1.8,6,3-13.75,6,34.4,6,37.6-1.15,6-11.8,6,37.6-14.95,-24.5,6,37.696.35,9.55,6,37.725-21.5-27.15,6,37.757-18.2-7.15,6,37.7847-12.-0.15,6,37.818615.-15.45,6,37.854-7.25-8.35,6,37.881-10.9-29.9,6,37.915-17.5-4.5,6,37.9401-14.-4.65,6,37.962142.5-4.95,6,37.9896.2,6-18.9,6,38.0-14.1,6-11.2,6,38.0-23.95,-18.45,6,38.0-21.05,20.5,6,38.086-25.6-21.05,6,38.11-11.157.55,6,38.1487-27.-8.4,6,38.18075-1.-14.35,6,38.208-9.75-12.5,6,38.233-15.0-7.7,6,38.2743-33.-27.0,6,38.3106-15-22.55,6,38.34254-8.-23.0,6,38.3794-21.0.55,6,38.40622-16-2.5,6,38.439198--9.55,6,38.462884
1.4,6,38.48782
-4.05,6,38.525904
-10.7,6,38.548338
-0.5,6,38.576862
-28.6,6,38.615227
-3.65,6,38.63468
-24.95,6,38.66465
-1.55,6,38.695191
20.5,6,38.722321
0.8,6,38.749003
-18.8,6,38.782071
-28.65,6,38.813901
-3.65,6,38.837634
-9.0,6,38.86861
-21.35,6,38.910296
-1.55,6,38.946254
-27.65,6,38.973236-5.75,6,38.9973460-7.65,6,39.039815-76.35,6,39.062127-1-3.5,6,39.093297--24.8,6,39.122954--21.15,6,39.15513-2.4.05,6,39.194028-78.7,6,39.224722--20.9,6,39.256009--12.1,6,39.283024-3-15.95,6,39.31443.8,-7.8,6,39.34-4.15,-12.7,6,39.37-29.9,-12.35,6,39.3-22.8,6-15.6,6,39.4-19.8,6-8.25,6,39.4-15.9,6-27.1,6,39.4-17.0,6-6.85,6,39.5-0.7,6,1.2,6,39.555.55,6-25.4,6,39.5-2.95,6-21.3,6,39.6-7.85,67.2,6,39.6595.75,-13.7,6,39.68-9.4,6-18.9,6,39.7-11.4,6-16.3,6,39.0.6,6,39-9.25,6,3-5.7,6,39.-7.4,6,3-18.6,6,39-8.45,6,3-20.9,6,-11.5,6,39.-3.85,6,-0.4,6,39.9-15.75,-17.95,6,39.9-5.2,6,-14.8,6,40.-0.4,6,4-9.35,6,401.7,6,40.-5.0,6,4-5.75,6,40-27.45,6,-4.35,6,40.-11.8,6,-11.7,6,40.3.1,6,40-12.0,6,4-1.9,6,40.-6.5,6,-12.55,6,405.35,6,40-27.75,6,-26.5,6,403.75,6,40-5.85,6,42.85,6,40.-3.15,6,-3.4,6,40.30.5,6,4-9.35,6,40-11.4,6,4-7.9,6,40.-15.05,6-12.45,6,40.-20.6,6,-35.8,6,40.-0.7,6,4-26.4,6,40-6.9,6,40-11.45,6,7.3,6,40.51-10.05-16.9,6,40.5502.85,6.6,6,40.5784-8.3-0.3,6,40.6201-233.2,6,40.6523090-31.0,6,40.67735-134.25,6,40.70568-4.95,6,40.738387
2.35,6,40.775013
8.3,6,40.801572
-5.65,6,40.827449
-6.05,6,40.856497
3.45,6,40.877207
2.35,6,40.91009
-4.9,6,40.945725
-16.8,6,40.97763
16.5,6,40.998708
-3.85,6,41.020348
-20.65,6,41.055427
-15.45,6,41.091807
6.45,6,41.118769
5.1,6,41.150877
11.7,6,41.173957
-16.55,6,41.203442
17.65,6,41.22361
-0.8,6,41.244056
11.55,6,41.278944
-3.05,6,41.315489
-17.85,6,41.374653
-26.55,6,41.39794
-18.1,6,41.43028
1.15,6,41.454313
-22.9,6,41.480078
-7.5,6,41.504102
-15.3,6,41.530538
-1.4,6,41.554804
-18.75,6,41.591145
-13.05,6,41.633619
-30.05,6,41.670868
-13.9,6,41.703214
-8.4,6,41.73569
-2.25,6,41.764511
-4.75,6,41.789228
-10.7,6,41.814245
-2.0,6,41.84352
1.3,6,41.876448
19.05,6,41.900821
-6.2,6,41.919175
-11.15,6,41.96053
-21.35,6,41.993546
-21.8,6,42.025081
-12.05,6,42.054929
-10.4,6,42.083482
-10.85,6,42.151129
-31.35,6,42.192324
-24.95,6,42.239779
-11.35,6,42.260695
-19.85,6,42.289079
8.9,6,42.322758
-28.3,6,42.354892
-32.65,6,42.381718
3.05,6,42.402215
19.6,6,42.41753
8.65,6,42.445637
14.6,6,42.467716
-2.55,6,42.499841
-4.95,6,42.524057
-18.35,6,42.549008
6.85,6,42.588252
-13.7,6,42.614832
-30.3,6,42.634365
-13.45,6,42.657904-1-10.9,6,42.6940262-0.55,6,42.719528-2-7.45,6,42.7519451.-1.25,6,42.77279-11-12.75,6,42.80356-8.-13.7,6,42.83599-25-1.85,6,42.87789-13-17.3,6,42.90019-9.-24.7,6,42.93158.75-3.2,6,42.9614-28.-2.6,6,43.00856-12-13.6,6,43.048623-3-15.85,6,43.0724-18.-2.85,6,43.102-6.45-3.55,6,43.140-3.2518.95,6,43.158-16.0-29.65,6,43.193-3.05,6,43.225243
-8.45,6,43.251731
11.5,6,43.280058
-16.2,6,43.313096
-0.35,6,43.33618
-15.65,6,43.365829
-11.5,6,43.392421
-15.25,6,43.419967
-18.35,6,43.451077
-16.95,6,43.4780221-41.0,6,43.504669166.3,6,43.527674-0.1,6,43.565726
-14.75,6,43.6092630.-7.9,6,43.64290-19-7.5,6,43.686674--9.45,6,43.718023
2.65,6,43.75041
14.4,6,43.783926
1.25,6,43.820755
-16.7,6,43.858905
-12.3,6,43.893962
-12.8,6,43.915504
-9.25,6,43.944284
6.25,6,43.975231
-23.25,6,44.005785
3.0,6,44.030929
13.85,6,44.055755
-6.85,6,44.087032--3.15,6,44.118965--8.2,6,44.148753
-22.55,6,44.177079-7-15.2,6,44.20004-14-10.65,6,44.2291-17.-16.35,6,44.27-6.0,6-10.8,6,44.2-11.4,6-6.0,6,44.32-7.7,612.3,6,44.36-22.5,-14.7,6,44.40-16.4-13.25,6,44.432.8,6-27.15,6,44.-5.2,6,-40.25,6,44.9,6,44.5-15.7,6-14.0,6,44.5-16.15,-22.85,6,44.511.5,6,-2.85,6,44.14.2,6,4-23.65,6,4-11.0,6,441.0,6,44.-20.2,6,-9.05,6,44.-17.6,6,-20.65,6,445.9,6,44.8.6,6,44-19.15,6,-22.5,6,44.-11.0,6,-19.8,6,44.-11.55,6-25.1,6,44.89.95,6-13.5,6,44.8-10.45-2.15,6,44.887-2.8,-12.6,6,44.93.35,6,-4.45,6,4-29.2,6,44-8.45,6,4-10.95,6,4-13.3,6,44-4.3,6,45-8.8,6,4-28.65,6,4-15.85,6,4-6.85,6,4-5.2,6,45.-10.2,6,3.05,6,45.06.35,6,0.4,6,45.1-9.45,6-11.25,6,45.-3.1,6,4-2.55,6,45-14.3,6,4-13.35,6,4-17.15,6,4-18.75,6,46.15,6,45.-9.15,6,-10.65,6,45-0.95,6,4-17.5,6,45-18.35,6,7.3,6,45.34-15.451.5,6,45.37872-12138.2,6,45.406247-2-4.05,6,45.438722--3.2,6,45.458264
-13.25,6,45.484672-18.65,6,45.515431
-0.2,6,45.54919
8.55,6,45.568813
-6.5,6,45.596311
2.2,6,45.614075
2.05,6,45.640523
-30.35,6,45.667422
-12.9,6,45.695004
-14.9,6,45.735102
5.9,6,45.764202
6.25,6,45.787401
20.7,6,45.822761
-3.9,6,45.856436
13.6,6,45.886328
-28.55,6,45.907989
-1.75,6,45.935224
7.3,6,45.954517
-22.3,6,45.987043
-28.75,6,46.024418
-3.75,6,46.052872
-1.25,6,46.089787
7.2,6,46.120816
-6.15,6,46.149473
-17.85,6,46.179109
-15.5,6,46.212628
-17.75,6,46.23256
-14.7,6,46.256683
-7.05,6,46.283573
8.9,6,46.311778
0.7,6,46.340048
-6.9,6,46.371556
-19.05,6,46.407233
-10.75,6,46.442169
-10.45,6,46.47089
8.1,6,46.495381
6.75,6,46.526331
-4.45,6,46.564581
8.6,6,46.588626
2.1,6,46.614407
-13.4,6,46.634688
2.6,6,46.664346
-21.05,6,46.690941
-5.75,6,46.732375
1.1,6,46.757043
-23.7,6,46.780738
-16.3,6,46.807442
9.05,6,46.842186
-14.1,6,46.864365
1.4,6,46.89557
5.35,6,46.914627
-7.35,6,46.929714
-5.8,6,46.953133
-9.7,6,46.981637
2.05,6,47.01104
-6.85,6,47.038172
-4.4,6,47.057911
-0.9,6,47.092278
10.05,6,47.121616
-7.55,6,47.148584
-1.75,6,47.19002
-11.55,6,47.215276
-21.95,6,47.267928
-9.4,6,47.304227
-6.4,6,47.328466
-14.0,6,47.356046
-8.95,6,47.387269
-9.95,6,47.41468
-11.75,6,47.443703
-11.45,6,47.468542
-12.35,6,47.492148
-14.25,6,47.513833
-11.05,6,47.532718
-0.45,6,47.56277
-4.5,6,47.591324
-1.3,6,47.622339
-22.5,6,47.646502
6.75,6,47.668809
-11.65,6,47.696597
-17.9,6,47.721891
-16.4,6,47.747401
-10.3,6,47.77322
13.75,6,47.796722
-6.6,6,47.833432
-13.75,6,47.863981
-9.5,6,47.888845
3.75,6,47.912527
-2.45,6,47.954289
15.5,6,47.989569
-16.65,6,48.013265
-9.15,6,48.042777
-22.35,6,48.068605
-16.45,6,48.088828
-17.35,6,48.114737
-11.1,6,48.143547
-17.4,6,48.174445
-0.15,6,48.203616
-3.65,6,48.226112
-29.1,6,48.261939
-6.2,6,48.290633
0.15,6,48.328557
-23.5,6,48.36257
-18.7,6,48.389022
-17.45,6,48.434
-4.25,6,48.457538
-18.05,6,48.489003
-3.9,6,48.51316
-29.2,6,48.54227
-21.6,6,48.563786
-23.95,6,48.594672
-18.9,6,48.622502
-7.25,6,48.653773
-21.0,6,48.699469
20.05,6,48.731889
12.95,6,48.760053
2.1,6,48.783026
5.55,6,48.810912
14.3,6,48.831873
-9.95,6,48.867335
-1.15,6,48.898632
-9.4,6,48.918807
-13.45,6,48.951249
-5.6,6,48.978679
-0.55,6,49.011633
-21.85,6,49.044034
-21.6,6,49.068758
-6.9,6,49.088277
-30.35,6,49.118626
-0.8,6,49.142265
-4.55,6,49.165504
8.4,6,49.194588
8.7,6,49.218552
-22.6,6,49.244483
-1.65,6,49.266553
134.9,5,49.295069
148.55,3,49.300161
-12.9,6,49.333457
-22.6,6,49.375056
1.45,6,49.406241
-25.45,6,49.437829
-19.65,6,49.462722
11.2,6,49.493479
-0.6,6,49.525094
-18.75,6,49.557071
-15.1,6,49.585081
-32.5,6,49.613337
-13.2,6,49.642612
-22.05,6,49.673118
2.0,6,49.707967
-24.5,6,49.744869
1.15,6,49.773758
-32.6,6,49.808163
-14.25,6,49.836594
-13.6,6,49.85924
-3.9,6,49.891002
-19.2,6,49.913268
-19.75,6,49.936699
2.8,6,49.971901
5.65,6,50.002458
-14.15,6,50.031697
6.7,6,50.056261
-7.65,6,50.084615
-9.45,6,50.139829
-9.95,6,50.170375
-10.15,6,50.194327
-32.9,6,50.228471
-18.05,6,50.261249
-21.55,6,50.297221
-3.85,6,50.324877
-17.65,6,50.354
-10.65,6,50.38205
2.0,6,50.403705
-17.2,6,50.435147
-2.9,6,50.466379
-6.75,6,50.493974
-8.95,6,50.521931
-1.45,6,50.543916
-9.45,6,50.577872
-2.35,6,50.60456
-0.75,6,50.632349
-8.95,6,50.661704
-3.2,6,50.684019
-17.25,6,50.714319
-11.1,6,50.749254
-0.15,6,50.775021
-13.35,6,50.805557
2.8,6,50.833129
-13.15,6,50.882268
-7.45,6,50.914467
-13.25,6,50.94567
5.9,6,50.973586
-10.4,6,51.007933
-2.65,6,51.038497
14.75,6,51.069825
-18.65,6,51.104367
-7.85,6,51.128491
-7.55,6,51.154105
-6.45,6,51.190371
8.3,6,51.210621
-3.7,6,51.238094
-2.9,6,51.262401
-14.3,6,51.293182
-2.95,6,51.320276
-6.85,6,51.349326
-17.9,6,51.382988
-32.0,6,51.41449
-9.0,6,51.437411
-0.2,6,51.477419
-11.8,6,51.509856
10.55,6,51.545087
3.45,6,51.568141
17.6,6,51.598229
-10.65,6,51.649359
1.35,6,51.673267
-11.85,6,51.697989
-13.25,6,51.733772
-11.2,6,51.763229
14.75,6,51.792593
16.75,6,51.821136
1.1,6,51.849983
5.9,6,51.876719
-17.45,6,51.906857
-2.8,6,51.940667
-16.15,6,51.972462
-17.85,6,52.001697
-15.8,6,52.035199
2.75,6,52.070305
-7.0,6,52.100301
156.0,3,52.114166
-12.55,6,52.149575-6.95,6,52.173121
-9.5,6,52.207786--22.15,6,52.237906--7.4,6,52.263291
16.9,6,52.289127
-26.75,6,52.32679--26.15,6,52.35351-15-9.15,6,52.37972-11-12.7,6,52.41344-6.-11.35,6,52.4402.3,6-2.4,6,52.479.95,6-6.15,6,52.4-26.7,-24.3,6,52.52-2.05,11.55,6,52.54-10.251.95,6,52.573-6.55-20.15,6,52.61-13.1,6.75,6,52.639-6.75-0.45,6,52.6691.65,-16.45,6,52.6-5.1,6,-19.3,6,52.9.85,6,52.73-19.3,-5.25,6,52.76-15.05-23.25,6,52.807.95,6-4.95,6,52.8-3.85,6-6.05,6,52.8-24.7,6-11.8,6,52.8-31.2,63.8,6,52.918571
9.35,6,52.956703
-14.15,6,52.979931
-12.05,6,53.016013
-6.95,6,53.039377
-3.4,6,53.461061
-11.15,6,53.498299
-8.55,6,53.551682
9.5,6,53.587333
-46.35,6,53.618379
-22.55,6,53.659246
-5.5,6,53.697249
-16.6,6,53.725204
-9.7,6,53.757419
4.0,6,53.781347
-0.95,6,53.811521
10.0,6,53.831073
-6.0,6,53.865961
-0.55,6,53.916879
-18.25,6,53.943294
-4.1,6,53.966073
1.65,6,53.992392
2.8,6,54.026339
-22.4,6,54.059304
-12.8,6,54.089266
-18.2,6,54.116549
21.95,6,54.144577
-14.7,6,54.175372
0.35,6,54.207236
-11.2,6,54.226388
-13.3,6,54.249817
-4.0,6,54.273041
-10.25,6,54.318059
-5.35,6,54.346342
8.9,6,54.374685
-18.05,6,54.39875
-7.25,6,54.42962
-11.55,6,54.464273
-18.75,6,54.503668
13.0,6,54.525644
-29.85,6,54.552184--4.1,6,54.583016
-6.75,6,54.607984
1.0,6,54.633958
-11.95,6,54.678044
-3.2,6,54.704013
-14.3,6,54.728868
-20.0,6,54.763885
2.75,6,54.791674
-2.55,6,54.821715
-18.45,6,54.850822
-4.15,6,54.884326
-5.3,6,54.908809
-16.85,6,54.939517
-12.2,6,54.966322-1-22.65,6,54.99377-139.5,6,55.022413
-18.3,6,55.063158
-21.45,6,55.0909623-6.65,6,55.12440-9.-10.15,6,55.1610-27.-9.85,6,55.19453122-11.55,6,55.2211-16.9.05,6,55.257318-05.75,6,55.288529-3-20.4,6,55.31402-7.-4.7,6,55.344089-1-11.55,6,55.37326161-16.15,6,55.4039.9.7-23.6,6,55.43--0.5,-7.8,6,55.462-18.5-5.35,6,55.4891.25,-31.85,6,55.--17.2,66.5,6,55.7.-17.2-6.45,6,55.0.05.7,6-10.45,6,-14-12.8,6,-31.85,-14.-7.9,6,55-12.8,-56.2,6,55.72-5.2,1-6.05,6,55.7-17.45,3.2,6,55.7914-2.8-18.45,6,55.818-3.3-4.3,6,55.88539.3,-30.05,6,55.94.25,6,-31.85,6,55-13.8,6,5-1.75,6,55-1.8,6,55-6.35,6,-10.9,6,56.-21.8,6,-14.2,6,562.3,6,56-4.8,6,563.1,6,56.-22.9,6,-9.55,6,56.-7.95,6,-14.0,6,56.-11.85,6-29.15,6,56.-4.75,6,20.9,6,56.2-9.4,6,-0.65,6,56.-22.65,-18.95,6,56.2-15.0,6-32.35,6,56.-3.1,6,5-15.65,6,58.6,6,562.-46.9,6-9.6,6,56-0.-5.95,-10.05,6,-9.0-9.45,6-18.7,6-17.6-19.7,6-20.05,-2.25-12.95,6-18.4,-9.9,68.2,6,5-9.6518.9,-0.8,6,56-24.2.7,66.1,6,56.7-18.3,-15.05,6,56.-18.85,146.7,6,56.78-18.5,-6.9,6,56.815-30.16.35,6,56.838360.86.8,6,56.863017-5-17.7,6,56.895334-119.0,6,56.917793-20.6,6,56.956171
-22.0,6,57.005609
14.55,6,57.036989-21.05,6,57.076898
-21.15,6,57.116837-419.6,6,57.1406811-13.3,6,57.1713-1.-11.8,6,57.1908-7.7-27.55,6,57.21-2.35,3.45,6,57.23322.1,-22.1,6,57.255.7,6,-8.0,6,57.213.25,6-5.8,6,57.31-14.3-21.8,6,57.341-22.6-5.0,6,57.3708-19.-4.2,6,57.39689-2.-9.7,6,57.41708-2-3.85,6,57.43924--17.0,6,57.469334
-1.45,6,57.516153
1.05,6,57.544884
-20.4,6,57.568728
-4.85,6,57.596372--7.3,6,57.626605
-16.75,6,57.65177-7.-12.65,6,57.6895-12.3.0,6,57.714679-8-29.65,6,57.7466-13-7.25,6,57.780378-2-7.6,6,57.814493
-12.8,6,57.8503270-16.1,6,57.876451-30.1,6,57.905324
-8.25,6,57.935702--8.75,6,57.965257-7.3,6,58.003383
3.0,6,58.035094
11.65,6,58.0565
-17.25,6,58.089053
-16.85,6,58.119857--23.75,6,58.1508936.-20.8,6,58.18104-7.165.95,6,58.20-13.950.1,6,58.23251-6.-14.15,6,58.2849-27.-14.7,6,58.32641-9.-0.55,6,58.36293-3.-4.55,6,58.39932-3.-58.0,6,58.433-4.95-1.3,6,58.4660-13.-24.8,6,58.5259027.-14.1,6,58.55053-5.-21.8,6,58.5896-1.3-14.65,6,58.62-39.65-22.35,6,58.6-7.85-7-12.9,6,58.6-9.6,-2-8.0,6,58.7-8.15,6-27.25,6,58.-38.75,0-4.0,6,58.79-26.5--22.85,6,58.-15.9,64-20.6,6,58.-2.8-5.9-15.0,6,58-0.7-30.0-2.35,6,58-13.-11.3-0.15,6,58-17.20.65165.6,6,596.7,-28.04.15,6,5-2.35,6-20-15.95,6,-14.25,-7.98.55,6,59-8.9,6-16-6.45,6,5-15.65,6-3-15.5,6,59-18.654.6-6.45,6,59.-9.-14.4-26.7,6,59.-12-12.8-12.15,6,59.--7.45,615.1,6,59.2--0.3,6-12.85,6,59--8.15,6,1.9,6,59.-134.55,3.85,6,59.3-1-10.79.55,6,59.413-15.7-11.2,6,59.430-8.8,-20.45,6,59.-30.1,6,-8.6,6,59.48.05,6,-8.55,6,59.-2.15,6,-19.4,6,59.7.4,6,59-16.35,6,0.1,6,59.60-22.75-8.4,6,59.6294-4.2-14.45,6,59.64-3.55,-11.3,6,59.68-15.25-5.35,6,59.7113.3,1-24.6,6,59.7-6.75-5.25,6,59.740-7.55-1.95,6,59.772-12.96.15,6,59.79081-26-0.7,6,59.81603
-5.05,6,59.838652-72.9,6,59.8796159-39.55,6,59.9084819.-16.7,6,59.9345313.-3.9,6,59.95262-1-18.6,6,59.981181-4-10.75,6,60.0016-12.-23.35,6,60.036-4.3,-22.35,6,60.0-17.25,-22.55,6,60.0-5.05,6-16.15,6,60.-25.35,-27.9,6,60.14-11.9512.0,6,60.17029.15-3.45,6,60.1967.5,-9.35,6,60.21-18.85-20.6,6,60.249-18.0-4.85,6,60.273-3.15-2.15,6,60.295-6.9,-13.05,6,60.33.8,6,6-0.7,6,60.-18.4,6,-5.35,6,60.-11.6,6,-16.2,6,60.-4.85,6-0.55,6,60.417.2,6,-12.8,6,60.-0.85,6,-11.05,6,60-30.15,6,16.75,6,60.-20.6,6,-2.3,6,60.5-11.05,3.25,6,60.61--14.0-3.1,6,60.644-1-1.-10.8,6,60.6925--4.-27.0,6,60.7257-20.-7.8,6,60.75261-5.-3.15,6,60.7928-5.13.4,6,60.820816-15.75,6,60.84403-11.3,6,60.87295813.85,6,60.897227
-25.25,6,60.928238-2-15.2,6,60.95580-6.-10.3,6,60.9812.85,-5.85,6,61.01-8.7,--28.2,6,61.-1.95,6--8.1,6,61.08.85,6,1.6,6,61.08-11.35-10.45,6,61.118.65,-13.6,6,61.14-17.2,-3.85,6,61.166.65,6-18.05,6,619.5,6,61--10.1,6,10.7,6,61.-9.35,6,-12.25,6,61-17.1,6,6-5.2,6,61.-16.95,6-9.6,6,61.322.55,6-32.1,6,61.3-17.25,-15.0,6,61.3812.75-8.0,6,61.417--6.1-0.2,6,61.431-411.-19.4,6,61.46-7.-8.-8.8,6,61.490-23.3-16.75,6,61.55.-22.5-9.7,6,61.-9.-20.0-0.65,6,616.75,-3.2-17.15,6,1.05,6-12.5-18.75,-16.35,-68.5,-29.4,6-24.3-12.1,6-19.25,6-16.14.4,6,6-16.45,61-1.5,6,61.7-19.4,6-3.8,6,61.781.75,6-12.7,6,61.8-7.95,6-19.85,6,61.-5.4,6,6-19.1,6,61-4.95,6,6-5.1,6,61.5.3,6,611.2,6,61.-12.25,6-4.25,6,61.911.95,--4.7,6,61.9910.05,10.05,6,62.05-8.25,22.35,6,62.11-0.91.-8.25,6,62.1-1.-29.-14.25,6,62.-5.-8.8,-12.65,6,62--3.55,6,-18.0,6,6-219.1,6,614.8,6,65.-17.05,6-17.75,62.2,2.4,6,62-10.-23.01.15,6,62.3-112.65-6.25,6,62.38-0.7,6-18.85,6,62.-11.25,6-13.55,6,629-1.65,6,-16.25,-13.-6.7,6,6219.4,8.6,3.25,6,62-21.-13.81.0,6,62.54-25-10-15.75,6,62.5-24.-33-14.35,6,62.-11.1-4.-2.2,6,62.6-30.210-23.55,6,62.6-1911.9-16.4,6,62.621-17.2-0.05,6,62.7-129.0,-18.1,6,62.72-0.8,-12.35,6,62.715.9,6,-25.7,6,62.1.9,6,62-20.85,6,0.5,6,62.8514.9,6-3.7,6,62.87-18.950.6,6,62.90170-1.-0.2,6,62.924132.6-7.05,6,62.9462.25,-8.4,6,62.972-17.7-27.25,6,63.00-1.55,-4.2,6,63.030-13.7-3.85,6,63.0639-1.1-22.05,6,63.099-11.2-0.2,6,63.1267-30.-23.6,6,63.16561-2217.0,6,63.1889-0.1-3.9,6,63.2154-3.1-14.65,6,63.24-21.0,-8.7,6,63.265-4.2,-22.85,6,63.2-14.6,69.05,6,63.337.25,6-1.7,6,63.358.55,6-6.15,6,63.314.15,6-17.95,6,63.-30.0,6,4.4,6,63.4320.65,-14.2,6,63.46-15.95-0.1,6,63.4894-10.-5.3,6,63.52549-6-17.85,6,63.5573-5.2-27.7,6,63.5962-14.-11.95,6,63.625-26.9-11.5,6,63.655-12.8-40.95,6,63.6815.05,-15.9,6,63.70-5.85,0.45,6,63.7378.35,-21.85,6,63.723.85,6-13.15,6,63.3.3,6,634.4,6,63.-7.7,6,6-16.95,6,5.65,6,63.84.55,6-8.4,6,63.89-3.05,-7.2,6,63.920-10.110.4,6,63.95096-18-10.1,6,63.97895-11-24.25,6,64.00732-24-19.7,6,64.0269379.-4.3,6,64.047828-36.75,6,64.0801342.-5.7,6,64.108696-4-3.85,6,64.131732
7.65,6,64.156401
-0.65,6,64.18255
-4.45,6,64.220791
-6.1,6,64.256665
11.2,6,64.27321
-28.25,6,64.302314
-11.1,6,64.328326
-19.15,6,64.368205
4.25,6,64.387446
15.6,6,64.422284
14.95,6,64.451093
12.15,6,64.478377
7.3,6,64.519503
11.3,6,64.560798
13.45,6,64.587712
-7.45,6,64.622971
14.3,6,64.657288
-12.8,6,64.689491
-22.35,6,64.726984
8.5,6,64.755845
-25.45,6,64.77874
-8.95,6,64.802991
-0.95,6,64.831659
-17.45,6,64.853086
-14.3,6,64.880111
2.1,6,64.907411
6.25,6,64.931108
1.95,6,64.974314
-17.95,6,64.997487
-18.0,6,65.037497
-12.35,6,65.06611
155.25,3,65.081.85,6-12.3,6,65.1-11.35,-9.9,6,65.136-5.950.5,6,65.1550-12.7.0,6,65.180882-4.05,6,65.20498
0.7,6,65.234505
-13.0,6,65.256537
-21.65,6,65.294783
1.75,6,65.325086
9.95,6,65.344085
-17.3,6,65.37341
3.2,6,65.400691
-16.4,6,65.426458
-0.25,6,65.448325
-23.3,6,65.478166
-10.15,6,65.5121453-9.15,6,65.53963-19-22.1,6,65.56534-1615.7,6,65.5967
-11.3,6,65.6238756-26.2,6,65.66490-13-10.6,6,65.6967010.-9.3,6,65.7248338.-4.2,6,65.75559-1-13.15,6,65.789564-2-12.85,6,65.82184-19-19.5,6,65.838059-2-24.75,6,65.86133-12-5.85,6,65.8921-14.-7.1,6,65.91225.55-9.75,6,65.938-16.010.8,6,65.9696-3.824.8,6,66.0020-5.16.6,6,66.03586-18-1.4,6,66.069092-2-1.2,6,66.095578
-20.85,6,66.12287
-15.15,6,66.1663027-5.35,6,66.192409.8-7.75,6,66.214911.7-13.85,6,66.2313.25,-18.15,6,66.2-0.9,6,-7.45,6,66.-22.15,6-8.15,6,66.3-18.05,-9.65,6,66.35-5.45,-8.3,6,66.38-23.55-6.0,6,66.43543.4,-13.35,6,66.-5.25,6,-11.35,6,66-2.75,6,6-19.9,6,66-16.75,6,0.55,6,66.5-10.1,6-2.75,6,66.7.45,6,615.45,6,60.35,6,66-27.5,6,6-19.5,6,66-10.85,6,7.8,6,66.67-3.35,-8.45,6,66.70-28.655.5,6,66.7388315.-23.85,6,66.7714-16.-12.05,6,66.801-16.5-4.1,6,66.8346-9.0-0.65,6,66.8632-21.-13.05,6,66.9019-16-20.55,6,66.928532.5-2.85,6,66.9497-14.-10.95,6,66.983-14.4-10.9,6,67.0199-5.7-4.4,6,67.061008.20.8,6,67.09022-2.4.4,6,67.117933-0-10.45,6,67.149557.4-21.75,6,67.1940.4,611.8,6,67.225.55,6-13.4,6,67.2-8.55,6-1.4,6,67.26-14.154.3,6,67.29214-2212.65,6,67.3104767.-16.75,6,67.3340-14.-16.6,6,67.3666-5.5-34.05,6,67.388.1,6,-7.2,6,67.411.35,6-32.35,6,67.-2.8,6,622.4,6,67-10.75,6,139.35,6,67-12.65,6,-16.75,6,674.55,6,675.55,6,67-1.05,-15.75,6,67.5-2.05,6-6.7,6,67.6216.7,6-19.9,6,67.6-1.1,6,-8.8,6,67.-36.4,6,-19.15,6,67-13.3,6,61.95,6,67.-16.6,6-11.05,6,67.-8.8,6,6-6.85,6,67-21.75,6,-31.5,6,67.-0.25,6,-10.85,6,67-36.8,6,-26.45,6,20.8,6,67-1-6.75,60.1,6,67.94--21.720.3,6,67.964.59.52.65,6,67.9-8-23.-9.9,6,68.022-8-18-14.25,6,68.0-30-27.-21.9,6,68.07-7.11.5.4,6,68.10291.8--8.65,6,68.12-6.05--0.3,6,68.154-11.2-12.55,6,68.185-11-10.4,6,68.21594-1-6.25,6,68.244122--9.0,6,68.269839
-0.2,6,68.302163
-5.3,6,68.329322
-3.5,6,68.358383
-1.35,6,68.386742
14.8,6,68.417193
-5.2,6,68.451656
11.65,6,68.476093
-12.1,6,68.497271
-19.0,6,68.534562
0.45,6,68.556292
-9.4,6,68.58945
-0.2,6,68.616785
12.9,6,68.648448
-20.15,6,68.684387
-21.8,6,68.719161
-8.45,6,68.742123
-21.25,6,68.766162
-11.15,6,68.789868
-4.4,6,68.826862
2.3,6,68.852781
-4.35,6,68.878008
-30.1,6,68.90985
-6.0,6,68.939292
-16.2,6,68.984107
-22.8,6,69.021281
8.6,6,69.044884
-15.95,6,69.072371
-39.85,6,69.091898
-5.3,6,69.125171
-5.5,6,69.157071
-13.6,6,69.193766
-3.75,6,69.218124
-8.35,6,69.24905
1.5,6,69.292169
-7.8,6,69.317027
-6.15,6,69.355182
0.9,6,69.396925
-6.65,6,69.425433
17.05,6,69.45064
3.2,6,69.483942
-4.05,6,69.506739
-12.6,6,69.542711
-11.25,6,69.568672
-24.45,6,69.604432
-12.75,6,69.627246
-3.85,6,69.653501
-0.4,6,69.676828
-9.7,6,69.694283
-19.1,6,69.736731
-48.3,6,69.769044
8.95,6,69.795802
-12.7,6,69.825324
-7.45,6,69.86452
-9.2,6,69.89772
-26.05,6,69.923873
17.25,6,69.953436
13.65,6,69.978306
-27.5,6,70.012269
-1.05,6,70.039972
-14.55,6,70.072948
-0.4,6,70.097592
-8.1,6,70.134862
-19.4,6,70.158857
-37.7,6,70.187624
-25.3,6,70.218335
-10.15,6,70.240536
-19.85,6,70.268257
5.0,6,70.297491
-0.8,6,70.335562
5.0,6,70.364402
-5.65,6,70.39708
15.3,6,70.426935
-26.65,6,70.456518
-8.15,6,70.474596
-35.35,6,70.496355
-25.8,6,70.530877
-5.05,6,70.556342
-19.15,6,70.587525
-28.35,6,70.628319
-6.5,6,70.651218
-20.95,6,70.682554
-6.7,6,70.708985
-10.45,6,70.737532
-17.25,6,70.767008
9.0,6,70.798175
-8.7,6,70.833499
-2.3,6,70.860472
24.1,6,70.875133
-6.2,6,70.904335
-23.1,6,70.930102
-13.45,6,70.960657
-5.05,6,70.976468
0.25,6,70.9995
3.75,6,71.039831
-6.15,6,71.075379
-4.25,6,71.10199
-13.65,6,71.1281
-9.65,6,71.161465
23.1,6,71.196714
-15.3,6,71.223064
-26.95,6,71.253722
-5.0,6,71.281281
-7.1,6,71.307776
-13.45,6,71.33932
-21.1,6,71.371013
-8.65,6,71.395801
-2.95,6,71.416058
15.25,6,71.437459
9.8,6,71.465706
-15.45,6,71.48391
-16.25,6,71.530648
-8.95,6,71.565627
-33.95,6,71.593582
-20.05,6,71.633943
-8.5,6,71.678225--29.95,6,71.714604-14.3,6,71.744634
7.2,6,71.768229
5.65,6,71.800849
15.9,6,71.827551
-22.15,6,71.862731
-12.9,6,71.892662
1.55,6,71.917513
1.45,6,71.955678
-17.55,6,71.988958
18.05,6,72.008329
-0.5,6,72.045396
-12.65,6,72.080778
-7.35,6,72.111081
-31.6,6,72.137241
8.5,6,72.167909
-14.2,6,72.203227
-6.1,6,72.22803
2.65,6,72.262668
8.45,6,72.29327
-15.05,6,72.330646
-1.85,6,72.363847
-28.15,6,72.393847
-9.8,6,72.423047
0.65,6,72.446362
-3.95,6,72.472199
3.05,6,72.50155
8.5,6,72.528693
-8.1,6,72.569707
4.85,6,72.6007
-11.55,6,72.635365
-40.8,6,72.660564
-33.6,6,72.6905
16.1,6,72.727304
-8.6,6,72.757127
-3.2,6,72.786349
23.5,6,72.815899
-5.35,6,72.852092
1.75,6,72.88041
-2.3,6,72.907519
-13.75,6,72.94079
14.35,6,72.965947
-25.35,6,72.995677
-23.6,6,73.027551
0.5,6,73.04637
-14.35,6,73.092583
9.0,6,73.118904
-30.9,6,73.155153
-17.7,6,73.190962
4.3,6,73.214616
-5.3,6,73.242759
-4.6,6,73.273489
2.85,6,73.29846
-16.7,6,73.315883
-8.7,6,73.344004
-5.0,6,73.37548
11.25,6,73.4027
-17.55,6,73.436465
-20.05,6,73.466972
-15.95,6,73.496995
-19.75,6,73.529189
-22.55,6,73.561157
-6.75,6,75.713783
-16.2,6,75.75026
-21.1,6,75.771949
-9.65,6,75.797587
-9.35,6,75.823986
11.05,6,75.850344
-29.25,6,75.889418
-35.9,6,75.915476
7.8,6,75.953548
12.95,6,75.974681
-22.55,6,76.008075
-18.1,6,76.03636
-22.55,6,76.054933
-5.2,6,76.086374
2.85,6,76.111014
0.3,6,76.132727
-15.3,6,76.158739
-7.45,6,76.187879
-8.15,6,76.20383
8.05,6,76.23317
6.8,6,76.263517
0.2,6,76.286854
-8.55,6,76.316067
-12.6,6,76.343061
2.7,6,76.363943
-30.15,6,76.388863
-4.45,6,76.420435
4.6,6,76.451783
11.25,6,76.475475
-18.05,6,76.498599
-9.35,6,76.535876
-24.7,6,76.577903
-26.95,6,76.612535
1.55,6,76.662276
-29.15,6,76.697369
-8.75,6,76.713105
-10.7,6,76.738594
-48.0,6,76.768344
-6.5,6,76.792911
-6.95,6,76.811475
21.5,6,76.8264
-1.45,6,76.851301
-3.05,6,76.881109
-18.1,6,76.906807
-1.8,6,76.93211
-8.75,6,76.956691
-23.5,6,76.981561
-17.4,6,77.006929
16.8,6,77.039869
-10.0,6,77.059655
15.7,6,77.077534
-13.4,6,77.114064
1.05,6,77.131646
4.1,6,77.152567
13.75,6,77.18367
-6.0,6,77.210121
-18.4,6,77.245341
8.45,6,77.27323
2.65,6,77.312265
-15.95,6,77.346
-3.55,6,77.371011
-13.95,6,77.405367
-25.9,6,77.437515
-20.65,6,77.460178
-19.05,6,77.478633
-10.4,6,77.503608
-15.15,6,77.532947
-15.65,6,77.55685
-13.15,6,77.582754
-17.45,6,77.610772
-26.9,6,77.630466
-14.45,6,77.668535
22.3,6,77.687553
2.85,6,77.716309
-30.05,6,77.740307
6.05,6,77.766618
-9.2,6,77.79433
-8.95,6,77.82291
7.45,6,77.850895
-1.1,6,77.885319
-11.8,6,77.91625
-14.35,6,77.949497
-8.55,6,77.975618
-10.1,6,79.650599
-5.2,6,79.672486
-17.15,6,79.698019
-21.1,6,79.732364
-14.1,6,79.754803
-20.45,6,79.779232
5.3,6,79.813303
-14.0,6,79.843026
-3.35,6,79.8764
2.7,6,79.905862
-11.5,6,79.931919
-1.7,6,79.953889
-5.8,6,79.980348
-3.9,6,80.010822
8.25,6,80.041423
-19.4,6,80.067841
-15.2,6,80.095227
19.7,6,80.122042
-9.2,6,80.158112
-19.55,6,80.186825
6.05,6,80.219587
-13.45,6,80.261635
-10.85,6,80.289651
15.05,6,80.321253
-12.8,6,80.358493
-1.3,6,80.404741
-7.85,6,80.432677
9.55,6,80.468726
-0.15,6,80.507011
-16.0,6,80.538726
-0.25,6,80.561987
-20.4,6,80.594218
-3.7,6,80.624434
-9.45,6,80.670264
-4.45,6,80.699518
-9.05,6,80.730534
-17.7,6,80.749977
-15.15,6,80.781811
-22.25,6,80.805089
-3.1,6,80.832744
-15.25,6,80.851842
-11.75,6,80.880281
-12.0,6,80.913308
-0.6,6,80.937222
9.1,6,80.958662
8.35,6,80.98347
0.3,6,81.005417
-14.15,6,81.031929
-12.9,6,81.068114
14.1,6,81.085431
-4.3,6,81.124469
-18.5,6,81.152258
-23.1,6,81.176176
-7.45,6,81.203979
-28.55,6,81.274977
-20.9,6,81.321767
7.45,6,81.387638
2.75,6,81.429268
-9.4,6,81.474163
1.8,6,81.505627
-11.05,6,81.532921
-8.5,6,81.557524
-3.1,6,81.597764
-30.65,6,81.636827
-3.4,6,81.660794
-7.7,6,81.692412
-1.5,6,81.715213
-5.6,6,81.743257
-0.55,6,81.765229
-9.85,6,81.791066
-5.25,6,81.825001
0.6,6,81.847331
-9.7,6,81.872633
12.3,6,81.889783
9.95,6,81.928876
-26.5,6,81.96146
-14.2,6,81.979871
-14.4,6,81.998649
16.8,6,82.033023
-8.75,6,82.059188
-14.75,6,82.087464
1.65,6,82.110146
-11.15,6,82.138422
-15.3,6,82.501059
-14.75,6,82.538428
-12.6,6,82.556165
-1.1,6,82.58346
-29.15,6,82.614009
5.55,6,82.64286
-14.65,6,82.676402
-14.8,6,82.702699
-6.7,6,82.730726
-19.15,6,82.751619
4.15,6,82.771917
-23.8,6,82.80283
-5.05,6,82.826309
-13.75,6,82.856961
-12.1,6,82.878196
-0.7,6,82.896544
-11.15,6,82.930011
-17.35,6,82.951723
-15.3,6,82.973339
-18.7,6,82.995877
1.85,6,83.020533
34.05,6,83.042738
1.1,6,83.069638
7.15,6,83.098994
-23.75,6,83.128385
-6.1,6,83.160226
-14.65,6,83.191322
-12.95,6,83.216356
0.85,6,83.241319
-14.5,6,83.270813
-3.7,6,83.296674
-7.05,6,83.323474
4.35,6,83.352732
25.75,6,83.384954
7.45,6,83.407061
-10.45,6,83.44741
-1.4,6,83.473407
9.9,6,83.497745
-9.8,6,83.526774
1.35,6,83.556031
-11.75,6,83.584343
-15.65,6,83.620285
2.45,6,83.660854
5.95,6,83.692875
4.4,6,83.717612
-22.3,6,83.742113
22.65,6,83.761299
-3.1,6,83.794533
-17.85,6,83.830374
-11.8,6,83.86255
-19.65,6,83.900155
-22.65,6,83.936433
-3.95,6,83.965396
-28.4,6,84.003863
-6.4,6,84.027943
-2.65,6,84.057948
-11.8,6,84.082153
-10.6,6,84.113373
-38.85,6,84.146787
0.5,6,84.174868
0.1,6,84.196487
-21.85,6,84.225383
-26.25,6,84.25503
17.7,6,84.282225
-13.05,6,84.304653
-18.45,6,84.336982
-9.65,6,84.3754
-10.15,6,84.397641
-7.2,6,84.423794
-0.5,6,84.459026
4.25,6,84.488526
5.35,6,84.509269
-8.45,6,84.533046
-13.75,6,84.56651
5.0,6,84.586974
-16.75,6,84.620311
7.3,6,84.658577
7.55,6,84.691671
-10.6,6,84.72056
-17.45,6,84.751499
2.9,6,84.783515
19.0,6,84.801688
5.15,6,84.832078
-22.9,6,84.861287
2.5,6,84.894867
21.5,6,84.922834
10.9,6,84.941141
-1.2,6,84.964775
-12.85,6,85.001094
-33.1,6,85.03349
-6.45,6,85.066834
-1.7,6,85.115318
-6.4,6,85.144921
25.45,6,85.175872
-12.45,6,85.208805
-13.35,6,85.244791
-24.65,6,85.269207
-40.1,6,85.304198
8.75,6,85.337654
-14.05,6,85.366742
162.0,3,85.374846
-2.0,6,85.399385
1.2,6,85.419386
20.65,6,85.447594
21.85,6,85.481613
-6.7,6,85.512178
29.05,6,85.532444
-7.4,6,85.564126
-11.45,6,85.587925
-21.6,6,85.620383
-4.45,6,85.649938
-17.05,6,85.678955
14.0,6,85.712275
-1.8,6,85.749731
2.3,6,85.775696
-6.65,6,85.80078
1.6,6,85.842676
9.45,6,85.868399
-40.55,6,85.902003
-17.4,6,85.922312
13.2,6,85.947073
-3.5,6,85.965727
172.65,4,85.987497
153.2,5,86.006339
6.75,6,86.031103
-38.75,6,86.06838
-23.15,6,86.114256
14.6,6,86.138353
26.8,6,86.157597
-24.05,6,86.181061
-15.6,6,86.211369
-16.45,6,86.248232
28.4,6,86.279404
-5.25,6,86.317977
-7.95,6,86.348706
9.05,6,86.3683
-40.15,6,86.404404
0.9,6,86.418872
0.5,6,86.444103
-6.8,6,86.468937
-17.35,6,86.502201
-11.3,6,86.529902
-6.25,6,86.574287
3.7,6,86.601021
-9.95,6,86.628728
0.95,6,86.659357
17.4,6,86.68615
-6.55,6,86.704351
-20.15,6,86.725409
-22.1,6,86.753303
-8.25,6,86.780317
7.85,6,86.797479
-7.75,6,86.816569
-2.1,6,86.847519
-14.2,6,86.879248
12.1,6,86.905353
5.4,6,86.930803
-16.95,6,86.955143
-0.6,6,86.982419
-1.9,6,87.009815
-14.2,6,87.029422
0.25,6,87.055058
-16.45,6,87.072294
15.75,6,87.100434
-14.55,6,87.126652
-14.45,6,87.154061
-10.5,6,87.183232
-18.15,6,87.230552
-21.65,6,87.270779
15.6,6,87.299919
-21.65,6,87.319685
2.05,6,87.344806
-12.3,6,87.372678
-15.05,6,87.403699
16.0,6,87.432458
-1.55,6,87.464789
-21.85,6,87.511992
11.25,6,87.536814
11.3,6,87.570356
-2.45,6,87.602267
20.5,6,87.629543
-4.8,6,87.664768
6.8,6,87.686402
-17.1,6,87.711355
-15.0,6,87.738609
1.85,6,87.764341
-5.0,6,87.79687
5.0,6,87.816606
-4.1,6,87.844227
-35.3,6,87.870214
-3.2,6,87.903457
3.25,6,87.930141
-14.3,6,87.963012
-7.9,6,87.989305
-3.8,6,88.017501
-6.6,6,88.04253
-11.75,6,88.065393
-11.5,6,88.103538
-8.7,6,88.14116
-6.75,6,88.167227
-0.35,6,88.199096
-0.1,6,88.234883
-1.2,6,88.258179
-7.5,6,88.280073
-1.65,6,88.31142
-13.05,6,88.337429
-6.3,6,88.360875
20.45,6,88.393884
13.75,6,88.424027
-20.4,6,88.451169
-29.85,6,88.480648
-12.9,6,88.512787
15.3,6,88.532154
0.55,6,88.566075
-11.75,6,88.595748
13.85,6,88.619701
12.55,6,88.648298
-21.55,6,88.689537
9.75,6,88.723406
-22.1,6,88.757715
-22.65,6,88.790758
-9.55,6,88.819566
-1.15,6,88.846786
-4.4,6,88.873442
-17.45,6,88.894497
-24.3,6,88.925898
-1.65,6,88.953061
-10.15,6,88.976031
-9.5,6,88.9953
8.5,6,89.023149
-1.4,6,89.047156
-5.0,6,89.083256
-1.8,6,89.109475
-7.3,6,89.135384
33.95,6,89.158923
13.05,6,89.186133
-17.0,6,89.222798
16.05,6,89.248513
9.5,6,89.271579
-20.4,6,89.296825
7.2,6,89.334532
-1.05,6,89.370508
-19.8,6,89.401285
-9.25,6,89.430014
2.1,6,89.462517
-14.65,6,89.49119
-4.85,6,89.530404
15.7,6,89.560942
-13.05,6,89.599617
-39.55,6,89.630232
-14.45,6,89.653567
-23.85,6,89.693532
-1.4,6,89.712889
-7.7,6,89.739224
-7.8,6,89.7589
12.8,6,89.789032
-14.75,6,89.816199
-16.5,6,89.851127
-18.65,6,89.87746
0.65,6,89.91537
-8.15,6,89.949395
2.7,6,89.976254
5.3,6,90.004986
-20.6,6,90.028003
4.05,6,90.062957
-4.65,6,90.089373
-12.45,6,90.130449
-21.9,6,90.152091
-10.3,6,90.181215
-40.3,6,90.209646
-8.65,6,90.22812
-10.0,6,90.253184
9.05,6,90.274825
-16.95,6,90.297406
12.55,6,90.327397
-15.8,6,90.356222
-7.4,6,90.393031
-0.55,6,90.417968
-12.6,6,90.434951
-17.2,6,90.466798
-10.95,6,90.499462
0.85,6,90.531152
153.55,6,90.554758
-9.95,6,90.583065
-40.05,6,90.617273
9.95,6,90.644099
0.25,6,90.671635
11.3,6,90.697272
7.45,6,90.725439
-23.1,6,90.761692
-16.05,6,90.788129
-1.35,6,90.832232
4.25,6,90.855142
-5.6,6,90.882081
-2.85,6,90.911211
-7.95,6,90.943656
-6.5,6,90.973812
-2.0,6,91.002233
1.4,6,91.030254
-13.1,6,91.058024
-21.7,6,91.091748
-5.0,6,91.120976
6.95,6,91.150457
-7.2,6,91.178633
-17.85,6,91.206344
-8.45,6,91.230646
-12.3,6,91.267568
2.65,6,91.292529
-21.6,6,91.317319
0.7,6,91.344645
-0.2,6,91.376332
9.4,6,91.407748
15.65,6,91.430271
-5.2,6,91.456111
10.3,6,91.490388
-6.3,6,91.510831
-13.15,6,91.554052
-7.4,6,91.574232
-15.55,6,91.613949
-14.05,6,91.642093
-7.7,6,91.676291
1.85,6,91.705355
-14.55,6,91.732449
-24.05,6,91.754819
-7.55,6,91.778866
-10.6,6,91.804404
0.1,6,91.842519
-27.15,6,91.869922
-16.35,6,91.895442
0.6,6,91.926894
12.95,6,91.959731
-24.7,6,91.993298
0.75,6,92.01774
7.25,6,92.055135
-7.65,6,92.08552
-9.25,6,92.120475
16.2,6,92.143071
-10.6,6,92.170274
10.95,6,92.196243
-19.25,6,92.218306
0.05,6,92.254089
-5.95,6,92.315076
14.55,6,92.347219
3.4,6,92.374677
-27.25,6,92.409194
-11.25,6,92.447448
-16.15,6,92.481454
-4.1,6,92.51104
24.6,6,92.536605
10.45,6,92.570155
-1.3,6,92.600669
-0.35,6,92.629972
-17.45,6,92.667607
-7.55,6,92.695281
-18.7,6,92.715743
11.4,6,92.738314
15.4,6,92.768851
-13.1,6,92.791433
-8.75,6,92.814809
-2.35,6,92.83184
-15.55,6,92.860656
10.0,6,92.880385
-16.5,6,92.90737
-12.35,6,92.938541
21.25,6,92.952044
-13.2,6,92.980037
8.95,6,93.021159
24.95,6,93.050341
-19.4,6,93.084996
-12.25,6,93.121537
-21.9,6,93.146457
-30.35,6,93.176309
-8.65,6,93.208353
-4.35,6,93.242968
-1.5,6,93.274461
-12.7,6,93.303515
0.6,6,93.338362
-27.2,6,93.369194
129.0,1,93.375632
-22.0,6,93.403408
-2.4,6,93.425708
13.95,6,93.464725
-9.0,6,93.491013
-12.35,6,93.529513
-27.9,6,93.569542
0.6,6,93.601926
-20.9,6,93.638485
-12.35,6,93.673593
-11.3,6,93.70384
-16.5,6,93.7278
-27.55,6,93.752861
-12.25,6,93.79103
-0.45,6,93.809436
-10.8,6,93.834285
-8.1,6,93.864244
-13.1,6,93.893818
-12.05,6,93.930094
-14.2,6,93.959898
3.1,6,93.995385
-10.4,6,94.02254
146.9,2,94.029877
-5.7,6,94.053821
138.4,2,94.060957
-1.4,6,94.091345
-11.65,6,94.127226
9.85,6,94.1535
-4.65,6,94.187767
13.15,6,94.216294
8.0,6,94.247856
-3.95,6,94.270166
-12.65,6,94.301181
-22.4,6,94.339499
-17.0,6,94.362134
-8.0,6,94.385808
142.1,2,94.398772
-7.3,6,94.435041
8.05,6,94.461067
-11.75,6,94.489216
-17.2,6,94.537223
6.8,6,94.566237
1.95,6,94.591463
2.15,6,94.626848
-6.7,6,94.654437
-14.85,6,94.687877
0.3,6,94.712257
-0.95,6,94.737295
5.55,6,94.769367
-26.65,6,94.79657
2.15,6,94.828245
-11.1,6,94.849831
-9.5,6,94.873963
14.5,6,94.897299
15.5,6,94.920192
-1.1,6,94.953934
7.0,6,94.978299
-8.2,6,95.01075
-3.9,6,95.037292
-19.05,6,95.065669
-20.8,6,95.099437
-12.2,6,95.127544
-26.0,6,95.149941
21.45,6,95.167489
1.8,6,95.196651
2.35,6,95.241614
-0.9,6,95.279601
-3.75,6,95.304931
-2.4,6,95.335208
-1.6,6,95.36653
-28.4,6,95.406903
-1.3,6,95.441011
-13.4,6,95.472894
-4.25,6,95.495215
-16.3,6,95.52532
-12.15,6,95.555143
-11.7,6,95.58436
28.2,6,95.6116
-18.85,6,95.642672
1.15,6,95.669232
-0.55,6,95.699946
6.8,6,95.722319
13.6,6,95.75034
1.2,6,95.772797
-1.45,6,95.799628
-19.05,6,95.826819
-6.35,6,95.853435
1.6,6,95.876643
-17.4,6,95.907264
8.65,6,95.928446
-14.0,6,95.980887
0.1,6,96.011595
-18.75,6,96.04535
12.4,6,96.06719
-4.65,6,96.089467
7.0,6,96.123337
-27.2,6,96.147541
-3.5,6,96.173821
-20.85,6,96.209972
-6.3,6,96.244181
-2.3,6,96.283684
-8.95,6,96.315012
3.15,6,96.338868
-16.65,6,96.364276
-4.55,6,96.391143
-11.35,6,96.419068
-2.15,6,96.44473
-1.55,6,96.479403
-11.8,6,96.502278
11.35,6,96.526793
5.7,6,96.55579
3.55,6,96.57649
-1.9,6,96.607785
-3.55,6,96.636518
-17.5,6,96.670839
-27.8,6,96.720508
-4.25,6,96.745879
13.7,6,96.774572
-17.1,6,96.809512
-2.35,6,96.837631
-4.0,6,96.869066
-8.65,6,96.892379
-8.65,6,96.917145
-17.95,6,96.94717
6.5,6,96.966601
-8.7,6,97.001815
-8.0,6,97.038966
-11.7,6,97.07584
-7.25,6,97.104834
-6.2,6,97.126039
-27.4,6,97.165696
-18.1,6,97.198453
7.85,6,97.223242
-3.8,6,97.266938
-7.45,6,97.31487
6.95,6,97.364387
-6.75,6,97.392647
-7.8,6,97.418263
-8.05,6,97.447869
4.35,6,97.495596
-22.8,6,97.531492
-24.95,6,97.561099
-3.4,6,97.588523
-7.05,6,97.630046
20.0,6,97.689073
-11.0,6,97.734669
-3.0,6,97.75958
-5.0,6,97.792002
146.7,3,97.810441
-0.45,6,97.827468
-17.6,6,97.858171
-6.9,6,97.881567
-13.9,6,97.911767
-13.3,6,97.950045
3.6,6,97.97363
-20.35,6,97.996243
3.6,6,98.009543
-12.05,6,98.038105
-22.85,6,98.077009
-10.55,6,98.099474
-21.85,6,98.125087
-1.55,6,98.154365
-4.4,6,98.178671
-10.9,6,98.207345
0.45,6,98.237559
-21.8,6,98.28228
23.8,6,98.306653
-5.95,6,98.328109
156.4,6,98.35541
1.25,6,98.410953
-7.2,6,98.457396
-2.6,6,98.498462
-4.05,6,98.52635
1.75,6,98.566397
-12.4,6,98.602462
-12.85,6,98.630747
5.2,6,98.655415
-16.6,6,98.682941
-15.0,6,98.72818
-29.9,6,98.751621
7.45,6,98.77625
0.95,6,98.800275
-23.55,6,98.835837
-21.85,6,98.861995
-14.1,6,98.899927
-0.3,6,98.926826
1.2,6,98.95245
-5.5,6,98.989217
-10.3,6,99.021427
-16.95,6,99.061729
-0.5,6,99.087302
10.15,6,99.106542
-17.35,6,99.13754
-25.65,6,99.169761
7.2,6,99.195759
-8.7,6,99.229978
-19.9,6,99.253773
3.25,6,99.284978
-24.2,6,99.312963
0.8,6,99.33823
-22.15,6,99.371377
-0.65,6,99.399757
-8.15,6,99.429387
-16.45,6,99.455496
-0.3,6,99.488853
3.6,6,99.511864
-9.7,6,99.544119
-2.6,6,99.572492
14.1,6,99.598528
-0.1,6,99.635503
-14.05,6,99.675672
10.05,6,99.716961
-21.05,6,99.75227
-3.4,6,99.774478
17.65,6,99.812299
0.85,6,99.843346
6.4,6,99.866045
-13.35,6,99.8929
-14.3,6,99.926144
-13.55,6,99.955821
-9.55,6,99.983645
11.9,6,100.009073
-20.05,6,100.033797
-12.2,6,100.06526
-9.25,6,100.101632
-8.25,6,100.130036
-8.9,6,100.167531
-3.2,6,100.193011
-19.65,6,100.223107
-22.6,6,100.259664
9.7,6,100.274382
15.35,6,100.301954
-16.7,6,100.333208
-13.6,6,100.374785
-4.05,6,100.399623
8.35,6,100.425061
-10.05,6,100.457138
-14.05,6,100.486534
142.1,2,100.503452
13.65,6,100.532501
-2.45,6,100.567236
-23.15,6,100.59943
-10.65,6,100.625243
-16.45,6,100.656237
-17.95,6,100.685334
0.3,6,100.706733
-11.4,6,100.73453
7.55,6,100.76802
16.75,6,100.803737
-58.15,6,100.832991
-30.15,6,100.865853
0.75,6,100.902045
-5.0,6,100.935483
-1.75,6,100.959224
145.55,3,100.969177
-21.05,6,100.987308
23.4,6,101.003639
-7.05,6,101.042895
2.4,6,101.067312
-2.25,6,101.093399
8.3,6,101.127999
14.0,6,101.156869
-40.2,6,101.184104
-12.4,6,101.211527
-2.95,6,101.242089
13.4,6,101.287942
-12.05,6,101.316531
-16.3,6,101.339872
-11.2,6,101.358743
-42.6,6,101.384216
-6.3,6,101.420059
5.5,6,101.442189
17.8,6,101.465265
-14.45,6,101.493788
-10.4,6,101.522069
-14.25,6,101.551248
-12.95,6,101.580847
-36.8,6,101.616168
3.95,6,101.643913
-15.95,6,101.668302
-37.75,6,101.70343
2.6,6,101.729
-6.55,6,101.755388
-8.35,6,101.784683
5.55,6,101.81483
-25.25,6,101.847665
-28.9,6,101.87401
-5.4,6,101.905076
16.2,6,101.940334
-6.95,6,101.963329
23.0,6,102.012592
146.9,2,102.021666
-1.85,6,102.047991
-1.1,6,102.070889
3.2,6,102.098187
-11.55,6,102.135877
17.55,6,102.164613
13.0,6,102.193895
-5.75,6,102.226609
-21.8,6,102.251112
-10.75,6,102.282356
-23.25,6,102.317687
24.5,6,102.344435
32.05,6,102.373164
13.95,6,102.402101
-1.65,6,102.430315
-17.5,6,102.458582
27.75,6,102.48548
-7.1,6,102.510599
-9.15,6,102.551167
-20.5,6,102.574324
-17.9,6,102.603133
-38.9,6,102.635611
-14.9,6,102.668623
21.15,6,102.696476
-0.05,6,102.731802
-6.1,6,102.758713
-15.65,6,102.792289
-15.35,6,102.82877
-14.5,6,102.853887
-6.5,6,102.877602
3.95,6,102.904066
-4.65,6,102.929523
-12.55,6,102.95952
-18.85,6,102.998514
-7.55,6,103.026859
-15.5,6,103.055624
-3.35,6,103.080091
-8.95,6,103.112379
-18.3,6,103.143924
-0.45,6,103.164908
-8.55,6,103.197727
-2.25,6,103.219279
-18.2,6,103.242559
6.85,6,103.280395
-1.9,6,103.305636
27.95,6,103.33131
-24.0,6,103.361652
19.05,6,103.390054
-16.1,6,103.42173
-19.9,6,103.457352
-26.3,6,103.492224
-1.6,6,103.522177
-35.25,6,103.551822
-8.65,6,103.588633
-19.0,6,103.615306
-36.05,6,103.648582
11.05,6,103.679281
-13.3,6,103.71079
-12.55,6,103.75165
13.35,6,103.775018
-8.25,6,103.802166
-0.2,6,103.830636
-17.65,6,103.852123
23.15,6,103.884501
-1.35,6,103.912921
-7.45,6,103.935046
24.0,6,103.956325
-13.8,6,103.980382
-21.1,6,104.002109
8.6,6,104.02493
-25.95,6,104.054236
-17.25,6,104.095208
-16.8,6,104.134284
-21.35,6,104.164804
-14.2,6,104.206587
-10.3,6,104.226893
3.6,6,104.246047
-1.55,6,104.275403
-17.45,6,104.309161
-7.75,6,104.339865
-5.55,6,104.364739
0.55,6,104.392361
-3.7,6,104.428021
-16.0,6,104.463981
6.8,6,104.493518
12.4,6,104.519331
-7.85,6,104.554712
-18.7,6,104.583114
-8.8,6,104.617403
-5.05,6,104.654295
-14.5,6,104.684157
17.05,6,104.705772
11.75,6,104.731314
-5.55,6,104.752491
-18.2,6,104.778244
-7.45,6,104.808371
15.55,6,104.833754
8.65,6,104.859018
-0.55,6,104.8875
-18.75,6,104.924759
-12.55,6,104.957787
-21.15,6,104.991382
-11.35,6,105.017936
-10.95,6,105.046762
-15.25,6,105.072839
-11.6,6,105.096416
2.45,6,105.11938
-0.1,6,105.142382
-18.95,6,105.18039
-22.6,6,105.198639
-11.35,6,105.221901
-8.4,6,105.242946
-31.4,6,105.278193
-10.4,6,105.312093
-2.45,6,105.33463
-7.55,6,105.365191
-2.3,6,105.396279
-29.25,6,105.433155
-19.9,6,105.466076
-22.0,6,105.502131
-18.15,6,105.531065
-27.55,6,105.553076
-7.25,6,105.578043
-14.7,6,105.620309
-12.5,6,105.662728
-3.6,6,105.691299
6.15,6,105.730801
-16.9,6,105.755873
-12.45,6,105.778885
-8.4,6,105.814578
-24.0,6,105.847231
-30.5,6,105.868156
0.0,6,105.88894
-19.95,6,105.926028
-22.5,6,105.956855
-23.85,6,105.981862
-19.8,6,106.008395
-20.55,6,106.041746
-17.2,6,106.075568
-19.55,6,106.113979
-21.6,6,106.147685
-5.5,6,106.183566
22.35,6,106.204481
-1.45,6,106.229887
7.25,6,106.255341
-0.5,6,106.279651
-5.55,6,106.310784
-5.0,6,106.333209
-8.95,6,106.362956
-9.0,6,106.407
-13.4,6,106.437004
-15.75,6,106.466343
-14.75,6,106.50213
-3.2,6,106.538754
-9.2,6,106.5615
-3.15,6,106.585339
3.7,6,106.602809
-9.9,6,106.63641
-22.3,6,106.66103
-16.9,6,106.681656
-21.9,6,106.713293
5.5,6,106.741601
-15.25,6,106.776349
-10.05,6,106.805655
-11.6,6,106.838904
8.65,6,106.871457
7.25,6,106.908287
0.75,6,106.941561
1.65,6,106.970329
-2.9,6,107.000058
-1.85,6,107.029084
7.6,6,107.384027
-27.7,6,107.409772
3.55,6,107.44148
-6.45,6,107.483017
-1.15,6,107.514775
-3.25,6,107.538129
-13.7,6,107.569494
-19.1,6,107.603461
-6.3,6,107.634893
-6.35,6,107.661027
-11.1,6,107.693385
-22.05,6,107.727641
-10.9,6,107.75598
2.4,6,107.784558
-4.7,6,107.809259
-11.25,6,107.837354
-10.2,6,107.867455
-8.85,6,107.897505
-1.75,6,107.928734
-13.95,6,107.956138
0.2,6,107.983202
-8.8,6,108.00032
18.05,6,108.038911
9.7,6,108.062938
-6.7,6,108.088368
-16.6,6,108.108886
-1.65,6,108.145462
3.85,6,108.18172
-14.55,6,108.23004
-26.0,6,108.262477
29.35,6,108.290491
-0.25,6,108.313109
10.85,6,108.342564
10.65,6,108.369718
-6.15,6,108.40608
-18.45,6,108.437169
-5.2,6,108.451959
9.75,6,108.485857
-25.5,6,108.522208
-10.6,6,108.55585
2.95,6,108.580132
-9.25,6,108.603288
-12.65,6,108.638667
-12.55,6,108.668024
-31.35,6,108.703723
-0.2,6,108.731468
-3.2,6,108.75879
-18.05,6,108.798934
2.15,6,108.827146
-11.15,6,108.857442
-17.65,6,108.891785
-2.0,6,108.925658
20.05,6,108.952652
12.35,6,108.997022
-10.35,6,109.026961
-30.75,6,109.062868
-3.2,6,109.087309
15.6,6,109.114232
0.25,6,109.149235
-5.0,6,109.186595
-15.6,6,109.212885
1.2,6,109.238453
-13.45,6,109.278296
139.75,3,109.291676
14.15,6,109.317666
158.3,4,109.339164
-4.5,6,109.363719
-22.85,6,109.403
11.45,6,109.437484
-6.85,6,109.464873
-12.0,6,109.49208
21.0,6,109.5146
-29.85,6,109.554259
-23.45,6,109.583972
-2.45,6,109.615404
-11.55,6,109.635049
-0.2,6,109.659503
-11.5,6,109.684881
-7.95,6,109.728796
-20.2,6,109.760983
14.65,6,109.782958
-12.35,6,109.807262
-12.5,6,109.839768
1.25,6,109.864735
-25.95,6,109.908703
-30.2,6,109.942162
-31.8,6,109.968617
-40.3,6,109.993476
2.5,6,110.021049
-10.05,6,110.048515
-8.0,6,110.070913
4.4,6,110.094802
24.65,6,110.128292
-11.6,6,110.154265
-22.55,6,110.182322
-3.85,6,110.204019
-26.25,6,110.234301
-24.75,6,110.271842
-20.15,6,110.300887
-18.95,6,110.332007
-16.35,6,110.359854
-26.2,6,110.392045
6.95,6,110.424907
-8.3,6,110.471281
-35.85,6,110.510944
-2.35,6,110.540824
-3.95,6,110.575638
-11.9,6,110.597524
18.7,6,110.620672
-3.5,6,110.647655
-14.4,6,110.680568
20.05,6,110.706727
-13.8,6,110.725961
-10.1,6,110.748219
-16.15,6,110.770053
-4.2,6,110.792836
-21.3,6,110.817977
-6.7,6,110.854619
-23.55,6,110.884526
2.65,6,110.914613
18.35,6,110.947695
-28.65,6,110.971847
18.7,6,111.003711
6.65,6,111.036422
-10.1,6,111.057728
3.25,6,111.080799
-13.85,6,111.112544
-9.5,6,111.156912
-24.25,6,111.189829
-8.0,6,111.222782
-11.1,6,111.254882
-3.6,6,111.288236
-6.35,6,111.319342
-12.25,6,111.347251
-24.6,6,111.373657
164.9,4,111.390944
-9.5,6,111.413013
-7.55,6,111.433486
-3.6,6,111.469494
-17.1,6,111.532932
-3.55,6,111.570685
-20.6,6,111.612024
-19.85,6,111.644438
-39.4,6,111.682918
-12.0,6,111.726378
-22.6,6,111.757573
-10.3,6,111.786354
16.35,6,111.819644
-3.4,6,111.837244
-13.4,6,111.870146
-18.65,6,111.899606
-10.6,6,111.922943
5.25,6,111.950623
2.1,6,111.985991
11.7,6,112.01776
-13.45,6,112.042513
-10.8,6,112.075477
-6.0,6,112.10905
145.7,5,112.13-16.650.7,6,112.157-1.95-18.2,6,112.189-7.0,-3.7,6,112.209-15.0-30.2,6,112.23-18.5,-25.45,6,112.2-4.25,6-15.3,6,112.3-31.4,6-4.6,6,112.32-17.8,-18.2,6,112.3411.3,62.6,6,112.37-15.2,-39.6,6,112.403.05,64.25,6,112.435.2,6,-15.0,6,112.3.95,6,1-41.9,6,113.65,6,1125.45,6,11-16.05,6,1-27.4,6,112-35.4,6,1-7.15,6,112-22.85,6,129.0,1,112.0.0,6,11-17.25,6,1-1.15,6,112-3.45,6,-8.95,6,112.-20.8,6,-18.15,6,112-6.4,6,116.35,6,112-33.35,6,-6.9,6,112.21.1,6,15.05,6,112.-31.4,6,-9.55,6,112.-6.85,-25.75,6,112.8-6.9,6,-9.75,6,112.-2.45,6,9.85,6,112.9-13.35,-6.95,6,112.9513.6,6-7.15,6,112.-13.4,6,0.95,6,113.0-7.5,6,-7.9,6,113.0-13.05,0.5,6,113.05160.1,-12.3,6,113.07-16.2,16.65,6,113.10-23.1513.2,6,113.129-1.95-21.6,6,113.1548.15,-18.95,6,113.1-17.1,6-11.4,6,113.2-2.55,6-13.55,6,113.-12.65,6-12.35,6,113-3.8,6,112.55,6,113-16.25,6,-14.6,6,113.-15.8,6,-39.2,6,1139.7,6,113-12.5,6,1-8.85,6,113-7.7,6,11-10.45,6,130.55,6,113-20.9,6,1-23.75,6,11-4.8,6,113-19.65,6,9.65,6,113.6-10.85,-10.7,6,113.683.45,6-22.45,6,113.8.35,6,1-11.6,6,113-21.25,6,-2.1,6,113.715.3,6,-6.75,6,113-0.8,6,11-46.8,6,11-16.25,6,117.4,6,113.-30.2,6,4.95,6,113.8-24.9,15.2,6,113.901-10.2-0.5,6,113.928431.4-31.4,6,113.9552-24.-12.8,6,113.98806-23-8.6,6,114.019406-2-17.7,6,114.051474-025.5,6,114.076705--9.1,6,114.102347-10.1,6,114.129537-21.55,6,114.158032--8.4,6,114.196109
-25.75,6,114.229533--23.05,6,114.247666-32.75,6,114.290444162.65,6,114.323629212.05,6,114.34781811-20.25,6,114.3812816.-7.65,6,114.40424.85-7.4,6,114.4401-28.-20.65,6,114.4744-39.-19.1,6,114.49775-246.4,6,114.5220283-16.45,6,114.5507410.-21.35,6,114.580112.9-9.1,6,114.6153-28.-16.65,6,114.64-5.75,4.4,6,114.6742-14.23.1,6,114.6879575.-13.75,6,114.706-9.214.4,6,114.72829-11-16.7,6,114.75617-1.-15.75,6,114.77-34.4,-1.8,6,114.805-0.4,-56.0,6,114.82-26.65-12.4,6,114.852-28.2-13.55,6,114.8815.1,6-27.45,6,114.-11.15,6-1.05,6,114.9-12.8,1.35,6,114.990-11.0-5.45,6,115.023-24.714.55,6,115.0581-1.1-23.8,6,115.09216.12.85,6,115.1103-18.1.15,6,115.127377.7-5.3,6,115.1559-27.-9.9,6,115.18145133-1.7,6,115.2139176.-4.9,6,115.23371123-3.85,6,115.25177-4.-14.3,6,115.28652-2.-14.0,6,115.319345.6-12.35,6,115.3462.95,0.3,6,115.3799-22.-0.3,6,115.408058-4-8.85,6,115.442542-212.45,6,115.473006--1.35,6,115.497941
19.4,6,115.516121
1.9,6,115.537574
-26.2,6,115.5684612-18.4,6,115.60391
-13.55,6,115.63806
-34.05,6,115.66707-1219.85,6,115.70357-8.141.6,3,115.71905-11-8.85,6,115.749715-1-34.6,6,115.771597-1-25.75,6,115.80408-13-47.3,6,115.8374249.10.5,6,115.864650.9-20.15,6,115.895-5.75-13.6,6,115.924-2.45-9.25,6,115.9536.25,-8.05,6,115.98-15.45-4.4,6,116.0148-22-15.05,6,116.041.55,61.5,6,116.078-14.9-10.45,6,116.11-18.85-13.25,6,116.1411.75,-12.65,6,116.16.9,6,1-8.0,6,116.15.1,6,120.75,6,11611.5,6,11-7.2,6,116-4.15,6,1-4.15,6,116-13.15,6,-7.2,6,116.2-52.65,-4.6,6,116.314-16.4-37.8,6,116.34394.7514.95,6,116.36340.75-5.6,6,116.4143-4.013.85,6,116.4389-22.-28.4,6,116.45978-0.7.9,6,116.487813-3-3.8,6,116.511826--2.9,6,116.538429
-45.3,6,116.569957-42.2,6,116.595864
-20.35,6,116.62757--7.4,6,116.658769-2.9,6,116.68615
-29.6,6,116.719643
-24.2,6,116.743734
-24.45,6,116.772102
16.5,6,116.798608
-10.25,6,116.827986-20.7,6,116.847725
5.0,6,116.867851
-16.7,6,116.899943
-22.05,6,116.928498
-3.3,6,116.9539221-1.35,6,116.977763-7-14.5,6,116.9960840.3.8,6,117.0235961120.5,6,117.044874--8.05,6,117.0936115-35.05,6,117.1173-7.2-12.3,6,117.134-5.053.3,6,117.15670-129.6,6,117.176441--4.2,6,117.203819-9.5,6,117.23297
-8.1,6,117.26109
-22.65,6,117.293303
-11.65,6,117.323733
-23.7,6,117.349315
-11.7,6,117.375376
-19.35,6,117.41114
3.85,6,117.444049
-22.25,6,117.473171
-14.3,6,117.504923
-1.05,6,117.527081
3.45,6,117.555122
-11.75,6,117.590384
-1.35,6,117.616804
-7.8,6,117.645955
13.15,6,117.672452
9.5,6,117.703589
-32.15,6,117.733323
5.15,6,117.763779
-59.0,6,117.80985
19.1,6,117.842509
2.5,6,117.874366
-18.15,6,117.909777
-8.85,6,117.945889
-19.5,6,117.972995
5.8,6,117.997827
-28.65,6,118.028977
-0.05,6,118.056945
-16.45,6,118.093211
-21.65,6,118.11574
-2.95,6,118.136827
5.5,6,118.167015
-6.15,6,118.188101
2.2,6,118.221347
-15.45,6,118.250263
-18.9,6,118.282001
7.85,6,118.312155
-16.8,6,118.343057
-0.3,6,118.371594
-8.45,6,118.401939
1.05,6,118.426691
1.75,6,118.454992
-17.4,6,118.48517
6.55,6,118.521437
-3.95,6,118.551342
-10.3,6,118.580094
-2.5,6,118.605686
-30.0,6,118.631609
-6.65,6,118.656174
9.9,6,118.684851
-2.3,6,118.717527
-42.7,6,118.755861
6.3,6,118.786866
-10.6,6,118.821838
-20.15,6,118.858861
2.3,6,118.878903
44.1,6,118.910805
-5.75,6,118.947795
-3.8,6,118.979199
5.6,6,119.007488
14.8,6,119.032999
-12.4,6,119.062666
-26.5,6,119.09401
2.75,6,119.116126
-13.85,6,119.140188
-6.7,6,119.169156
-50.6,6,119.201072
4.35,6,119.233527
-34.85,6,119.275766
11.0,6,119.326911
12.15,6,119.357131
6.0,6,119.383718
-22.55,6,119.405305
-7.0,6,119.435671
-5.45,6,119.464864
-5.75,6,119.492533
-28.2,6,119.516206
9.5,6,119.552258
-8.85,6,119.586488
-14.6,6,119.61203
-1.7,6,119.632544
-2.85,6,119.655531
-31.95,6,119.674567
13.8,6,119.699537
6.35,6,119.7322
6.5,6,119.763639
-32.45,6,119.795903
0.15,6,119.824153
-2.1,6,119.855157
-1.3,6,119.873167
-12.4,6,119.911006
-21.4,6,119.936899
-23.25,6,119.958915
-21.4,6,119.98526
-18.15,6,120.034577
4.6,6,120.063776
146.55,5,120.086264
10.85,6,120.116625
-5.55,6,120.141892
1.75,6,120.169554
2.9,6,120.189128
-26.1,6,120.213435
-19.85,6,120.243685
-8.65,6,120.267482
26.7,6,120.295461
-14.7,6,120.3198
-10.15,6,120.354931
-23.1,6,120.386403
1.4,6,120.404268
-26.25,6,120.431815
-10.9,6,120.460575
-20.75,6,120.494305
-16.65,6,120.526625
-10.85,6,120.547686
7.4,6,120.580808
-24.95,6,120.601329
-21.55,6,120.63681
15.95,6,120.66657
-20.85,6,120.693855
-14.85,6,120.73831
-22.6,6,120.764728
-27.45,6,120.795321
-10.55,6,120.821393
8.25,6,120.854809
-6.1,6,120.880911
13.1,6,120.908904
-4.6,6,120.938531
-12.55,6,120.966075
7.3,6,120.989803
-27.45,6,121.012836
-5.55,6,121.035633
-8.85,6,121.058059
-13.2,6,121.095059
-10.65,6,121.117985
5.75,6,121.149145
-23.05,6,121.169125
-25.35,6,121.19843
-13.5,6,121.225808
0.55,6,121.252884
-15.75,6,121.286697
9.75,6,121.319375
3.35,6,121.347656
-20.1,6,121.376418
-3.25,6,121.410075
-5.95,6,121.445426
-24.3,6,121.467908
13.15,6,121.49054
8.6,6,121.519099
-21.35,6,121.549731
-10.95,6,121.581589
-3.3,6,121.610162
-9.95,6,121.647133
-16.65,6,121.669269
-6.15,6,121.690593
6.15,6,121.720084
2.95,6,121.753359
-3.55,6,121.785303
-1.55,6,121.816721
-11.55,6,121.838268
-6.55,6,121.86373
-12.55,6,121.89725
6.25,6,121.929083
-41.35,6,121.958067
-22.4,6,121.990507
-3.0,6,122.011362
-8.6,6,122.039352
-1.6,6,122.07437
-8.5,6,122.10644
-5.9,6,122.132661
4.7,6,122.170527
3.2,6,122.202171
-7.9,6,122.230755
2.4,6,122.257526
-1.9,6,122.28832
-3.25,6,122.311307
-7.85,6,122.335822
-9.15,6,122.359229
3.75,6,122.3841
-8.95,6,122.410271
-1.5,6,122.438802
-11.0,6,122.473275
-40.6,6,122.509446
-11.05,6,122.543532
3.35,6,122.573741
-7.6,6,122.609344
-8.1,6,122.633915
-12.15,6,122.663007
1.0,6,122.694898
-42.15,6,122.721025
-14.95,6,122.760609
2.5,6,122.792555
-15.0,6,122.814876
-28.75,6,122.849241
10.95,6,122.8968
-0.5,6,122.925974
12.3,6,122.944906
-8.1,6,122.974965
-11.55,6,123.009278
-15.1,6,123.038796
-3.85,6,123.07351
3.8,6,123.106477
-4.8,6,123.127535
-10.55,6,123.153045
-4.05,6,123.175706
4.85,6,123.207138
1.35,6,123.235797
-35.6,6,123.26693
-16.7,6,123.298755
-15.7,6,123.32918
-27.2,6,123.363582
-1.75,6,123.385294
-13.5,6,123.412403
4.15,6,123.433493
-4.8,6,123.457494
-2.25,6,123.476881
-2.85,6,123.49871
-9.95,6,123.529217
24.45,6,123.552558
-13.1,6,123.591929
-13.5,6,123.62609
-15.65,6,123.643654
-3.85,6,123.675391
-14.7,6,123.712753
-17.25,6,123.75259
-1.9,6,123.784508
-17.2,6,123.843256
-3.9,6,123.884014
-27.95,6,123.911026
-10.45,6,123.94042
-14.1,6,123.970152
-16.2,6,123.989403
-5.35,6,124.013644
-25.2,6,124.045445
0.8,6,124.073692
-20.4,6,124.104819
-11.55,6,124.124084
2.55,6,124.151708
-1.55,6,124.174926
4.25,6,124.206842
-12.75,6,124.238556
-25.2,6,124.269296
-15.8,6,124.2969
8.5,6,124.322537
-9.95,6,124.362242
-8.8,6,124.391665
-2.55,6,124.412516
-23.05,6,124.440395
-21.2,6,124.463657
-32.15,6,124.49274
-2.6,6,124.52768
-6.8,6,124.555375
-31.15,6,124.58626
170.0,4,124.6031
-14.05,6,124.62098
11.9,6,124.653728
5.0,6,124.678022
-6.9,6,124.705337
-6.9,6,124.72488
18.95,6,124.748114
-14.0,6,124.779334
-3.45,6,124.812368
-15.75,6,124.843125
-8.3,6,124.873633
21.8,6,124.900995
-28.15,6,124.921212
-7.8,6,124.955504
-6.3,6,124.985136
-20.15,6,125.00978
-2.8,6,125.038863
2.55,6,125.074885
-2.75,6,125.094108
-24.85,6,125.12401
-3.35,6,125.154397
-28.25,6,125.182009
-16.25,6,125.211131
6.8,6,125.233489
-7.65,6,125.266358
-1.7,6,125.292001
-14.25,6,125.314086
-6.75,6,125.339487
-28.6,6,125.36406
4.25,6,125.391786
-27.35,6,125.413471
0.2,6,125.436214
-15.45,6,125.463139
15.1,6,125.494956
4.35,6,125.530715
-9.9,6,125.554766
-9.0,6,125.58109
-5.1,6,125.614383
-18.15,6,125.635929
-15.0,6,125.664045
-34.25,6,125.682986
-12.8,6,125.70124
-5.25,6,125.737194
17.4,6,125.762261
-5.9,6,125.784835
7.1,6,125.804345
-11.75,6,125.836539
-7.5,6,125.860703
-3.55,6,125.883465
-39.6,6,125.921141
-19.15,6,125.95178
15.2,6,125.976704
-14.0,6,125.998993
-7.7,6,126.034025
41.6,6,126.069422
8.9,6,126.095913
-4.25,6,126.123701
-18.5,6,126.16597
-13.8,6,126.196939
-4.8,6,126.225282
-20.3,6,126.254171
5.8,6,126.275663
-11.95,6,126.307072
-22.75,6,126.337047
-9.05,6,126.364962
12.35,6,126.388973
-14.2,6,126.417066
1.65,6,126.450774
-2.4,6,126.482378
-2.7,6,126.514879
-28.7,6,126.54546
13.3,6,126.578959
2.05,6,126.608672
4.7,6,126.640259
0.15,6,126.671651
-16.25,6,126.690754
-9.9,6,126.72314
-3.45,6,126.746927
21.7,6,126.770485
-3.15,6,126.808178
-1.7,6,126.837831
-7.65,6,126.864974
-7.55,6,126.886974
-9.2,6,126.911787
18.85,6,126.942508
22.5,6,126.96602
-5.6,6,126.984809
-21.35,6,127.014178
-3.45,6,127.037253
-35.55,6,127.065836
-2.05,6,127.084887
-32.75,6,127.115662
18.05,6,127.149151
6.3,6,127.173684
0.75,6,127.197002
-9.8,6,127.22101
-2.15,6,127.239986
-15.1,6,127.263235
-17.05,6,127.290756
11.65,6,127.318173
-7.55,6,127.349077
9.3,6,127.370319
-39.5,6,127.403572
-33.5,6,127.438093
-1.85,6,127.474268
10.8,6,127.516798
-17.3,6,127.544197
2.55,6,127.567034
-1.1,6,127.598769
-26.0,6,127.63393
-26.75,6,127.661826
-6.45,6,127.688406
-15.75,6,127.708801
-0.4,6,127.739374
7.2,6,127.772978
-17.9,6,127.7975
3.6,6,127.835244
166.0,4,127.846826
11.75,6,127.865762
-6.55,6,127.886993
-10.0,6,127.915705
-11.9,6,127.943439
-17.95,6,127.966123
-18.7,6,127.990965
5.1,6,128.014224
-30.6,6,128.044677
-20.2,6,128.078253
-25.8,6,128.110787
-7.4,6,128.135916
-2.0,6,128.163048
-33.85,6,128.188807
-15.45,6,128.222625
-7.65,6,128.248832
3.5,6,128.278306
-4.55,6,128.299214
-17.4,6,128.330419
-10.5,6,128.357185
-16.7,6,128.384226
8.65,6,128.405141
-14.05,6,128.431633
-10.95,6,128.451801
-16.1,6,128.497429
-23.9,6,128.532034
-8.85,6,128.555966
-12.15,6,128.58886
-2.05,6,128.606074
-12.9,6,128.636641
25.15,6,128.668865
-3.6,6,128.694356
15.4,6,128.71412
-13.65,6,128.73346
9.35,6,128.758832
14.65,6,128.77619
1.6,6,128.810125
5.1,6,128.838006
-28.55,6,128.869503
5.75,6,128.899028
-15.05,6,128.927598
-6.3,6,128.951684
-43.2,6,128.974298
-14.25,6,128.997858
-8.15,6,129.035051
-13.4,6,129.059166
25.3,6,129.079323
5.1,6,129.111845
-14.5,6,129.142751
-1.8,6,129.184591
-3.95,6,129.212507
-20.65,6,129.243837
-19.15,6,129.276782
-10.55,6,129.311524
-12.9,6,129.346092
21.1,6,129.380234
-0.8,6,129.406295
-9.2,6,129.433312
-9.6,6,129.458778
3.25,6,129.485738
166.8,5,129.50302
-3.05,6,129.537311
-13.8,6,129.569083
-10.95,6,129.595503
-11.55,6,129.625166
-23.9,6,129.660698
-27.55,6,129.689383
-1.5,6,129.718093
-4.5,6,129.749912
11.95,6,129.774884
0.15,6,129.806736
-20.2,6,129.840281
-4.8,6,129.860905
-42.1,6,129.889302
-0.7,6,129.927951
7.55,6,129.960302
24.15,6,129.992804
8.15,6,130.017652
-5.95,6,130.043134
-19.05,6,130.070159
-9.9,6,130.109164
-2.3,6,130.138523
-9.9,6,130.165697
14.4,6,130.186064
7.4,6,130.233507
-12.7,6,130.262256
-15.95,6,130.293077
-6.7,6,130.315836
-8.95,6,130.353146
-17.15,6,130.375384
-21.95,6,130.40963
-3.6,6,130.43401
9.55,6,130.460462
-6.75,6,130.488127
-17.55,6,130.513115
-12.7,6,130.552282
3.2,6,130.581137
-15.0,6,130.612077
-19.7,6,130.626428
-0.0,6,130.661626
-4.0,6,130.691497
3.85,6,130.721383
-20.6,6,130.748352
-6.75,6,130.778762
-6.6,6,130.79882
-23.45,6,130.833419
-18.2,6,130.862124
-8.4,6,130.89763
-9.25,6,130.926919
-17.5,6,130.949157
-0.05,6,130.977566
2.75,6,130.992568
-3.8,6,131.029854
-3.65,6,131.061631
-13.6,6,131.09437
-17.1,6,131.130847
-18.3,6,131.157408
-12.6,6,131.180071
-1.05,6,131.205608
-1.4,6,131.238633
-8.4,6,131.265783
-16.4,6,131.295903
20.05,6,131.315362
-29.25,6,131.34954
-5.15,6,131.38583
-9.65,6,131.413865
0.8,6,131.442787
12.8,6,131.474673
-9.85,6,131.500625
-8.4,6,131.517767
2.05,6,131.53872
-4.95,6,131.569719
24.0,6,131.600245
0.0,6,131.512891
-24.25,6,131.530503
-0.85,6,131.564796
-21.85,6,131.595397

-6.05,6,131.607037
6,131.56637
-7.65,6,131.596977
