#{"t_start": 1761526852.1034787, "env_id": "None"}
r,l,t--2.1,6,1.242208--22.2,6,1.268842--61.9,6,1.295507--53.2,6,1.329998--31.3,6,1.36148
-36.0,6,1.386337
-33.4,6,1.41484
-39.7,6,1.444768
-31.9,6,1.476292
-50.3,6,1.499358-8-38.9,6,1.53467-27-43.0,6,1.56716-22-9.7,6,1.596631-4-37.7,6,1.63393-11-26.2,6,1.66041-44-31.9,6,1.6940-35.-24.3,6,1.7278-9.4-51.4,6,1.760-28.4-30.9,6,1.790-30.1-27.7,6,1.819-23.0-12.6,6,1.851-36.7-5.4,6,1.8791-19.-30.5,6,1.9105-33.-57.1,6,1.9455-28.-9.4,6,1.96393-25-34.0,6,2.00441-1-17.9,6,2.030036-1-20.2,6,2.060638-3-16.9,6,2.093674-4-29.6,6,2.13983-36-39.6,6,2.18189-33-28.7,6,2.20956-40-9.8,6,2.246384-3-9.4,6,2.269749--34.3,6,2.295244--32.6,6,2.317651--33.2,6,2.350037--23.7,6,2.384539--29.1,6,2.412299--29.5,6,2.434629--34.6,6,2.476063--39.7,6,2.501656--31.0,6,2.538111-3-39.1,6,2.563823-2-27.0,6,2.590329-3-37.4,6,2.626213-2-32.5,6,2.65196--14.0,6,2.677522--36.5,6,2.714734--25.3,6,2.742906-4-24.3,6,2.793416-1-37.5,6,2.81951--33.3,6,2.850882---20.8,6,2.904378---47.9,6,2.945061-3-43.4,6,2.97989516-19.2,6,3.00143--16.5,6,3.022245--34.1,6,3.052067--45.8,6,3.078806-3-47.0,6,3.10956--35.5,6,3.139847--25.3,6,3.166832--21.9,6,3.1934481-37.3,6,3.229916--29.3,6,3.267539--3.4,6,3.298862
-27.3,6,3.333479
-34.1,6,3.35763
-31.4,6,3.390023--11.7,6,3.423109--25.0,6,3.452152-1-25.9,6,3.503433-2-23.1,6,3.56153-1-39.3,6,3.61030-51-25.7,6,3.67954-35-41.2,6,3.70751-34-37.1,6,3.7328-17.-26.7,6,3.7560-22.-27.6,6,3.7853-31.-11.6,6,3.8206-21.-22.7,6,3.8504-11.-25.6,6,3.8761-21.-44.6,6,3.9240-49.-13.7,6,3.9593-35.-11.4,6,3.9924-40.-12.0,6,4.022-38.6-15.8,6,4.058-66.4-25.2,6,4.107-26.9-30.8,6,4.147-11.8-8.8,6,4.1851-19.-47.4,6,4.2276-20.-33.0,6,4.2507-29-22.2,6,4.28689-24-18.1,6,4.30723-27-53.3,6,4.34762-34-28.0,6,4.37814-18-32.4,6,4.40245-8.-32.2,6,4.4278-7.3-22.6,6,4.4505.6,6-17.1,6,4.4-19.2,6-41.6,6,4.5-24.0,6-20.3,6,4.5-38.2,6-43.2,6,4.5-13.4,6-30.8,6,4.6-11.0,6-21.8,6,4.6-9.6,6,2.9,6,4.65-27.0,-47.8,6,4.69-34.2,-20.0,6,4.72-36.0,-29.3,6,4.75-39.7,-27.2,6,4.78-40.0,-46.5,6,4.80-38.1,-29.6,6,4.8-31.2,6-22.8,6,4.8-39.2,6-26.3,6,4.8-33.9,6-27.9,6,4.9-42.9,6-26.0,6,4.-32.9,6,-37.8,6,4.-22.2,6,5.-25.9,6,-27.9,6,5.-39.3,6,-35.6,6,5.-33.5,6,-20.9,6,5.-21.1,6,-48.6,6,5.-28.9,6,-36.2,6,5.-39.3,6,-36.3,6,5-34.5,6,5-25.6,6,5-3.8,6,5.-27.2,6,-42.5,6,5.-40.5,6,-35.6,6,5.-38.5,6,-17.1,6,5.-37.6,6,-56.4,6,5.-29.8,6,-37.0,6,5.-30.5,6,-12.1,6,5.-25.3,6,-26.7,6,5.-36.7,6,5.493104
-0.5,6,5.518504
13.5,6,5.546381
-26.3,6,5.585682
-43.9,6,5.635745
-47.0,6,5.665247
-44.6,6,5.703813
-23.6,6,5.733765
-41.1,6,5.76417
-2.9,6,5.788306
-24.4,6,5.815752
-33.3,6,5.840109
-13.1,6,5.866107
-34.0,6,5.898216
-36.2,6,5.92888
-58.7,6,5.952843
-26.8,6,5.998638
-12.5,6,6.031404
-27.3,6,6.059307
-25.0,6,6.085788
-30.6,6,6.106428
-10.6,6,6.131136--22.5,6,6.15684
-15.2,6,6.186553
-46.6,6,6.214705
-27.9,6,6.242594
-15.6,6,6.268677
-26.1,6,6.295349
-49.3,6,6.333731
-36.6,6,6.358202
-49.4,6,6.384937--22.5,6,6.407735--31.9,6,6.433607--41.1,6,6.472473--34.9,6,6.505154--31.2,6,6.534988--24.4,6,6.555926-1-20.9,6,6.577537-4-21.8,6,6.60480-40-25.2,6,6.63264-9.-23.1,6,6.6641-3.3-36.9,6,6.71-42.3,-26.0,6,6.74-10.9,-31.8,6,6.76-12.9,-24.2,6,6.802844
-34.2,6,6.837998
-39.7,6,6.867651
-26.1,6,6.896699
-13.0,6,6.930184
-31.8,6,6.959969
-41.5,6,6.991205
-33.7,6,7.021459
-27.8,6,7.04541
-37.1,6,7.077781
-11.2,6,7.106175
-13.2,6,7.138681
-44.3,6,7.159364
-30.6,6,7.177742
-46.4,6,7.213664
-23.5,6,7.235647
-31.6,6,7.258149
-40.3,6,7.287095
-23.3,6,7.322888
-1.4,6,7.359184
3.5,6,7.389392
-1.7,6,7.412199
-27.7,6,7.458041
-56.1,6,7.487169
-52.8,6,7.524122
-13.7,6,7.551427
-38.4,6,7.587526
-31.2,6,7.623122
-8.7,6,7.647616
-16.8,6,7.681312
-37.4,6,7.711962
-35.7,6,7.743922
-46.0,6,7.775887
-32.5,6,7.8003
-5.7,6,7.828767
-45.5,6,7.86148
-44.6,6,7.896418
-33.0,6,7.923741
-46.5,6,7.948149
-31.1,6,7.978581
-26.2,6,8.005431
-52.7,6,8.038189
-39.2,6,8.074246
-7.5,6,8.100471
-35.7,6,8.136262
-30.9,6,8.161587
-22.5,6,8.186733
-45.8,6,8.225061
-11.6,6,8.249252
-31.3,6,8.284764
-19.7,6,8.311235
-25.5,6,8.347831
-32.7,6,8.379974
-46.0,6,8.412111
-29.8,6,8.447972
-33.9,6,8.480496
-37.8,6,8.502692
-25.1,6,8.529971
-15.4,6,8.565866
-55.3,6,8.606836
-32.9,6,8.645875
-33.3,6,8.666118
-27.8,6,8.698555
-42.8,6,8.734189
-37.5,6,8.772609
-0.6,6,8.796811
-56.6,6,8.827093
-24.6,6,8.867469
-36.2,6,8.899357
-26.0,6,8.924877
-27.8,6,8.957253
-17.9,6,8.989513
-32.0,6,9.032164
-42.1,6,9.064986
-4.7,6,9.101395
-34.0,6,9.12555
-30.0,6,9.150055
-14.5,6,9.181039
-1.8,6,9.21898
-53.7,6,9.257851
-22.8,6,9.284532
-31.4,6,9.317205
-43.3,6,9.355614
-25.0,6,9.385818
-26.9,6,9.421793
-13.4,6,9.455225
-25.7,6,9.478458
-42.6,6,9.511776
-41.2,6,9.532856
-56.4,6,9.565066
-17.4,6,9.589754
-29.9,6,9.612008
-39.8,6,9.642087
-27.1,6,9.676876
-17.6,6,9.702034
-34.6,6,9.728411
-38.0,6,9.771111
-35.9,6,9.794777
-17.6,6,9.819406
-34.3,6,9.842038
-40.6,6,9.878729
-27.7,6,9.904583
-27.2,6,9.930913
-34.4,6,9.952794
-31.3,6,9.984371
-34.8,6,10.004149
-19.5,6,10.0387
-44.5,6,10.071958
-38.1,6,10.094899
-25.4,6,10.129721
-38.6,6,10.156009
-39.3,6,10.187474
-32.0,6,10.218139
-40.9,6,10.254072
-28.0,6,10.284979
-61.4,6,10.317214
-41.0,6,10.349875
-5.3,6,10.377472
-38.2,6,10.400998
-34.2,6,10.430589
-50.2,6,10.451992
-25.8,6,10.494869
-20.9,6,10.519061
-7.3,6,10.542407
-26.1,6,10.56756
-40.3,6,10.602131
-49.4,6,10.631407
-29.5,6,10.66026
-27.5,6,10.68788
-21.0,6,10.714103
-31.5,6,10.731053
-52.5,6,10.758402
-24.7,6,10.783047
-35.2,6,10.812496
-31.3,6,10.84908
-32.7,6,10.877891
-33.4,6,10.915237
-7.2,6,10.949773
-30.8,6,11.002352
-14.9,6,11.036892
-31.0,6,11.071635
-23.5,6,11.092256
-62.2,6,11.123039
-38.9,6,11.15433
-39.5,6,11.193568
-36.4,6,11.228894
-44.0,6,11.280624
-26.8,6,11.317069
-24.4,6,11.343173
-47.5,6,11.383317
-32.3,6,11.415024
-28.2,6,11.442621
-52.3,6,11.471538
-9.4,6,11.49964
150.0,6,11.528565
2.4,6,11.556591
-14.9,6,11.58417
-27.8,6,11.616164
-25.9,6,11.640742
-30.2,6,11.673667
16.2,6,11.698639
-30.0,6,11.729409
-28.5,6,11.752743
-14.0,6,11.778407
-33.8,6,11.80707
-31.0,6,11.834582
-36.8,6,11.859831
-40.0,6,11.890829
-28.7,6,11.925871
-32.3,6,11.954592
-39.4,6,11.992483
-21.0,6,12.030818
-40.5,6,12.060651
-27.6,6,12.078073
-38.0,6,12.111724
-34.4,6,12.140728
-27.1,6,12.172106
-34.7,6,12.192921
-24.0,6,12.232927
-28.5,6,12.261134
-42.8,6,12.289327
-43.1,6,12.31062
-43.5,6,12.343935
-7.0,6,12.372438
-39.8,6,12.409911
-29.9,6,12.449368
-26.2,6,12.487788
-8.0,6,12.514406
-13.4,6,12.544953
-58.9,6,12.581617
-25.9,6,12.615166
-39.6,6,12.649736
-36.6,6,12.671253
-46.9,6,12.69939
-42.3,6,12.732848
-31.2,6,12.749826
-25.5,6,12.791456
-3.1,6,12.817231
-17.8,6,12.83779
-44.2,6,12.878139
-42.3,6,12.90442
-18.2,6,12.932493
-19.4,6,12.964256
-26.0,6,12.998597
-22.3,6,13.031549
-12.7,6,13.056478
-36.9,6,13.091115
-27.1,6,13.11066
-37.8,6,13.141691
-40.5,6,13.173886
-37.9,6,13.200312
-14.7,6,13.231033
-36.9,6,13.258955
-35.6,6,13.284367
-13.8,6,13.320585
5.1,6,13.349741
-24.2,6,13.378768
5.1,6,13.409135
-28.1,6,13.439527
-44.7,6,13.475073
-36.7,6,13.500845
-36.8,6,13.53685
-38.0,6,13.572888
-34.6,6,13.605135
-4.6,6,13.641549
-13.0,6,13.673139
-39.3,6,13.7117
-4.8,6,13.733157
-27.1,6,13.760676
139.8,4,13.779636
-35.1,6,13.814691
-13.6,6,13.855188
-27.3,6,13.88789
-44.1,6,13.920518
-60.6,6,13.952424
-29.5,6,13.978818
-35.3,6,14.013831
-38.5,6,14.039156
-12.4,6,14.060349
-31.0,6,14.093764
-23.3,6,14.142396
-27.0,6,14.172072
-29.8,6,14.197273
-41.5,6,14.227675
-49.3,6,14.254643
-23.1,6,14.285397
-38.0,6,14.337957
-12.3,6,14.371842--51.9,6,14.400819--15.9,6,14.424096-2-29.0,6,14.44401--10.8,6,14.469865--9.4,6,14.500461
-29.4,6,14.535135
-25.8,6,14.568627
-39.1,6,14.60012
-10.0,6,14.635796
-26.7,6,14.65963
-33.6,6,14.678854
-26.8,6,14.708661
-38.6,6,14.74097
-30.1,6,14.771988
-53.3,6,14.810867
-13.0,6,14.847171
-43.8,6,14.87698
-29.6,6,14.909459
-41.5,6,14.956534
-19.1,6,14.987417
-34.8,6,15.019152
-48.9,6,15.04828
-35.6,6,15.078861
-59.8,6,15.123419
-29.8,6,15.149259
-8.4,6,15.184279
-17.1,6,15.212986
-15.1,6,15.2445
-46.9,6,15.28041
-28.0,6,15.314268
-13.4,6,15.337254
-42.4,6,15.363473
-48.6,6,15.390041
-33.5,6,15.418593
-19.3,6,15.445733
-24.8,6,15.474607
-20.4,6,15.497258
-6.6,6,15.521177
-33.3,6,15.550514
-33.7,6,15.578562
-29.8,6,15.60717
-28.7,6,15.640219
-15.8,6,15.666819
-13.8,6,15.690595
-38.1,6,15.717641
-38.2,6,15.745294
-50.0,6,15.7762
-31.2,6,15.804421
-26.8,6,15.845781
-4.4,6,15.87065
-39.4,6,15.891495
-50.7,6,15.921659
-41.2,6,15.950609
-28.9,6,15.987573
-29.6,6,16.015707
-29.9,6,16.046263
-28.0,6,16.082474
-14.7,6,16.115338
-10.9,6,16.149059
-26.2,6,16.178729
-8.7,6,16.207391
-43.5,6,16.234818
-24.0,6,16.25391
-46.1,6,16.282629
-38.0,6,16.305347
-67.5,6,16.329243
-25.5,6,16.34847
-17.5,6,16.380768
-22.0,6,16.409338
-17.1,6,16.432743
-28.8,6,16.456678
-22.1,6,16.481371
-31.6,6,16.506115
-56.9,6,16.563475
-37.6,6,16.604876
-31.9,6,16.647563
-21.3,6,16.674361
-57.1,6,16.713689
-11.8,6,16.74613
-20.0,6,16.775978
-26.5,6,16.801576
-37.5,6,16.836924
-30.1,6,16.868627
-40.6,6,16.898349
-25.6,6,16.928528
-12.3,6,16.959068
-36.2,6,16.987845
-20.2,6,17.049571
-39.8,6,17.11322
-27.5,6,17.15408
-11.5,6,17.177607
-37.5,6,17.20416
-35.8,6,17.230328
-34.4,6,17.267555
-41.3,6,17.297367
-1.2,6,17.321267
-45.0,6,17.349125
-7.5,6,17.376313
-23.0,6,17.418371
-15.9,6,17.451502
-29.2,6,17.481647
-37.6,6,17.506977
-45.7,6,17.535012
-24.5,6,17.565405
-32.4,6,17.588822
-27.8,6,17.610675
-18.8,6,17.631921
-32.1,6,17.656322
-15.7,6,17.679155
-19.0,6,17.714997
-35.1,6,17.735595
-24.5,6,17.76682
-49.3,6,17.799833
-40.1,6,17.846113
-37.7,6,17.870581
-25.1,6,17.908629
-19.9,6,17.930537
-11.4,6,17.951823
-35.9,6,17.98646
-18.0,6,18.025481
-52.3,6,18.057818
-38.6,6,18.084861
-27.9,6,18.104587
-27.5,6,18.161797
-15.5,6,18.192825
143.1,4,18.21897
-23.3,6,18.255315
-43.7,6,18.283011
-51.8,6,18.312718
-16.4,6,18.33739
-33.3,6,18.374528
-37.7,6,18.413592
-25.3,6,18.450501
-43.7,6,18.482539
-47.1,6,18.531886
-44.1,6,18.563032
-8.3,6,18.597078
-51.5,6,18.625432
-35.8,6,18.645501
-23.9,6,18.663892
-28.5,6,18.697008
-33.6,6,18.726359
-24.5,6,18.745057
-28.2,6,18.774079
-25.0,6,18.800086
-18.1,6,18.827435
-37.6,6,18.864975
-30.3,6,18.912439
-55.3,6,18.965064
-21.2,6,18.996093
-28.1,6,19.031311
-53.6,6,19.067709
-20.5,6,19.09948
-18.1,6,19.125207
-16.7,6,19.146575
-39.9,6,19.179462
-43.6,6,19.206012
-10.3,6,19.249449
-25.5,6,19.279075
-33.6,6,19.314203
-56.5,6,19.354161
-27.4,6,19.379733
-27.1,6,19.406985
-17.6,6,19.437962
-48.2,6,19.47159
-9.7,6,19.507037
-24.5,6,19.535822
-57.6,6,19.564102
-24.3,6,19.593177
-36.2,6,19.624094
-31.4,6,19.668734
-21.9,6,19.713203
-11.3,6,19.755114
-39.8,6,19.828701
-21.8,6,19.864795
-37.0,6,19.898603
-34.6,6,19.925539
-49.9,6,19.946596
-40.8,6,19.973736
-32.5,6,20.000613
-25.9,6,20.034263
-19.4,6,20.064982
-48.5,6,20.09604
-16.3,6,20.127407
-30.1,6,20.176636
-63.2,6,20.224174
-60.4,6,20.264481
-37.8,6,20.299174
-34.4,6,20.334589
-26.0,6,20.362998
-38.5,6,20.394648
-14.8,6,20.423777
-52.1,6,20.455191
-38.5,6,20.487453
-32.6,6,20.526286
-19.8,6,20.553176
-37.4,6,20.573526
-27.0,6,20.620285
-38.5,6,20.685223
-31.3,6,20.719142
-24.1,6,20.753518
-32.0,6,20.784859
-21.3,6,20.811446
-29.0,6,20.838985
-11.0,6,20.866858
-29.2,6,20.895642
-38.7,6,20.93207
-47.2,6,20.968779
-16.4,6,20.997969
-31.2,6,21.029156
-43.0,6,21.057928
-21.3,6,21.0862
-38.9,6,21.116376
-13.2,6,21.147293
-19.8,6,21.184955
153.5,5,21.222357
124.7,2,21.238709
-26.0,6,21.268274
-21.0,6,21.311567
-1.6,6,21.332067
-45.5,6,21.374029
-22.5,6,21.395026
-37.1,6,21.425519
-14.2,6,21.46414
-20.7,6,21.488583
-32.0,6,21.522538
-23.1,6,21.55263
-42.3,6,21.573586
-38.7,6,21.601931
-33.6,6,21.633651
-26.7,6,21.668443
-29.8,6,21.692458
-22.7,6,21.718267
-39.4,6,21.752568
-52.3,6,21.788637
-23.3,6,21.817577
-10.0,6,21.849728
-32.5,6,21.881014
-12.9,6,21.910036
-25.3,6,21.941325
-30.4,6,21.987959
8.3,6,22.010271
-25.2,6,22.048274
-16.7,6,22.088325
-2.6,6,22.120881
-45.7,6,22.155771
-44.2,6,22.189731
-41.5,6,22.224917
-47.1,6,22.268085
-1.7,6,22.316103
-22.9,6,22.346668
-18.2,6,22.376496
-7.5,6,22.405734
-39.5,6,22.435136
-50.9,6,22.465381
-29.4,6,22.503698
-30.4,6,22.534746
-53.5,6,22.557101
-26.3,6,22.587045
-53.6,6,22.621449
-42.6,6,22.651664
-32.2,6,22.687484
-38.3,6,22.741938
-50.9,6,22.779482
-47.7,6,22.809391
-12.2,6,22.849715
-38.5,6,22.882082
-19.6,6,22.90557
-48.7,6,22.933652
-35.3,6,22.965439
-27.3,6,23.001314
-16.9,6,23.029143
-36.4,6,23.060132
-34.6,6,23.11193
-28.5,6,23.142837
-5.6,6,23.18861
-40.6,6,23.224377
-56.4,6,23.271576
8.0,6,23.303688
-55.2,6,23.344056
-44.4,6,23.382264
-19.4,6,23.402735
-18.4,6,23.420564
-34.2,6,23.442217
-31.1,6,23.468116
-44.0,6,23.502544
-36.7,6,23.53172
-23.8,6,23.548245
-16.7,6,23.578285
-13.9,6,23.60715
-18.6,6,23.634802
-25.2,6,23.665817
-11.4,6,23.694168
-40.9,6,23.722013
-48.2,6,23.750841
-16.1,6,23.779445
-50.0,6,23.806861
-35.2,6,23.836785
-37.6,6,23.876163
-46.0,6,23.906132
-16.2,6,23.93907
-42.1,6,23.97044
-41.3,6,24.000664
-27.0,6,24.028273
-33.1,6,24.054735
-20.6,6,24.088647
-12.8,6,24.118012
-27.5,6,24.1442
-56.5,6,24.171968
-21.1,6,24.193438
-18.1,6,24.222722
-30.2,6,24.240729
-33.4,6,24.269538
-23.9,6,24.294199
-43.1,6,24.319648
-38.7,6,24.3512
-21.4,6,24.371671
-49.0,6,24.404006
-24.8,6,24.430812
3.7,6,24.45379
-34.3,6,24.493758
-7.1,6,24.520015
-42.6,6,24.550718
-34.8,6,24.602767
-22.6,6,24.636132
-15.1,6,24.666137
-6.8,6,24.701685
-17.3,6,24.729974
-11.5,6,24.757822
-50.5,6,24.781098
-26.8,6,24.824486
-49.6,6,24.851515
-15.1,6,24.877489
-40.2,6,24.905045
-24.4,6,24.941632
-25.4,6,24.973269
-8.9,6,25.009627
-34.8,6,25.041049
-29.5,6,25.070152
0.1,6,25.103059
13.3,6,25.138837
-32.4,6,25.163014
-38.5,6,25.189113
-33.3,6,25.214263
-17.1,6,25.238848
-30.6,6,25.269249
-15.9,6,25.289475
-33.1,6,25.321499
-22.1,6,25.370625
-31.9,6,25.399243
-18.7,6,25.420681
-30.7,6,25.456769
-25.0,6,25.487369
-55.6,6,25.517243
-32.0,6,25.54593
-41.4,6,25.58151
-45.6,6,25.621284
-36.6,6,25.64968
-15.3,6,25.680662
-14.0,6,25.709469
-45.9,6,25.741866
-20.3,6,25.776065
-28.1,6,25.814659
-3.8,6,25.848358
-24.6,6,25.880579
-35.6,6,25.914939
-43.8,6,25.940842
-17.7,6,25.959417
-24.9,6,25.980811
-27.5,6,26.013304
-25.8,6,26.042658
-15.1,6,26.096731
-19.3,6,26.152649
-20.1,6,26.206239
-42.6,6,26.234009
-1.9,6,26.268982
-26.8,6,26.304954
-30.2,6,26.323872
-21.3,6,26.346256
-40.9,6,26.360875
-10.5,6,26.394203
-28.0,6,26.415596
-39.5,6,26.443392
-32.9,6,26.468598
-19.4,6,26.498951
-13.4,6,26.532552
-28.2,6,26.562498
-38.5,6,26.588609
-48.6,6,26.610316
-51.6,6,26.649739
-45.6,6,26.684082
-8.9,6,26.714129
-45.6,6,26.748688
-26.5,6,26.772752
-49.1,6,26.796424
-21.4,6,26.829175
-48.2,6,26.855872
7.3,6,26.891574
-34.4,6,26.945107
-13.3,6,26.98173
-24.0,6,27.015076
-43.4,6,27.045232
-23.4,6,27.072525
-33.9,6,27.098169
-40.9,6,27.133075
-35.5,6,27.157871
-51.0,6,27.18947
-17.4,6,27.211826
-52.8,6,27.239125
-35.5,6,27.260629
-32.4,6,27.636547
-41.1,6,27.675141
-28.2,6,27.707441
-40.6,6,27.729511
-29.6,6,27.755714
-33.2,6,27.787829
-36.6,6,27.817629
-16.8,6,27.844394
-20.4,6,27.875842
-15.2,6,27.900469
-16.0,6,27.927941
-13.2,6,27.958038
-24.8,6,27.994379
-38.9,6,28.029544
-24.7,6,28.062022
-18.9,6,28.102923
-28.0,6,28.139684
-33.1,6,28.179764
-36.8,6,28.216151
-9.5,6,28.243592
-42.1,6,28.268064
-35.3,6,28.297244
-33.7,6,28.327132
-25.9,6,28.350295
-30.2,6,28.377973
-34.5,6,28.414385
-33.7,6,28.441532
-14.8,6,28.464337
-28.3,6,28.485548
-31.8,6,28.517422
-20.7,6,28.552541
-21.7,6,28.582826
-30.3,6,28.612454
-26.5,6,28.639375
-24.0,6,28.668524
-48.2,6,28.699276
-41.2,6,28.725089
-57.6,6,28.751617
-34.7,6,28.801477
-38.3,6,28.827365
-27.8,6,28.865408
-46.8,6,28.888707
-37.1,6,28.923841
-35.7,6,28.956334
-8.7,6,28.979496
-55.8,6,29.018979
-11.6,6,29.052386
-52.8,6,29.087496
-27.7,6,29.117684
-20.6,6,29.145751
-41.6,6,29.184469
-40.6,6,29.213064
-55.5,6,29.246802
-23.8,6,29.275352
-47.4,6,29.299668
-41.5,6,29.336306
-53.3,6,29.3675
-27.7,6,29.391489
-51.3,6,29.422931
-28.1,6,29.445157
-17.4,6,29.469563
-16.9,6,29.502011
-34.3,6,29.525017
-21.7,6,29.563152
-15.7,6,29.583935
-32.8,6,29.621163
-35.6,6,29.646761
-20.0,6,29.67689
-35.5,6,29.712138
-13.2,6,29.737343
-6.9,6,29.759503
-22.3,6,29.7875
-37.7,6,29.828627
-13.6,6,29.858524
-22.0,6,29.88973
-30.2,6,29.910107
-11.4,6,29.948976
-28.3,6,29.977043
-43.1,6,30.006164
-37.2,6,30.045246
-19.4,6,30.080052
-45.1,6,30.111693
-4.7,6,30.127538
-22.7,6,30.157383
-40.3,6,30.186738
-39.2,6,30.217504
-50.2,6,30.236548
-16.6,6,30.263108
-46.7,6,30.31066
-21.4,6,30.33205
-36.2,6,30.363902
-16.5,6,30.386112
-17.0,6,30.415268
-27.1,6,30.433921
-52.1,6,30.475844
-24.8,6,30.498819
-9.8,6,30.523427
-21.6,6,30.541074
-48.9,6,30.577822
-11.3,6,30.607668
-20.9,6,30.63664
-16.3,6,30.667145
-43.6,6,30.696927
-44.6,6,30.724177
-59.4,6,30.756097
-38.9,6,30.797796
-21.5,6,30.828501
-41.4,6,30.859641
-18.8,6,30.878379
-27.8,6,30.913833
-10.2,6,30.947269
-14.4,6,30.975261
-33.3,6,31.000731
-37.8,6,31.042609
-33.1,6,31.074398
-44.9,6,31.108534
-41.3,6,31.142088
-30.8,6,31.163831
1.6,6,31.193262
-53.0,6,31.220574
-43.4,6,31.260872
-18.6,6,31.279791
-30.8,6,31.302081
-18.4,6,31.326771
-28.8,6,31.351228
-38.6,6,31.381487
-37.6,6,31.413738
-21.9,6,31.43688
-29.1,6,31.4601
-29.8,6,31.486375
-28.8,6,31.515593
-13.2,6,31.544962
-24.3,6,31.569901
-15.2,6,31.596315
-14.8,6,31.625764
-8.3,6,31.659342
-50.7,6,31.68806
-30.1,6,31.725604
-17.6,6,31.756193
-15.4,6,31.785425
-24.4,6,31.821817
-6.0,6,31.8522
1.4,6,31.886241
-34.7,6,31.921867
-44.9,6,31.962961
-37.7,6,31.99884
-28.0,6,32.017787
-34.3,6,32.049572
-52.9,6,32.079295
-42.6,6,32.113011
-22.9,6,32.146735
-34.0,6,32.172499
-44.3,6,32.210695
-51.0,6,32.241515
-24.0,6,32.269773
-10.6,6,32.303377
-45.2,6,32.334719
-50.4,6,32.359278
-25.7,6,32.391856
-35.6,6,32.418065
-39.3,6,32.467415
-7.1,6,32.493195
-24.4,6,32.534894
-35.8,6,32.564549
-20.1,6,32.594905
-34.6,6,32.627642
-9.6,6,32.653917
-19.0,6,32.679768
-26.5,6,32.705354
-10.1,6,32.729213
-46.3,6,32.759049
-27.5,6,32.793801
-46.7,6,32.820163
-22.1,6,32.845673
-13.1,6,32.884191
-43.4,6,32.920729
-20.9,6,32.955679
-24.2,6,32.98444
-22.1,6,33.01945
-48.4,6,33.050089
-46.5,6,33.08297
-30.7,6,33.111589
-27.4,6,33.136388
-40.7,6,33.168386
-40.7,6,33.198662
-37.9,6,33.232551
-44.6,6,33.269146
-19.8,6,33.313875
-27.4,6,33.35111
-35.6,6,33.382149
-5.1,6,33.411658
-52.7,6,33.429559
-11.7,6,33.450976
-15.1,6,33.476902
-25.1,6,33.503245
-22.8,6,33.531356
-52.9,6,33.567987
-46.9,6,33.590873
-18.9,6,33.616318
-32.6,6,33.64132
-11.2,6,33.676143
-30.3,6,33.708146
-11.0,6,33.7333
1.5,6,33.752283
104.8,1,33.7579
-26.9,6,33.798292
-39.6,6,33.830158
-35.8,6,33.855263
-8.5,6,33.891129
-4.4,6,33.920136
-42.4,6,33.953034
-34.8,6,33.976351
-3.2,6,34.023025
-34.9,6,34.053975
-29.1,6,34.082601
-41.1,6,34.126853
-52.6,6,34.169675
-30.5,6,34.204328
-30.5,6,34.234626
-32.3,6,34.267872
-44.5,6,34.288853
-48.6,6,34.32099
-7.3,6,34.349618
124.7,2,34.360466
-11.4,6,34.392081
-36.7,6,34.426394
-26.8,6,34.456549
2.0,6,34.478266
-19.5,6,34.502256
-38.2,6,34.539392
-33.6,6,34.563983
-31.8,6,34.596581
-45.1,6,34.621627
-41.4,6,34.648938
-18.7,6,34.680246
-29.6,6,34.713253
-23.2,6,34.737391
-25.0,6,34.76855
-55.7,6,34.813044
-33.5,6,34.844702
-55.2,6,34.873004
-28.5,6,34.901919
-18.9,6,34.930019
-30.6,6,34.960804
-43.4,6,34.989161
-19.9,6,35.015268
-1.0,6,35.040927
-29.1,6,35.070139
-28.2,6,35.100423
-29.9,6,35.130922
-28.8,6,35.158966
-16.1,6,35.193355
-38.5,6,35.229206
-26.3,6,35.255829
-46.0,6,35.286317
3.6,6,35.317967
-47.5,6,35.350345
-33.2,6,35.382965
-46.2,6,35.413538
-41.5,6,35.449723
-26.3,6,35.492198
-21.8,6,35.521353
-44.9,6,35.542692
-38.3,6,35.57867
-23.2,6,35.628679
-8.8,6,35.657194
-29.1,6,35.683222
-48.1,6,35.708349
-43.2,6,35.739401
-44.5,6,35.779342
-22.7,6,35.8077
-45.5,6,35.830096
-39.1,6,35.863925
-31.6,6,35.884905
-46.1,6,35.912835
-53.6,6,35.936875
-62.7,6,35.971774
-3.6,6,36.000795
-28.3,6,36.030455
-24.1,6,36.060342
-48.0,6,36.088205
-18.5,6,36.11622
-15.7,6,36.142337
-15.4,6,36.169832
-46.5,6,36.202928
0.6,6,36.228491
-11.5,6,36.254079
-30.9,6,36.297493
-24.3,6,36.322542
-32.6,6,36.345879
-24.3,6,36.369994
-48.6,6,36.402422
-45.4,6,36.427716
-43.6,6,36.454891
-45.7,6,36.490315
-32.3,6,36.529891
-43.2,6,36.563744
-55.6,6,36.591422
-25.1,6,36.611223
-30.2,6,36.64218
-45.5,6,36.670202
-28.0,6,36.694473
-24.0,6,36.720881
-31.8,6,36.743074
-52.3,6,36.772698
-17.6,6,36.804117
-45.6,6,36.833415
-23.7,6,36.862613
-35.7,6,36.891189
-50.4,6,36.922119
-37.5,6,36.939906
-47.3,6,36.965348
-53.9,6,37.006307
-21.4,6,37.033826
-12.9,6,37.068865
-23.2,6,37.095813
-47.7,6,37.125433
-30.6,6,37.154689
-44.1,6,37.179499
-7.0,6,37.210559
-42.7,6,37.243595
-30.2,6,37.266322
-31.7,6,37.296769
-55.1,6,37.318745
-27.0,6,37.340915
-18.0,6,37.362444
-31.8,6,37.387024
-32.9,6,37.415298
-46.6,6,37.446094
-21.8,6,37.481473
-49.7,6,37.521262
-54.2,6,37.55674
-51.4,6,37.645878
-52.6,6,37.685334
-32.1,6,37.729882
-14.4,6,37.759064
-16.0,6,37.791563
-20.6,6,37.837869
-44.1,6,37.865521
-48.3,6,37.896248
-27.9,6,37.930127
-35.8,6,37.957095
-20.2,6,37.985125
-23.8,6,38.008875
-26.7,6,38.036098
-35.8,6,38.069974
-15.1,6,38.098664
-14.6,6,38.126726
-34.3,6,38.160151
-33.6,6,38.192248
-58.4,6,38.222264
-38.0,6,38.256099
-17.3,6,38.282491
-31.5,6,38.318663
-23.3,6,38.367436
-25.5,6,38.401133
-57.9,6,38.432765
-20.5,6,38.452196
-32.2,6,38.470999
-46.7,6,38.506917
-12.5,6,38.541872
150.8,3,38.551588
-27.1,6,38.577385
-22.2,6,38.615365
-55.1,6,38.645685
-33.3,6,38.675279
-31.2,6,38.704041
-45.5,6,38.738622
-47.6,6,38.769
104.8,1,38.771324
-28.1,6,38.802755
-31.8,6,38.835586
-26.0,6,38.858513
-32.9,6,38.883311
-25.1,6,38.9113
-40.2,6,38.941016
-39.5,6,38.957786
-39.1,6,38.986378
-29.3,6,39.011577
-36.6,6,39.036829
-29.2,6,39.073812
-34.4,6,39.101708
-20.5,6,39.131029
-52.3,6,39.163912
-46.3,6,39.19307
-26.0,6,39.215648
-45.3,6,39.253
104.8,1,39.25934
-35.9,6,39.302338
-19.4,6,39.328092
-47.3,6,39.363762
-40.9,6,39.398024
-49.7,6,39.425414
-29.8,6,39.453167
-21.2,6,39.483308
-27.2,6,39.513299
-48.6,6,39.550735
-26.6,6,39.574365
-31.4,6,39.593561
-10.7,6,39.618645
-11.7,6,39.651927
-49.7,6,39.68676
-16.0,6,39.726216-2-20.9,6,39.759068-6-21.7,6,39.78385-1-27.5,6,39.80701--4.4,6,39.840595--43.3,6,39.8764222-39.1,6,39.90655-38-44.9,6,39.93617-3-9.6,6,39.964252--31.0,6,39.989084--40.6,6,40.01728
-24.9,6,40.066799
-13.2,6,40.093406
-26.6,6,40.125915
-42.7,6,40.159402
-15.2,6,40.181488
-17.6,6,40.214277
-42.4,6,40.247283
-8.1,6,40.269476
-48.4,6,40.298789
-40.0,6,40.334222
-53.8,6,40.37065
-24.8,6,40.404578
-26.6,6,40.43254
-35.5,6,40.467919
-35.6,6,40.492368
-35.8,6,40.515903
-43.7,6,40.546514
-32.4,6,40.582211
-32.4,6,40.605424
-8.2,6,40.638277
-26.8,6,40.661913
-49.1,6,40.69834
-17.1,6,40.726829
-32.4,6,40.753344
-32.8,6,40.791939
-31.7,6,40.833838
-26.8,6,40.86472
-38.8,6,40.892797
-40.9,6,40.921972
-37.0,6,40.954987
-12.7,6,40.985139
-22.8,6,41.016398
-21.0,6,41.037197
-43.1,6,41.061664
-18.3,6,41.090268
-43.9,6,41.123763
-28.8,6,41.150327
-20.1,6,41.179209
-36.2,6,41.211659
-55.3,6,41.248595
-25.3,6,41.269665
-32.5,6,41.293562
-6.6,6,41.320283
-24.2,6,41.356663
0.9,6,41.393922
-41.3,6,41.421822
-31.3,6,41.454622
-20.0,6,41.488387
-30.5,6,41.51218
-33.8,6,41.538038
-26.0,6,41.58549
-55.1,6,41.612895
-39.3,6,41.635552
-33.1,6,41.668708
-13.1,6,41.691226
-31.7,6,41.720309
-41.0,6,41.743459
-29.4,6,41.762838
-49.9,6,41.794942
-28.4,6,41.828504
-32.7,6,41.857874
-10.6,6,41.889926
0.4,6,41.912524
-29.0,6,41.936545
-19.2,6,41.966785
-20.9,6,41.999102
-40.1,6,42.027683
-36.3,6,42.058326
-40.3,6,42.089762
-62.5,6,42.118611
-37.0,6,42.151222
-8.8,6,42.181128
-54.0,6,42.21635
-33.2,6,42.251607
-33.6,6,42.288396
-14.9,6,42.330184
-29.4,6,42.359023
-2.5,6,42.38095
-29.4,6,42.404722
-50.0,6,42.438362
-46.1,6,42.469234
-30.8,6,42.497949
-33.6,6,42.525184
-38.7,6,42.565222
-58.9,6,42.601454
-7.2,6,42.635965
-27.9,6,42.662941
-54.0,6,42.686978
-25.7,6,42.722852
-13.4,6,42.75711
-12.7,6,42.802569
-23.2,6,42.835937
-8.7,6,42.86008
-50.6,6,42.887141
-37.9,6,42.928378
-40.6,6,42.961871
-15.0,6,42.984618
-40.1,6,43.017751
-25.2,6,43.038841
-41.8,6,43.073305
-33.6,6,43.120246
-20.9,6,43.147746
-35.8,6,43.172713
-21.7,6,43.19824
-29.0,6,43.233301
-11.1,6,43.257215
-35.2,6,43.286956
-57.8,6,43.325921
-41.4,6,43.36859
-30.7,6,43.400265
-27.0,6,43.425947
-22.8,6,43.454571
-48.6,6,43.486712
-2.2,6,43.513786
-8.7,6,43.553363
-37.0,6,43.583139
-44.8,6,43.604905
-55.3,6,43.629008
-27.5,6,43.652154
-40.9,6,43.689533
-47.3,6,43.721538
-21.0,6,43.752457
-36.8,6,43.802619
-29.5,6,43.838406
-20.3,6,43.866671
-33.4,6,43.906765
-36.5,6,43.930706
-22.5,6,43.960185
-43.6,6,43.985719
-42.1,6,44.016774
-57.0,6,44.037068
-28.5,6,44.067244
-7.4,6,44.085355
-41.2,6,44.120902
-22.7,6,44.155123
-30.2,6,44.18593
-42.2,6,44.216915
-18.8,6,44.248743
-32.1,6,44.28209
-38.8,6,44.315519
-29.0,6,44.343767
-42.7,6,44.371361
-50.1,6,44.402056
-46.6,6,44.42616
-40.6,6,44.454579
-23.7,6,44.483205
-24.9,6,44.510526
-22.6,6,44.536803
-50.5,6,44.577511
-47.4,6,44.607167
-35.9,6,44.646078
-3.1,6,44.681754
-31.3,6,44.709607
-40.3,6,44.740769
-30.3,6,44.769306
-26.7,6,44.800236
-52.4,6,44.832055
-19.8,6,44.859138
-19.2,6,44.888697
-24.6,6,44.915248
-7.4,6,44.950471
-36.1,6,44.980302
-33.5,6,45.009795
-26.3,6,45.034938
-33.7,6,45.066872
-19.2,6,45.104098
-40.5,6,45.133997
-26.0,6,45.164135
-21.2,6,45.186813
-35.0,6,45.220517
-34.1,6,45.25032
-32.1,6,45.273359
-40.8,6,45.298745
-30.6,6,45.32575
-25.5,6,45.355159
-34.3,6,45.397834
-17.5,6,45.424524
-33.8,6,45.45536
-28.6,6,45.487334
-17.9,6,45.517475
-12.7,6,45.540066
-38.3,6,45.573413
-6.3,6,45.603357
-20.1,6,45.630975
-36.9,6,45.664272
-41.2,6,45.68681
-32.8,6,45.706792
-30.1,6,45.729946
-30.4,6,45.754371
-22.7,6,45.790082
-31.8,6,45.8178
-30.6,6,45.843561
-4.2,6,45.871413
-11.1,6,45.893919
-39.9,6,45.922151
-45.6,6,45.948391
-46.4,6,45.974458
-40.9,6,46.007109
104.8,1,46.009206
-44.9,6,46.035884
-25.3,6,46.071176
-21.9,6,46.093598
-14.4,6,46.11255
-57.4,6,46.147789
-16.7,6,46.183977
-26.3,6,46.212419
-18.6,6,46.240407
-34.4,6,46.265002
-41.2,6,46.298088
-41.7,6,46.338359
-45.4,6,46.364015
-24.3,6,46.393075
-25.5,6,46.416856
-22.6,6,46.450496
-0.1,6,46.490359
-29.9,6,46.530098
-26.2,6,46.553414
-49.3,6,46.578905
-12.9,6,46.614102
-36.7,6,46.646429
-43.1,6,46.672379
-26.5,6,46.701424
-18.6,6,46.726953
-47.4,6,46.755948
-9.0,6,46.788867
-15.2,6,46.830836
-13.9,6,46.850022
-25.7,6,46.873898
-38.4,6,46.90218
-23.2,6,46.92792
-26.1,6,46.950406
-17.6,6,46.977625
-6.8,6,47.007126
-41.9,6,47.027625
-32.8,6,47.057339
-41.0,6,47.093368
-19.5,6,47.123698
-14.5,6,47.14595
-40.9,6,47.177681
-12.4,6,47.211595
-28.1,6,47.236647
-15.0,6,47.255611
-39.0,6,47.281442
-33.4,6,47.309312
-15.6,6,47.339635
-46.5,6,47.373088
-23.3,6,47.405624
-31.4,6,47.433576
-29.3,6,47.457152
-24.7,6,47.483079
-25.9,6,47.532708
-22.5,6,47.561564
-46.9,6,47.596123
-31.8,6,47.624486
-23.6,6,47.650978
-41.7,6,47.679031
-38.5,6,47.715364
-24.6,6,47.744507
-16.8,6,47.771114
-22.6,6,47.801053
-35.3,6,47.829974
104.8,1,47.837162
-30.7,6,47.872512
-26.8,6,47.908857
-33.8,6,47.951595
-38.1,6,47.983107
-28.8,6,48.006327
-38.5,6,48.029574
-36.0,6,48.054958
-51.9,6,48.094269
-38.1,6,48.117653
-25.9,6,48.148467
-15.9,6,48.173918
-47.2,6,48.20465
-39.0,6,48.232958
-42.4,6,48.26919
-35.6,6,48.299798
-38.4,6,48.314506
-15.8,6,48.339013
0.8,6,48.369021
-39.0,6,48.396658
-42.1,6,48.42069
-40.2,6,48.443752
-26.7,6,48.462945
-36.4,6,48.49604
-16.1,6,48.51843
-36.7,6,48.547247
127.7,2,48.560901
-17.7,6,48.589608
-20.3,6,48.618189
-13.1,6,48.651495
104.8,1-48.2,6,48.6-45.6,6-2.0,6,48.71-59.9,-40.3,6,48.75-40.1,-36.6,6,48.79-49.3,-23.7,6,48.81-46.2,-13.1,6,48.8-26.6,6-18.1,6,48.8-42.6,6-17.2,6,48.87.2,6,4-28.1,6,48-17.5,6,4-38.8,6,48-2.9,6,48141.4,4,4-39.2,6,49-30.3,6,-36.0,6,49.-14.4,6,-37.3,6,49.-39.8,6,-21.2,6,49.-49.9,6,-54.6,6,49.-25.5,6,-20.7,6,49.-46.0,6,-25.7,6,49.-34.0,6,-38.6,6,49.-22.3,6,-36.6,6,49.-42.1,6,-55.1,6,49.-15.8,6,-48.8,6,49.-43.0,6,-23.3,6,49.-11.2,6,-37.3,6,49.-39.0,6,-57.0,6,49.-29.5,6,-28.3,6,49.-23.9,6,-33.6,6,49.-14.2,6,-19.8,6,49.-37.7,6,-30.8,6,49.-18.3,6,-27.6,6,49.-41.8,6,-36.5,6,49.-34.5,6,-36.0,6,49.-28.1,6,-20.3,6,49-32.4,6,4-27.3,6,49-24.3,6,4-18.3,6,49-45.0,6,4-33.7,6,49-13.0,6,4-42.9,6,4-14.7,6,49-31.6,6,4-15.3,6,49-52.2,6,4-27.8,6,4-24.3,6,4-34.9,6,49-22.2,6,4-5.3,6,49.-46.7,6,-29.4,6,49.-43.9,6,-40.4,6,49.-21.1,6,-36.0,6,49.-39.7,6,-17.7,6,49.-43.4,6,-39.3,6,50.-10.8,6,-45.6,6,50.-39.0,6,-35.1,6,50.-26.0,6,-34.3,6,50.-29.5,6,-30.4,6,50.-30.8,6,-25.6,6,50.-33.7,6,-5.6,6,50.1-49.0,6-30.9,6,50.2-55.6,-31.0,6,50.2-47.5,6-26.0,6,50.2-40.9,6-33.0,6,50.2-26.6,6-11.0,6,50.3-47.5,-23.2,6,50.35-21.6,-15.0,6,50.38-30.7,-49.3,6,50.41-43.7,-38.3,6,50.45-11.8,-25.6,6,50.47-9.0,6-1.1,6,50.50-55.1,-34.0,6,50.53-37.6,-33.1,6,50.56-20.2,-7.3,6,50.594-31.8-67.5,6,50.63-42.5,-49.7,6,50.66-60.0,-14.3,6,50.69-37.4,-21.2,6,50.72-35.4,-40.0,6,50.75-36.5,-45.9,6,50.78-30.7,-32.4,6,50.81-36.71.3,6,50.84076-27-34.4,6,50.8609--53.1,6,50.895216--1.9,6,50.929626
-26.6,6,50.949811--47.9,6,50.979909--37.9,6,51.007163--43.9,6,51.0381724-31.9,6,51.06720-40-37.5,6,51.10041-42-29.1,6,51.12309-27-15.6,6,51.14493-2-42.9,6,51.190485-3-15.6,6,51.222368-5-26.7,6,51.252821-2-15.2,6,51.281213-4-24.6,6,51.307564-3-25.9,6,51.341619-2-16.6,6,51.359422-3-22.5,6,51.389899-2-44.0,6,51.423509-3-14.6,6,51.455244-0-35.4,6,51.48608-16-46.2,6,51.51684-22-70.2,6,51.54339-22-31.0,6,51.57246-16-27.4,6,51.59649-24-42.3,6,51.63213-42.1,6,51.647111
-52.0,6,51.677851
-27.6,6,51.699198
-32.2,6,51.723128
-25.8,6,51.747591
-46.6,6,51.777033
-38.4,6,51.806875
-9.0,6,51.838285
-26.6,6,51.864899
-34.2,6,51.891855
-24.6,6,51.912019
-58.5,6,51.950486
-44.6,6,51.990089
-29.0,6,52.016231
-13.6,6,52.049341
-21.8,6,52.07422
-39.3,6,52.105123
-16.6,6,52.130355
-22.3,6,52.158652
-8.7,6,52.185651
-48.2,6,52.216365
-61.5,6,52.255291
-56.6,6,52.292186
-36.3,6,52.325049
-28.4,6,52.352019
-22.2,6,52.384707
-51.0,6,52.419598
-27.8,6,52.45131
-38.5,6,52.473301
-34.6,6,52.494909
-28.9,6,52.522177
-37.1,6,52.551398
-27.0,6,52.582563
-21.3,6,52.604017
-20.5,6,52.640742
-23.4,6,53.019813
-29.1,6,53.051874
-4.4,6,53.077771
-46.6,6,53.104773
-61.3,6,53.134521
-32.5,6,53.155876
-8.3,6,53.188078
-25.7,6,53.22349
-42.7,6,53.252519
-29.6,6,53.283317
-30.0,6,53.310869
-20.3,6,53.3473
-16.9,6,53.370147
-68.4,6,53.39825
-14.3,6,53.425392
-20.0,6,53.448936
-51.6,6,53.478677
-10.2,6,53.507959
-38.7,6,53.53562
-34.2,6,53.569283
-20.5,6,53.605607
-4.3,6,53.645128
-46.3,6,53.676615
-43.3,6,53.702753
-23.7,6,53.748734
-36.0,6,53.78489
-38.6,6,53.81838
-55.3,6,53.857972
-32.4,6,53.888329
-70.4,6,53.921682
-58.5,6,53.94997
-43.1,6,53.98811
-41.5,6,54.030591
-49.9,6,54.05598
-15.4,6,54.083827
-19.5,6,54.113811
-34.9,6,54.154715
-43.8,6,54.183537
-31.2,6,54.204002
-42.9,6,54.227216
4.9,6,54.257178
-25.3,6,54.293665
-35.3,6,54.318324
-44.9,6,54.3476
-18.5,6,54.38428
-27.6,6,54.413256
-23.0,6,54.442603
-13.3,6,54.471076
-46.9,6,54.503088
-35.4,6,54.553895
-6.2,6,54.575735
-33.2,6,54.609331
-20.8,6,54.642729
3.0,6,54.667612
-27.7,6,54.711987
-6.6,6,54.747149
-23.9,6,54.784626
-37.3,6,54.851362
-43.7,6,54.903492
-39.6,6,54.936473
-19.1,6,54.962934
-18.8,6,54.994498
-28.9,6,55.018628
-35.5,6,55.041165
-25.3,6,55.064096
-30.6,6,55.095195
-20.1,6,55.133853
-19.4,6,55.161224
-39.0,6,55.190034
-65.4,6,55.223416
-60.0,6,55.249052
-46.2,6,55.279042
-25.6,6,55.304154
-52.3,6,55.34087
-33.4,6,55.38004
0.2,6,55.404994
-38.4,6,55.440322
3.4,6,55.46912
-21.5,6,55.495665
-25.4,6,55.520018
-28.7,6,55.545427
-39.8,6,55.574981
-31.0,6,55.593161
-49.4,6,55.629375
-42.3,6,55.655717
-29.8,6,55.683737
-26.3,6,55.715742
-19.8,6,55.740935
-36.3,6,55.768493
-16.0,6,55.799063
-31.7,6,55.83779
-22.0,6,55.871392
-11.9,6,55.897642
-19.5,6,55.933373
-47.1,6,55.968572
-44.2,6,56.003143
-40.7,6,56.044983
-5.0,6,56.075706
-38.6,6,56.109067
-23.3,6,56.145284
-24.7,6,56.18515
3.1,6,56.2136
-53.1,6,56.240867
-58.1,6,56.2714
-30.8,6,56.29987
-20.5,6,56.322127
-6.4,6,56.354004
-34.4,6,56.377445
-42.3,6,56.397727
-20.2,6,56.421203
-13.7,6,56.444573
-30.8,6,56.471766
-32.9,6,56.500314
-37.4,6,56.526931
-49.9,6,56.557466
-22.8,6,56.586469
-46.9,6,56.61652
-9.4,6,56.648944
-40.1,6,56.673794
-24.1,6,56.694057
-44.3,6,56.725893
-43.1,6,56.764026
-36.9,6,56.784328
-16.8,6,56.82382
-16.0,6,56.856094
-53.6,6,56.877975
-29.8,6,56.911021
-37.7,6,56.935574
-41.8,6,56.970627
-33.5,6,56.999548
-11.0,6,57.028777
-26.4,6,57.068866
-15.9,6,57.089885
-24.0,6,57.118375
-27.3,6,57.146659
-49.5,6,57.172303
-37.0,6,57.199079
-25.3,6,57.227099
-57.4,6,57.265151
-50.6,6,57.295252
-17.5,6,57.328742
-22.9,6,57.356517
-38.9,6,57.38829
-45.2,6,57.407963
-24.7,6,57.429766
-24.7,6,57.460181
-17.0,6,57.488852
-41.2,6,57.519855
-50.0,6,57.558318
-31.1,6,57.592114
-48.8,6,57.633248
-25.7,6,57.662481
-28.3,6,57.690995
-21.3,6,57.715581
-73.0,6,57.746867
-14.8,6,57.770455
-26.1,6,57.796318
-22.1,6,57.824568
-37.8,6,57.841975
-23.4,6,57.868906
-41.4,6,57.889089
-42.5,6,57.929818
-39.4,6,57.968588
-27.7,6,57.990323
-41.9,6,58.007406
-47.6,6,58.035814
-36.4,6,58.069978
-32.3,6,58.099353
-41.9,6,58.121573
2.2,6,58.151797
-20.4,6,58.184123
-34.7,6,58.213406
-23.4,6,58.248457
-21.6,6,58.283337
-41.1,6,58.317372
-12.1,6,58.342303
-44.8,6,58.372332
-36.0,6,58.399183
-14.0,6,58.429172
-24.1,6,58.456358
-22.0,6,58.493396
-26.1,6,58.536981
-41.4,6,58.579548
-51.3,6,58.618112
-22.7,6,58.65506
-30.0,6,58.680451
-32.1,6,58.712469
-35.4,6,58.741101
-50.4,6,58.764408
-33.3,6,58.788355
-7.0,6,58.817567
-44.6,6,58.858217
-35.6,6,58.885955
-2.1,6,58.913158
-5.2,6,58.940131
-37.7,6,58.971181
-29.8,6,58.990546
-40.8,6,59.01929
-14.1,6,59.058915
-24.0,6,59.095064
-31.3,6,59.119209
-39.9,6,59.149161
-20.9,6,59.174621
-31.1,6,59.20036
-20.1,6,59.227799
-25.2,6,59.264696
-35.9,6,59.291268
-51.2,6,59.32446
-2.3,6,59.358385
-11.1,6,59.388495
-15.2,6,59.411057
-26.0,6,59.439598
-33.8,6,59.473944
-26.0,6,59.507088
-54.1,6,59.539276
-12.4,6,59.567091
-51.6,6,59.615396
-23.0,6,59.64509
-19.0,6,59.663698
-11.2,6,59.689146
-35.6,6,59.72205
-26.8,6,59.749405
-41.0,6,59.776458
-1.5,6,59.809941
-22.1,6,59.835911
-19.0,6,59.861925
-22.1,6,59.88993
-40.5,6,59.92694
-38.7,6,59.95071
-34.8,6,59.981437
-35.8,6,60.01412
-31.6,6,60.051133
-35.5,6,60.082199
-39.0,6,60.109929
-40.2,6,60.128452
-55.1,6,60.15526
-21.3,6,60.190729
-19.9,6,60.223435
-29.8,6,60.255032
-32.9,6,60.279383
-25.7,6,60.304459
-22.7,6,60.329645
-26.4,6,60.35461
-33.9,6,60.377804
-14.8,6,60.403079
-42.5,6,60.430608
-52.3,6,60.460479
-22.3,6,60.490504
-27.8,6,60.529629
-2.4,6,60.567696
-11.2,6,60.601683
-25.3,6,60.629045
-36.6,6,60.654938
-23.8,6,60.681766
-40.0,6,60.702392
-20.7,6,60.726976
-37.9,6,60.757121
-44.5,6,60.787131
-70.0,6,60.822674
-32.8,6,60.901212
-30.1,6,60.949334
-21.0,6,60.988192
-39.4,6,61.018102
-9.4,6,61.04265
-31.7,6,61.076936
-6.0,6,61.102823
-23.6,6,61.136875
-44.3,6,61.168165
-0.4,6,61.200096
-45.3,6,61.226447
-19.5,6,61.252709
-29.8,6,61.274311
-63.2,6,61.304032
-24.5,6,61.34156
-31.6,6,61.371293
-36.5,6,61.406211
-15.6,6,61.442548
-31.8,6,61.471989
-17.4,6,61.497042
-37.5,6,61.53681
-27.3,6,61.561185
-24.5,6,61.598521
-16.0,6,61.630509
-33.2,6,61.662874
-29.6,6,61.692914
-35.0,6,61.716437
-32.9,6,61.742833
-11.2,6,61.773636
-25.1,6,61.804927
-20.5,6,61.829774
-7.3,6,61.850475
-31.4,6,61.889954
-9.3,6,61.918163
-29.4,6,61.942836
-36.4,6,61.977857
-54.8,6,62.00491
-23.6,6,62.025476
-27.1,6,62.053677
-17.7,6,62.10008
-32.1,6,62.130229
-45.6,6,62.158556
-51.0,6,62.187903
-40.4,6,62.214705
-33.0,6,62.241809
-18.3,6,62.272486
-54.6,6,62.304847
-39.8,6,62.340428
-29.7,6,62.368386
-41.4,6,62.384348
-19.8,6,62.403068
-12.4,6,62.431828
-36.8,6,62.463382
-49.0,6,62.495363
-19.1,6,62.525425
-14.3,6,62.560517
-20.8,6,62.580671
-21.9,6,62.600304
-50.2,6,62.632258
-53.5,6,62.667616
-33.7,6,62.699136
2.1,6,62.723995
-32.9,6,62.760505
-14.9,6,62.789416
-47.1,6,62.82991
-12.6,6,62.863251
-40.0,6,62.889575
-39.3,6,62.923296
-31.4,6,62.951882
1.7,6,62.983985
-49.2,6,63.021435
-39.8,6,63.044768
-25.2,6,63.067994
-8.0,6,63.096576
-41.7,6,63.126241
-12.7,6,63.151438
-13.6,6,63.173444
-40.7,6,63.217088
-49.5,6,63.248708
-32.5,6,63.280675
-33.6,6,63.30621
-28.8,6,63.341125
-24.4,6,63.375334
-17.2,6,63.39904
-21.9,6,63.436208
-36.4,6,63.463662
-37.1,6,63.483888
-26.5,6,63.52014
-12.6,6,63.542861
-48.9,6,63.581805
-33.8,6,63.607273
-30.1,6,63.629877
-42.6,6,63.652157
-11.5,6,63.665538
-35.3,6,63.697944
-47.8,6,63.736499
-45.6,6,63.760877
-18.5,6,63.792812
-31.2,6,63.822538
-35.7,6,63.855991
-5.6,6,63.878704
-62.4,6,63.908013
-24.3,6,63.936546
-40.6,6,63.956234
-40.0,6,63.97887
-35.1,6,64.005816
-31.6,6,64.034443
-36.6,6,64.064328
-37.6,6,64.090856
-26.2,6,64.123282
-6.5,6,64.142656
-43.4,6,64.16695
-44.9,6,64.202
-35.8,6,64.241568
-16.6,6,64.292312
-34.7,6,64.317411
-13.9,6,64.342232
-8.1,6,64.366568
-27.9,6,64.389461
-6.3,6,64.417778
-20.3,6,64.451874
-3.3,6,64.475035
-7.1,6,64.509396
-25.6,6,64.53801
-50.1,6,64.571863
-21.2,6,64.604915
-38.5,6,64.632028
-29.2,6,64.660659
-12.3,6,64.682058
-28.4,6,64.712812
-27.1,6,64.742734
-19.5,6,64.768108
-25.4,6,64.790814
-23.1,6,64.809226
-21.7,6,64.832876
-31.8,6,64.857042
-11.7,6,64.882825
-40.1,6,64.915845
-56.9,6,64.95991
-17.0,6,64.981744
-32.7,6,65.006853
-11.8,6,65.031941
-11.8,6,65.060866
-43.5,6,65.088007
-42.2,6,65.113835
-43.1,6,65.136723
-32.5,6,65.165347
-50.9,6,65.202013
-31.8,6,65.225206
-25.0,6,65.252895
170.5,4,65.262809
-29.7,6,65.292825
-7.3,6,65.310946
-42.8,6,65.340724
-26.2,6,65.378653
-54.1,6,65.40795
-31.2,6,65.429823
-51.0,6,65.457167
-48.4,6,65.493927
-37.9,6,65.525094
-32.5,6,65.553187
-21.2,6,65.579692
-14.8,6,65.612139
4.3,6,65.647514
-18.7,6,65.701607
-28.7,6,65.731133
-48.0,6,65.759267
-44.6,6,65.797743
-31.3,6,65.82652
-47.9,6,65.863307
-33.6,6,65.893114
-20.5,6,65.929789
-54.6,6,65.95558
-15.1,6,65.983238
-41.5,6,66.016441
-45.5,6,66.038276
-24.3,6,66.066071
0.6,6,66.092796
-11.4,6,66.117726
-33.8,6,66.147047
-33.0,6,66.177094
-26.8,6,66.207061
-36.0,6,66.238293
-41.6,6,66.267318
-22.2,6,66.298938
-9.1,6,66.325382
-22.1,6,66.35663
-45.9,6,66.383039
-47.9,6,66.407846
-25.3,6,66.454378
-34.5,6,66.482532
-38.9,6,66.516685
-28.5,6,66.545516
-33.9,6,66.575346
-40.8,6,66.613693
-11.3,6,66.638975
-46.8,6,66.672026
-27.3,6,66.699681
-47.1,6,66.722482
-60.1,6,66.755557
-41.4,6,66.785218
-44.4,6,66.817164
-17.5,6,66.843221
-41.5,6,66.872876
-40.2,6,66.909246
-34.1,6,66.946054
-20.2,6,66.975583
-31.8,6,67.005174
-16.4,6,67.033239
-10.7,6,67.058937
-15.0,6,67.08572
-12.3,6,67.1098
-33.7,6,67.136713
-30.2,6,67.163743
-28.8,6,67.210884
-43.1,6,67.238444
-43.8,6,67.259001
-42.6,6,67.279362
-29.5,6,67.307965
-17.9,6,67.335719
-34.4,6,67.363889
-27.4,6,67.391711
-28.8,6,67.411047
-27.2,6,67.442183
-13.0,6,67.477249
-13.2,6,67.507759
127.7,2,67.517611
-28.0,6,67.547299
-22.2,6,67.581507
-33.5,6,67.617832
-26.0,6,67.643213
-28.7,6,67.667503
-35.4,6,67.696653
-23.9,6,67.716215
-23.5,6,67.735732
-30.8,6,67.762267
-51.4,6,67.795906
-18.7,6,67.814884
-46.2,6,67.847502
-21.7,6,67.879704
-41.6,6,67.910409
-16.1,6,67.945294
-46.4,6,67.976912
-43.2,6,68.014763
-33.4,6,68.039456
-54.9,6,68.070257
-31.1,6,68.103136
-20.6,6,68.131265
-47.4,6,68.15747
-39.5,6,68.180854
-50.2,6,68.207206
-35.1,6,68.231881
-50.7,6,68.265112
-42.9,6,68.296585
0.6,6,68.32383
-17.6,6,68.356082
-41.4,6,68.378
124.7,2,68.394623
-40.5,6,68.424375
-43.8,6,68.444165
-38.0,6,68.464368
-27.0,6,68.494472
-57.7,6,68.528986
-45.0,6,68.552432
-29.1,6,68.596075
-37.9,6,68.625546
-19.4,6,68.65009
-6.7,6,68.67905
-26.6,6,68.704643
-17.9,6,68.735187
-6.8,6,68.76173
-39.2,6,68.783504
-41.3,6,68.815621
-8.9,6,68.840513
-24.5,6,68.864024
-41.0,6,68.892364
-30.8,6,68.930676
-37.5,6,68.969169
-45.8,6,68.994961
-13.7,6,69.015689
-41.7,6,69.05309
-32.0,6,69.092818
-10.0,6,69.117614
-48.7,6,69.145175
-28.1,6,69.175187
-36.4,6,69.208809
-25.9,6,69.23953
-47.2,6,69.28656
-25.6,6,69.318323
-24.2,6,69.3616
-30.3,6,69.387419
-36.1,6,69.423826
-17.8,6,69.449164
-22.3,6,69.47759
-41.0,6,69.500829
-22.5,6,69.530933
-36.6,6,69.554566
-37.1,6,69.588586
-52.2,6,69.622834
-27.2,6,69.650836
-53.0,6,69.678376
-41.8,6,69.70764
-18.8,6,69.732271
-22.6,6,69.763366
-15.7,6,69.78388
-37.8,6,69.812158
-32.4,6,69.837471
-48.6,6,69.871315
-46.8,6,69.90076
-49.1,6,69.93241
-28.1,6,69.954621
-33.0,6,69.987831
-44.5,6,70.026202
-47.7,6,70.055099
-2.7,6,70.095491
-28.8,6,70.131848
-43.9,6,70.16036
-39.4,6,70.191247
-39.2,6,70.218694
-31.4,6,70.242056
-14.9,6,70.263309
-32.8,6,70.296397
-26.1,6,70.333265
-49.3,6,70.360769
-37.2,6,70.386596
-26.5,6,70.41952
-4.3,6,70.457084
-27.7,6,70.495437
15.6,6,70.530878
-67.4,6,70.567448
-41.2,6,70.600165
-38.5,6,70.620485
-33.4,6,70.658495
-40.6,6,70.683079
-35.5,6,70.702992
-28.2,6,70.734449
-26.8,6,70.759624
-38.6,6,70.801446
-63.2,6,70.840884
-22.6,6,70.89696
-56.6,6,70.927711
-44.3,6,70.961866
-40.1,6,71.011896
-39.2,6,71.045469
-40.7,6,71.073902
-33.6,6,71.104433
-17.9,6,71.128891
-27.6,6,71.172087
-28.6,6,71.204386
-24.7,6,71.237297
-31.5,6,71.273922
-19.2,6,71.304848
-27.2,6,71.345812
-4.6,6,71.376815
-30.0,6,71.417189
-32.3,6,71.47443
-41.9,6,71.512673
-48.2,6,71.545175
-43.4,6,71.575718
-30.9,6,71.614526
-29.7,6,71.643219
-20.9,6,71.667403
-22.1,6,71.704338
-34.4,6,71.737027
-26.3,6,71.788399
-33.0,6,71.815853
148.7,2,71.827729
-21.5,6,71.860328
-31.5,6,71.892709
-35.7,6,71.918726
-31.7,6,71.944962
-14.8,6,71.977733
-24.2,6,72.01051
-38.9,6,72.0423
-16.8,6,72.076874
-46.6,6,72.109076
-33.0,6,72.131809
-35.9,6,72.159166
-13.5,6,72.188433
-35.6,6,72.212811
-15.3,6,72.2535
-24.9,6,72.286726
-1.5,6,72.313445
-33.3,6,72.339684
-41.8,6,72.361969
-26.5,6,72.387251
-32.2,6,72.429377
-28.1,6,72.458018
-17.9,6,72.482886
-19.4,6,72.510734
-32.0,6,72.559297
-20.3,6,72.589869
-13.2,6,72.62186
1.3,6,72.650256
-45.9,6,72.679866
-38.6,6,72.710886
-30.4,6,72.744518
-14.3,6,72.772105
-12.5,6,72.797161
-29.6,6,72.828032
-12.9,6,72.854598
-52.8,6,72.887983
-37.3,6,72.919321
-59.1,6,72.981236
-72.2,6,73.040321
-48.2,6,73.079768
-49.5,6,73.123427
-11.9,6,73.15123
-40.0,6,73.190291
-17.6,6,73.213734
-34.1,6,73.250872
-44.9,6,73.287518
-21.8,6,73.316465
-6.9,6,73.349362
-17.9,6,73.381469
-26.8,6,73.433719
-49.5,6,73.479486
-27.2,6,73.517621
-48.4,6,73.55017
-34.8,6,73.588209
-27.3,6,73.623764
-21.6,6,73.666727
-49.6,6,73.700113
-42.4,6,73.746478
-33.2,6,73.789756
-8.0,6,73.823609
-31.7,6,73.853618
-41.3,6,73.877275
-40.1,6,73.913079
-25.4,6,73.93953
-16.8,6,73.964356
-39.7,6,73.991453
-22.7,6,74.018867
-44.6,6,74.042766
-42.3,6,74.078835
-32.5,6,74.121275
-41.9,6,74.165344
-47.1,6,74.188666
-40.4,6,74.22673
-22.5,6,74.251405
-50.0,6,74.297498
-43.1,6,74.334869
-33.2,6,74.365906
-28.8,6,74.400509
-13.0,6,74.432618
-14.7,6,74.462687
-13.7,6,74.498773
-43.9,6,74.537783
-18.6,6,74.578573
-23.7,6,74.613839
-10.5,6,74.64394
-38.6,6,74.687284
-20.7,6,74.722342
-18.2,6,74.751007
-29.2,6,74.790969
-27.3,6,74.824175
-42.1,6,74.860422
-22.1,6,74.889947
2.0,6,74.92886
-26.6,6,74.952515
-33.1,6,74.985002
-26.7,6,75.026792
-19.9,6,75.057592
-42.0,6,75.085867
-18.7,6,75.127095
-50.8,6,75.159197
163.2,4,75.179957
-19.6,6,75.212268
-37.0,6,75.242633
-41.7,6,75.272552
-58.1,6,75.303915
-58.1,6,75.3293
-48.6,6,75.365361
-29.6,6,75.395542
-43.9,6,75.422637
-29.8,6,75.457374
-17.2,6,75.487012
-36.0,6,75.515639
-21.8,6,75.5385
-16.8,6,75.569666
-17.9,6,75.593511
-39.5,6,75.623381
-22.0,6,75.655413
-52.6,6,75.694604
-28.9,6,75.727394
-23.3,6,75.746071
-19.6,6,75.776709
-32.0,6,75.813583
-22.2,6,75.85681
-37.7,6,75.887927
-36.0,6,75.934976
-14.8,6,75.963771
-8.9,6,75.996402
-43.4,6,76.03998
-45.5,6,76.061302
-6.1,6,76.091327
-44.7,6,76.123039
-15.0,6,76.154367
-22.8,6,76.18529
-21.7,6,76.217157
-26.2,6,76.246938
-57.4,6,76.286764
-24.6,6,76.31866
-42.5,6,76.346041
-3.3,6,76.377787
-38.2,6,76.403601
-15.8,6,76.417292
-40.6,6,76.444586
-51.4,6,76.477476
-31.4,6,76.504119
-40.7,6,76.537549
-2.4,6,76.56988
-16.0,6,76.596196
-37.7,6,76.621756
-28.9,6,76.651429
-29.9,6,76.69482
-13.1,6,76.730285
-26.0,6,76.765189
-53.3,6,76.793795
-15.2,6,76.821156
-37.4,6,76.858181
-62.1,6,76.889335
-16.7,6,76.92354
-29.0,6,76.963456
-17.8,6,77.005076
-63.8,6,77.040396
-31.8,6,77.067344
-38.7,6,77.091294
-24.7,6,77.137884
-4.5,6,77.164723
-42.7,6,77.196025
-51.3,6,77.228415
-32.5,6,77.259712
-42.8,6,77.298685
-32.8,6,77.329144
-43.7,6,77.356294
-38.2,6,77.383215
-21.9,6,77.40689
-32.7,6,77.44622
-43.1,6,77.485561
-49.8,6,77.51911
-28.0,6,77.548357
-34.2,6,77.578805
-13.0,6,77.605783
-21.0,6,77.634683
-36.5,6,77.662842
-48.4,6,77.687938
-29.4,6,77.715282
-28.5,6,77.743777
-23.0,6,77.776745
-29.1,6,77.811284
-27.1,6,77.851152
-21.8,6,77.887231
-44.7,6,77.933457
-2.2,6,77.973741
-32.4,6,78.012389
-33.9,6,78.052227
-51.9,6,78.078622
-46.8,6,78.117632
-44.7,6,78.15121
-33.6,6,78.188087
-22.5,6,78.219859
-54.7,6,78.244997
-47.6,6,78.278418
-35.0,6,78.327717
-31.3,6,78.349102
-31.7,6,78.374897
-54.9,6,78.407955
-25.2,6,78.450775
-23.3,6,78.480392
-19.5,6,78.511705
-18.9,6,78.545561
-61.4,6,78.58324
-21.0,6,78.616553
-23.4,6,78.646169
-33.1,6,78.680833
-28.6,6,78.717001
-47.0,6,79.102996
-33.8,6,79.132571
-46.1,6,79.162738
-11.8,6,79.19376
-9.5,6,79.21444
-24.0,6,79.252674
-17.5,6,79.278206
-27.8,6,79.309109
-43.6,6,79.382007
-38.0,6,79.472245
-44.1,6,79.581798
-17.0,6,79.707059
-26.9,6,79.898011
-20.6,6,80.000134
-43.6,6,80.124982
-34.0,6,80.286188
-13.7,6,80.395911
-16.9,6,80.508065
-41.8,6,80.588782
-11.7,6,80.723004
-43.6,6,80.844384
-30.7,6,80.952186
-21.6,6,81.084763
-35.4,6,81.219004
-49.4,6,81.303859
-51.3,6,81.436996
-67.1,6,81.570212
-4.7,6,81.653556
-49.4,6,81.74459
-15.3,6,81.839084
-16.4,6,81.954906
-59.9,6,82.044651
-18.6,6,82.131734
-36.8,6,82.213968
-4.7,6,82.300391
-27.8,6,82.399509
-34.3,6,82.496733
-1.6,6,82.604488
-33.2,6,82.70057
-2.3,6,82.880763
-28.3,6,83.008914
-41.7,6,83.110909
-36.5,6,83.236331
-52.3,6,83.344457
-45.1,6,83.424826
-27.7,6,83.505186
-24.8,6,83.58727
-18.3,6,83.689539
-41.3,6,83.811545
-46.7,6,83.916718
-19.0,6,84.039057
-28.7,6,84.133544
-32.7,6,84.207235
-28.5,6,84.306817
-39.8,6,84.422207
-32.7,6,84.520365
-35.5,6,84.629339
-51.6,6,84.709073
-5.0,6,84.77113
-31.3,6,84.846422
130.2,3,84.913388
-47.9,6,84.996561
-28.4,6,85.187891
-34.6,6,85.304814
-51.6,6,85.428544
-36.4,6,85.522142
-17.2,6,85.622916
-30.5,6,85.716498
-34.3,6,85.820171
-59.4,6,85.909473
-29.8,6,85.987921
-18.6,6,86.04165
-30.4,6,86.132947
-36.2,6,86.211525
-18.2,6,86.318469
-52.3,6,86.411643
-38.0,6,86.528573
-50.6,6,86.622552
-42.6,6,86.703025
-28.9,6,86.835486
-33.2,6,86.925513
-30.0,6,87.029116
-25.9,6,87.128886
-64.7,6,87.27084
-34.6,6,87.418486
-40.9,6,87.51562
142.2,3,87.548351
-37.5,6,87.630196
-39.7,6,87.782493
-36.9,6,87.884129
-30.6,6,87.968357
-52.3,6,88.037651
-36.7,6,88.152892
-51.6,6,88.253042
-25.0,6,88.3342
-23.8,6,88.443972
-36.0,6,88.549757
-20.2,6,88.687666
-29.3,6,88.752939
-17.3,6,88.843284
-37.2,6,88.985714
-26.5,6,89.070081
-33.1,6,89.184898
-33.5,6,89.279435
-32.2,6,89.395816
-24.0,6,89.489285
-14.8,6,89.567488
-30.6,6,89.657132
-30.8,6,89.741332
-45.5,6,89.845551
-36.1,6,89.926697
-53.7,6,90.037828
-37.3,6,90.157145
-38.2,6,90.375541
-17.2,6,90.457845
10.0,6,90.588646
-28.2,6,90.679441
-31.7,6,90.774236
-30.7,6,90.895848
-34.9,6,91.009438
-44.3,6,91.07919
-12.1,6,91.164092
-37.4,6,91.267545
-29.4,6,91.348448
-40.1,6,91.488233
-9.6,6,91.5706
-6.6,6,91.641778
-58.6,6,91.758804
-30.0,6,91.868748
-29.2,6,91.96506
-30.2,6,92.072268
-38.8,6,92.187656
-29.6,6,92.2718
-38.3,6,92.336936
-37.4,6,92.413046
-3.2,6,92.478209
-29.0,6,92.572362
-29.4,6,92.678014
-24.7,6,92.819489
-30.4,6,92.898028
-32.2,6,93.008326
-46.0,6,93.095224
-48.8,6,93.14272
-41.2,6,93.172766
-15.0,6,93.206501
-20.9,6,93.241173
-4.6,6,93.26705
-24.1,6,93.302769
-16.7,6,93.325682
-41.8,6,93.355749
-32.5,6,93.381291
-24.9,6,93.405527
-66.0,6,93.448146
-27.9,6,93.484211
-26.0,6,93.518183
-30.2,6,93.550967
-28.8,6,93.580699
1.0,6,93.605323
-25.7,6,93.634738
-24.6,6,93.667621
-27.1,6,93.697724
-1.6,6,93.724582
-42.0,6,93.762773
-55.3,6,93.813967
-26.1,6,93.850708
-14.3,6,93.91225
-31.7,6,93.977392
-16.5,6,94.036759
-42.4,6,94.06831
-47.4,6,94.108228
-37.9,6,94.139903
-14.4,6,94.171777
-38.1,6,94.212094
-25.3,6,94.241864
-15.5,6,94.269019
-45.4,6,94.311291
-34.8,6,94.329884
-23.8,6,94.369227
-37.6,6,94.409683
-33.0,6,94.443642
-32.3,6,94.466315
-27.8,6,94.517474
-31.4,6,94.552868
-33.1,6,94.586987
-22.2,6,94.608566
13.7,6,94.632988
-44.5,6,94.67216
2.7,6,94.708803
-38.6,6,94.757224
-56.3,6,94.793833
-28.3,6,94.832454
-32.0,6,94.870176
-27.1,6,94.900146
-25.6,6,94.928828
-31.8,6,94.953988
-17.9,6,94.999815
-48.5,6,95.043484
-28.6,6,95.080027
-49.2,6,95.110774
-26.2,6,95.145019
-16.0,6,95.186118
-36.1,6,95.22703
-58.6,6,95.286178
-32.4,6,95.337577
-15.1,6,95.377914
-1.9,6,95.414324
-2.1,6,95.448308
-55.6,6,95.482314
-38.8,6,95.515932
-7.1,6,95.540393
-42.3,6,95.572583
-47.5,6,95.602475
-51.7,6,95.639511
-44.0,6,95.688187
-43.4,6,95.717059
-28.2,6,95.750461
-40.7,6,95.779577
-19.4,6,95.806056
-27.6,6,95.838841
-26.0,6,95.86761
-47.1,6,95.901782
-42.9,6,95.930254
-35.8,6,95.967107
-18.2,6,95.992953
-34.0,6,96.027215
-12.7,6,96.047541
-65.0,6,96.076437
-47.1,6,96.114276
-42.6,6,96.142392
-20.0,6,96.165681
-26.8,6,96.200279
-40.9,6,96.227791
-23.4,6,96.260442
-28.2,6,96.284878
-34.0,6,96.316129
-72.0,6,96.354447
-2.1,6,96.38408
-22.5,6,96.440782
-12.0,6,96.469428
-11.3,6,96.496153
-33.3,6,96.525668
-55.3,6,96.558235
-28.6,6,96.595459
-18.5,6,96.615638
-30.0,6,96.64098
-48.3,6,96.665637
-28.2,6,96.697176
-31.3,6,96.727311
-26.8,6,96.748964
-26.2,6,96.782438
-59.6,6,96.813458
-34.4,6,96.846491
-34.8,6,96.880344
-40.2,6,96.919069
-30.2,6,96.943824
-54.7,6,96.980042
-36.7,6,97.018409
-24.2,6,97.074154
-16.3,6,97.122441
-5.5,6,97.158278
-23.2,6,97.189861
-21.9,6,97.214326
-38.5,6,97.259267
-42.9,6,97.29152
-37.2,6,97.319853
-36.0,6,97.345224
-21.9,6,97.367154
-29.0,6,97.403906
-23.7,6,97.468111
-38.6,6,97.503567
-32.2,6,97.541837
-38.0,6,97.589606
-20.6,6,97.630283
-64.7,6,97.674839
-42.4,6,97.701845
-13.9,6,97.722035
-34.1,6,97.745524
-33.6,6,97.782907
-39.8,6,97.806806
-58.4,6,97.843392
-39.5,6,97.868104
-29.7,6,97.89784
-35.6,6,97.936917
-43.6,6,97.964235
-51.3,6,97.993024
-32.9,6,98.008807
-29.6,6,98.027824
-25.6,6,98.076999
-44.0,6,98.107732
-5.8,6,98.142273
-24.0,6,98.171793
-32.2,6,98.205282
-36.3,6,98.246837
-43.9,6,98.276489
-50.6,6,98.317369
-24.9,6,98.340531
-49.5,6,98.36935
-8.1,6,98.405874
-54.1,6,98.434134
-46.4,6,98.45711
-5.5,6,98.488776
-52.2,6,98.515496
-46.2,6,98.544472
-22.7,6,98.574331
-21.4,6,98.607993
-43.6,6,98.634529
-40.4,6,98.66803
-39.8,6,98.707517
-47.1,6,98.737004
-41.8,6,98.762748
-22.9,6,98.791614
-7.1,6,98.811946
-21.1,6,98.859021
2.7,6,98.893757
-23.4,6,98.913889
-43.5,6,98.946224
-30.0,6,98.970575
-53.3,6,99.003706
-21.2,6,99.030073
-31.6,6,99.062518
-21.2,6,99.092939
-36.8,6,99.121717
-28.5,6,99.14469
-47.5,6,99.179578
-51.0,6,99.203502
-41.9,6,99.232611
-19.6,6,99.260622
-26.2,6,99.288456
-21.5,6,99.322528
-19.6,6,99.342159
-33.2,6,99.376044
-32.7,6,99.399886
-53.3,6,99.43271
-24.5,6,99.46032
-27.3,6,99.50581
-32.9,6,99.54274
-5.4,6,99.567643
-10.6,6,99.621403
-47.5,6,99.650727
-53.3,6,99.688341
-17.0,6,99.722569
-18.7,6,99.755525
-12.7,6,99.789082
-8.4,6,99.81522
-31.1,6,99.84366
-14.1,6,99.876118
-33.4,6,99.900035
-8.9,6,99.923532
-27.4,6,99.952513
-42.7,6,99.984839
-23.1,6,100.011074
-35.7,6,100.040978
-40.7,6,100.078255
-19.5,6,100.109997
-36.0,6,100.145695
-46.1,6,100.177268
-34.0,6,100.207092
-24.9,6,100.241015
-20.5,6,100.269438
-28.5,6,100.285776
-36.8,6,100.316009
-15.0,6,100.334842
-51.6,6,100.369704
-28.9,6,100.400677
-43.2,6,100.43281
-35.8,6,100.471744
-34.7,6,100.507496
-46.0,6,100.543964
-21.0,6,100.571908
-44.8,6,100.600478
-34.6,6,100.629115
-37.6,6,100.65434
-28.1,6,100.685229
-52.3,6,100.717272
-25.0,6,100.749389
-24.7,6,100.776107
-31.6,6,100.806328
-13.9,6,100.839341
-55.1,6,100.869314
-16.5,6,100.890526
-36.4,6,100.910653
-20.1,6,100.940643
-34.8,6,100.970564
-19.9,6,100.996144
-13.3,6,101.021363
-28.2,6,101.056287
-35.8,6,101.083137
-50.4,6,101.140141
-49.6,6,101.18994
-49.5,6,101.232825
-46.0,6,101.286437
-45.8,6,101.31872
-36.6,6,101.348519
-19.3,6,101.374022
-39.8,6,101.400131
-38.7,6,101.423177
-43.3,6,101.444539
-35.2,6,101.479453
-29.7,6,101.506116
-47.3,6,101.524917
-26.0,6,101.55154
170.6,5,101.577675
-25.7,6,101.601975
-22.6,6,101.639533
-27.6,6,101.670829
-35.1,6,101.696718
142.6,5,101.722903
-25.4,6,101.748862
-18.6,6,101.787754
0.5,6,101.837017
-15.0,6,101.870437
-0.7,6,101.910956
-55.6,6,101.957771
-5.8,6,101.983971
-29.7,6,102.014104
-14.2,6,102.041671
-51.0,6,102.075458
-37.6,6,102.108642
-50.2,6,102.135948
-15.8,6,102.165333
-26.5,6,102.195549
-34.7,6,102.224388
-8.6,6,102.256745
-6.9,6,102.277551
-65.2,6,102.320386
-17.5,6,102.35047
-32.1,6,102.380822
-3.5,6,102.414843
-16.6,6,102.440139
-12.3,6,102.469618
-13.9,6,102.496486
-6.9,6,102.518933
-37.9,6,102.55228
-47.7,6,102.590845
-48.6,6,102.626642
-33.4,6,102.656126
-43.9,6,102.677942
-6.2,6,102.710773
-52.2,6,102.746665
-18.8,6,102.770064
-37.6,6,102.804269
-21.7,6,102.830141
-39.2,6,102.866462
-49.3,6,102.898694
-31.2,6,102.931856
-37.8,6,102.970314
-26.8,6,103.005148
-23.5,6,103.029469
-9.9,6,103.058024
-11.2,6,103.085923
-27.7,6,103.117382
-47.2,6,103.147114
-53.1,6,103.171841
-32.9,6,103.201401
-51.4,6,103.244658
-5.2,6,103.269856
-9.1,6,103.299603
158.7,4,103.320278
-24.7,6,103.349854
-11.5,6,103.374713
-30.4,6,103.411102
-32.9,6,103.442211
-40.3,6,103.467071
-35.8,6,103.505598
-43.6,6,103.547145
-35.9,6,103.578869
-41.3,6,103.613346
-34.4,6,103.637256
-34.4,6,103.662925
-6.3,6,103.689584
-48.7,6,103.722682
-28.0,6,103.76209
-26.7,6,103.801652
-40.2,6,103.833744
-17.8,6,103.873542
-54.6,6,103.911303
-37.2,6,103.950586
-16.1,6,103.980346
-8.1,6,104.0069
-40.6,6,104.026521
-35.9,6,104.04984
-7.4,6,104.070075
-26.8,6,104.094046
-12.7,6,104.11609
-38.8,6,104.141355
-43.1,6,104.17032
-38.4,6,104.208004
-27.8,6,104.239181
7.0,6,104.28413
-18.9,6,104.313359
-11.2,6,104.347319
-26.6,6,104.385842
-52.1,6,104.418382
-30.1,6,104.450263
-11.7,6,104.482211
-27.1,6,104.517255
-7.3,6,104.545229
-31.0,6,104.57319
-14.9,6,104.601914
-24.9,6,104.630871
-24.5,6,104.654837
-32.7,6,104.695101
-33.8,6,104.725746
-32.4,6,104.753079
-7.8,6,104.791906
-29.1,6,104.815434
-23.5,6,104.841031
-26.1,6,104.877943
-28.9,6,104.904526
-28.8,6,104.934472
-41.3,6,104.955305
6.7,6,104.992955
-28.0,6,105.017853
-50.1,6,105.06222
-2.0,6,105.084887
-44.2,6,105.137482
-26.9,6,105.170868
-48.4,6,105.200066
-40.2,6,105.22172
-35.1,6,105.245088
-67.7,6,105.283323
-26.8,6,105.315315
-31.6,6,105.342242
-22.8,6,105.37769
-37.8,6,105.397854
-41.9,6,105.428246
-39.3,6,105.465572
-19.9,6,105.482581
-13.2,6,105.507596
-53.6,6,105.540808
-26.0,6,105.572276
-20.0,6,105.600085
-22.6,6,105.640971
-44.5,6,105.670126
-10.6,6,105.696578
-33.5,6,105.727303
-48.7,6,105.768165
-2.9,6,105.815987
-45.0,6,105.850265
-31.1,6,105.881308
-35.7,6,105.913918
-36.7,6,105.943287
-39.4,6,105.97654
-32.0,6,106.004675
-36.5,6,106.032642
-38.5,6,106.060678
-45.2,6,106.094586
-11.8,6,106.11466
-22.7,6,106.140735
-37.8,6,106.180216
-20.4,6,106.207109
-34.3,6,106.246687
-34.3,6,106.272341
-70.5,6,106.304451
-43.8,6,106.334421
-32.3,6,106.358548
-34.8,6,106.392115
-8.2,6,106.419607
-31.3,6,106.446976
-14.3,6,106.475481
-33.4,6,106.501407
-32.2,6,106.535173
-35.7,6,106.582583
-20.0,6,106.610539
-16.0,6,106.633432
-32.5,6,106.660336
-40.4,6,106.691198
-10.3,6,106.719309
-8.2,6,106.746908
-4.1,6,106.766112
-37.0,6,106.792079
-8.4,6,106.828648
-35.9,6,106.854548
-20.0,6,106.887901
-57.0,6,106.919797
-49.9,6,106.942598
-2.8,6,106.97653
-52.3,6,107.002362
-0.3,6,107.027153
-29.8,6,107.057349
-32.9,6,107.089917
-10.4,6,107.121294
-39.8,6,107.157362
-15.3,6,107.195257
-30.2,6,107.225402
-23.4,6,107.267015
-16.0,6,107.309756
-27.8,6,107.348408
-11.0,6,107.378747
-33.8,6,107.412027
-33.4,6,107.451686
-30.0,6,107.482238
-53.7,6,107.522739
-7.4,6,107.550171
-29.0,6,107.586255
-21.9,6,107.622536
-20.3,6,107.651529
-12.2,6,107.677876
-30.5,6,107.703647
-45.7,6,107.729764
-35.1,6,107.758528
-20.3,6,107.785101
-42.5,6,107.815013
-9.0,6,107.846844
-40.0,6,107.875386
-52.5,6,107.903481
-63.2,6,107.939795
-46.8,6,107.973476
-39.9,6,108.001941
-34.0,6,108.038665
-21.5,6,108.075313
-24.1,6,108.110933
-21.4,6,108.154603
-37.9,6,108.188956
-15.3,6,108.21804
-31.0,6,108.25089
-28.9,6,108.289366
-38.3,6,108.30925
-31.6,6,108.338667
-44.1,6,108.379865
-17.9,6,108.405824
-31.9,6,108.432622
-36.8,6,108.452751
-56.6,6,108.486111
-22.8,6,108.5098
-15.0,6,108.548581
-24.5,6,108.589241
-25.8,6,108.627103
-26.5,6,108.643454
-8.7,6,108.66863
-28.1,6,108.69555
-38.0,6,108.721455
-42.4,6,108.7464
-66.2,6,108.771792
-15.2,6,108.803739
-32.2,6,108.831086
-10.4,6,108.868205
-42.4,6,108.916296
-14.2,6,108.942443
-38.2,6,108.965719
-31.7,6,108.99278
-35.6,6,109.032337
-29.6,6,109.053689
-55.4,6,109.081607
-21.4,6,109.110722
-9.5,6,109.139766
-16.3,6,109.180143
-43.4,6,109.219855
-25.1,6,109.252012
-36.9,6,109.277175
-20.6,6,109.304193
-27.1,6,109.336665
-19.1,6,109.364908
-22.7,6,109.39327
-21.4,6,109.419357
-33.1,6,109.449651
-33.6,6,109.478904
-52.1,6,109.508105
-25.8,6,109.52702
-26.9,6,109.551597
-19.3,6,109.579366
-39.4,6,109.613778
-34.2,6,109.660868
-21.5,6,109.694009
-24.4,6,109.717019
-40.1,6,109.746751
-27.1,6,109.785676
-49.4,6,109.823152
-41.6,6,109.860064
-31.6,6,109.894722
-19.1,6,109.922822
-35.3,6,109.964205
-29.7,6,109.996095
-25.6,6,110.03043
-27.2,6,110.051409
-2.1,6,110.081605
-24.3,6,110.10708
-62.5,6,110.142344
-46.8,6,110.159051
-18.6,6,110.190024
-29.6,6,110.217356
-44.3,6,110.252289
-29.2,6,110.287576
-38.2,6,110.316269
-38.8,6,110.346373
-15.0,6,110.373963
-35.5,6,110.406948
-65.4,6,110.450334
-29.1,6,110.489187
-36.2,6,110.516159
-23.1,6,110.543233
-27.7,6,110.572005
-20.6,6,110.604509
-17.4,6,110.631556
-28.8,6,110.663807
-34.1,6,110.69408
-28.9,6,110.726918
-15.7,6,110.758424
-41.8,6,110.786189
-41.8,6,110.810422
-37.3,6,110.842401
-39.6,6,110.881108
-33.3,6,110.914648
-27.3,6,110.943786
-32.7,6,110.977492
-6.3,6,111.003662
143.2,6,111.040441
-23.6,6,111.067018
-31.2,6,111.100741
-28.6,6,111.138272
-19.3,6,111.166548
-32.5,6,111.199277
-12.7,6,111.238231
-42.2,6,111.25955
-22.7,6,111.286615
-50.4,6,111.320094
-37.3,6,111.351808
174.7,5,111.381833
-27.3,6,111.412336
-41.0,6,111.438308
-34.0,6,111.464698
-29.9,6,111.491954
-35.4,6,111.535509
-19.4,6,111.568017
-40.0,6,111.605479
-21.6,6,111.623355
-26.0,6,111.648992
-37.9,6,111.678555
-22.0,6,111.708987
-41.0,6,111.745642
-27.5,6,111.7795
-31.4,6,111.817833
-20.0,6,111.857023
-28.6,6,111.88509
-23.3,6,111.916988
-42.9,6,111.953283
-5.8,6,111.982247
-15.6,6,112.030003
-17.4,6,112.054584
-52.2,6,112.079631
-28.9,6,112.10467
-16.5,6,112.130112
-28.4,6,112.155192
-14.9,6,112.192139
-35.6,6,112.228746
-39.0,6,112.261794
-38.6,6,112.287092
-47.5,6,112.326079
-33.2,6,112.355022
-34.3,6,112.38246
-39.7,6,112.402489
-42.3,6,112.423093
-33.3,6,112.455446
-37.0,6,112.486946
-40.8,6,112.512186
-27.7,6,112.540313
-20.4,6,112.573911
-31.4,6,112.606261
-30.3,6,112.6347
-34.1,6,112.660765
-54.0,6,112.690442
8.3,6,112.716263
-37.8,6,112.764759
-12.1,6,112.789675
2.1,6,112.819456
7.3,6,112.839756
-17.9,6,112.8641
-25.2,6,112.900938
-31.8,6,112.930812
-20.2,6,112.959028
-34.9,6,112.983323
-23.0,6,113.013038
-48.6,6,113.036947
-32.0,6,113.059233
-34.9,6,113.092614
-30.3,6,113.124787
-52.1,6,113.15532
-57.2,6,113.184061
-25.5,6,113.219839
-30.0,6,113.240964
-27.5,6,113.269083
180.4,6,113.292042
-10.3,6,113.3282
-29.2,6,113.346404
-50.6,6,113.369484
-7.9,6,113.392285
-17.0,6,113.433742
-43.8,6,113.476342
-28.0,6,113.495351
-32.0,6,113.524725
-26.6,6,113.553503
-54.1,6,113.587812
-29.3,6,113.614911
-34.1,6,113.648097
-26.0,6,113.671422
-27.7,6,113.704671
-33.3,6,113.732321
-4.9,6,113.758542
-1.5,6,113.790923
-31.9,6,113.825346
-9.4,6,113.855943
-52.0,6,113.887777
-31.5,6,113.927259
-12.6,6,113.954618
-17.2,6,113.979538
-38.9,6,114.012798
-18.7,6,114.039237
-44.0,6,114.071354
-38.8,6,114.102344
-22.7,6,114.131318
-7.6,6,114.157356
-40.4,6,114.20167
-29.5,6,114.225526
-1.0,6,114.244373
-45.5,6,114.278048
-28.7,6,114.301518
-27.4,6,114.328682
-29.8,6,114.353304
-26.3,6,114.369745
-50.5,6,114.38414
-32.5,6,114.411042
-39.7,6,114.440547
-57.2,6,114.46542
-23.5,6,114.493272
-14.2,6,114.518965
-34.9,6,114.538481
-22.4,6,114.568789
-24.5,6,114.59321
-32.4,6,114.61721
-25.9,6,114.648096
-13.9,6,114.685428
-26.2,6,114.715335
-53.7,6,114.783118
-24.3,6,114.842227
-29.6,6,114.881414
-37.6,6,115.261421
-24.0,6,115.304477
-46.4,6,115.340683
-39.2,6,115.368207
-45.6,6,115.398118
-14.7,6,115.42155
-19.7,6,115.448262
-48.8,6,115.476875
-41.3,6,115.496026
-43.6,6,115.527234
-25.3,6,115.551203
-35.1,6,115.576189
-22.6,6,115.605479
-54.1,6,115.63492
-33.3,6,115.658888
-25.1,6,115.684334
-4.6,6,115.716121
-18.1,6,115.749275
-46.0,6,115.773988
-18.0,6,115.799963
-45.5,6,115.830824
-37.2,6,115.862409
-15.2,6,115.904857
-20.1,6,115.934547
-18.8,6,115.960245
-36.6,6,115.991869
-17.2,6,116.045237
-24.5,6,116.074594
-7.2,6,116.102802
-25.1,6,116.132051
-35.0,6,116.159322
-39.3,6,116.184755
-31.2,6,116.213043
-30.6,6,116.237327
-36.7,6,116.272636
-39.2,6,116.301119
-61.1,6,116.334268
-27.0,6,116.361539
-44.7,6,116.39419
-15.7,6,116.416635
-28.3,6,116.440975
-41.4,6,116.473054
-38.6,6,116.499166
-28.5,6,116.526158
-29.6,6,116.555173
-34.1,6,116.588415
-41.6,6,116.615396
-25.5,6,116.652528
-16.0,6,116.678272
-20.5,6,116.709669
-36.3,6,116.736094
-31.3,6,116.771775
-30.4,6,116.811294
-42.8,6,116.833932
-35.0,6,116.852305
-25.5,6,116.872319
-12.0,6,116.895933
-38.7,6,116.922182
-48.3,6,116.958155
-20.6,6,116.99426
-20.7,6,117.024282
-24.7,6,117.051336
-60.1,6,117.092611
-18.5,6,117.130044
-47.2,6,117.165064
-25.8,6,117.189758
-25.5,6,117.215275
-74.5,6,117.243513
-11.5,6,117.270093
-44.6,6,117.289139
-36.8,6,117.320611
-32.6,6,117.351749
-22.4,6,117.369892
-44.1,6,117.405638
-41.6,6,117.434226
-54.8,6,117.469235
-45.5,6,117.507545
-46.8,6,117.541699
-16.9,6,117.580892
-46.6,6,117.608295
-25.4,6,117.639251
-37.5,6,117.670964
-35.6,6,117.707063
-34.7,6,117.735465
-52.5,6,117.767427
-25.5,6,117.799924
-28.0,6,117.826769
-35.9,6,117.862192
-36.8,6,117.89469
-26.1,6,117.914435
-25.3,6,117.946699
5.2,6,117.973089
-22.6,6,117.998996
-34.3,6,118.036051
-31.2,6,118.061451
-33.2,6,118.091211
-35.3,6,118.124033
-55.4,6,118.150497
-39.4,6,118.173849
-18.9,6,118.194972
-25.0,6,118.221339
-34.0,6,118.263309
-52.3,6,118.296485
-22.8,6,118.324223
-41.6,6,118.353927
-20.0,6,118.373474
-28.8,6,118.402421
-43.9,6,118.454601
-32.4,6,118.513258
-16.4,6,118.538567
-15.1,6,118.567572
-32.4,6,118.585365
-49.8,6,118.613732
-40.7,6,118.639648
-28.0,6,118.677139
-50.8,6,118.700592
-42.9,6,118.739046
-18.1,6,118.790873
-38.5,6,118.815447
-67.9,6,118.850214
-5.4,6,118.880564
-57.5,6,118.91476
-56.4,6,118.949283
-8.2,6,118.974505
-41.2,6,118.998678
-22.6,6,119.025078
-55.2,6,119.068111
-20.8,6,119.094813
-19.6,6,119.12412
-58.9,6,119.154243
-43.8,6,119.177345
-21.9,6,119.210637
-48.8,6,119.242718
-17.9,6,119.269958
-25.3,6,119.300698
-34.8,6,119.332825
-23.2,6,119.363288
-29.8,6,119.39375
-34.7,6,119.425666
-67.9,6,119.459266
-43.6,6,119.488327
138.2,2,119.502013
-33.7,6,119.532221
-5.8,6,119.560409
-41.3,6,119.59034
-60.7,6,119.62659
-30.9,6,119.658394
-45.1,6,119.689477
-33.2,6,119.721436
-22.0,6,119.755925
-30.2,6,119.781832
-9.1,6,119.829638
-4.7,6,119.852013
-35.5,6,119.880851
-18.0,6,119.904813
-37.4,6,119.922805
-52.8,6,119.955151
-33.6,6,119.980819
-24.5,6,120.007601
-36.7,6,120.044643
-35.8,6,120.066885
-1.0,6,120.091599
-30.5,6,120.119855
-25.9,6,120.143099
-55.3,6,120.17532
-34.3,6,120.202428
-16.6,6,120.227078
-33.8,6,120.265181
-40.2,6,120.302238
-9.1,6,120.322446
-30.0,6,120.350833
-24.7,6,120.381863
-21.9,6,120.403049
-17.2,6,120.430613
-32.6,6,120.454475
-13.9,6,120.492275
-26.0,6,120.539152
-40.5,6,120.567809
-22.0,6,120.584496
-22.0,6,120.617142
-15.2,6,120.643222
-31.5,6,120.66947
-35.5,6,120.698785
-23.9,6,120.729132
-21.6,6,120.753796
-16.5,6,120.788952
-27.6,6,120.808676
-36.2,6,120.8417
-46.3,6,120.877141
-47.1,6,120.909477
-44.7,6,120.928902
-50.8,6,120.96339
173.7,4,120.98193
-34.8,6,121.021342
3.5,6,121.05206
-34.3,6,121.085172
-16.3,6,121.108166
10.4,6,121.139246
-49.6,6,121.174932
-36.1,6,121.192778
-39.0,6,121.220856
-41.3,6,121.254453
-15.1,6,121.279154
-15.5,6,121.317428
-35.6,6,121.347781
-21.0,6,121.372202
-0.7,6,121.396631
-31.3,6,121.42916
-17.2,6,121.467494
-35.3,6,121.522718
-45.1,6,121.55788
-29.0,6,121.593022
-43.2,6,121.6294
-20.6,6,121.66702
-41.8,6,121.701206
-47.7,6,121.728318
-30.9,6,121.763551
-26.5,6,121.793956
-21.7,6,121.824787
-25.1,6,121.855556
-23.0,6,121.884565
-54.2,6,121.916614
-35.9,6,121.945013
1.9,6,121.982137
-3.9,6,122.010566
-45.7,6,122.038556
-26.5,6,122.082575
-15.0,6,122.116826
-42.4,6,122.147194
-24.9,6,122.166467
-11.0,6,122.186127
-28.5,6,122.208989
-36.1,6,122.239672
-31.5,6,122.266392
-54.1,6,122.298203
-11.4,6,122.323402
-39.0,6,122.350879
-35.3,6,122.378275
-40.4,6,122.407541
-9.0,6,122.433698
-24.5,6,122.466594
145.0,3,122.480538
-21.6,6,122.502899
-37.3,6,122.52683
-34.1,6,122.554191
-35.3,6,122.580184
-37.7,6,122.599578
-43.7,6,122.624671
-19.7,6,122.653077
-28.0,6,122.672588
-29.5,6,122.696712
-15.2,6,122.738013
-11.4,6,122.775319
-45.7,6,122.80587
-17.7,6,122.827226
-48.3,6,122.860702
-53.6,6,122.889667
-10.5,6,122.925529
-3.1,6,122.95391
-24.7,6,122.982108
-40.1,6,123.009284
-11.3,6,123.033126
-49.8,6,123.066923
-8.1,6,123.091056
-28.2,6,123.114963
-25.9,6,123.149061
-36.7,6,123.178307
-1.3,6,123.203891
-11.6,6,123.238583
-29.4,6,123.266834
7.0,6,123.297256
-20.3,6,123.322629
-13.3,6,123.351576
-56.6,6,123.38114
-35.4,6,123.406136
-39.2,6,123.424424
-14.6,6,123.448289
-4.4,6,123.481868
-41.2,6,123.510831
-31.1,6,123.531428
-11.6,6,123.576506
-20.7,6,123.624358
-49.6,6,123.65652
-22.8,6,123.680822
-26.1,6,123.708455
104.8,1,123.71859
-23.8,6,123.742257
-19.8,6,123.772019
146.6,4,123.800319
-8.3,6,123.822563
-38.8,6,123.841573
-25.1,6,123.870093
-14.4,6,123.899582
-44.5,6,123.929916
-32.2,6,123.963745
-12.0,6,124.000149
-35.6,6,124.033919
-29.0,6,124.065856
-20.9,6,124.104266
-30.6,6,124.140482
-14.3,6,124.165803
-20.4,6,124.184437
-30.0,6,124.220204
-36.2,6,124.245108
-23.7,6,124.279256
-24.3,6,124.306497
-3.6,6,124.325888
-30.5,6,124.354079
104.8,1,124.360646
-31.5,6,124.385519
-19.6,6,124.41246
-17.5,6,124.444678
-27.5,6,124.478203
-16.1,6,124.515175
-64.7,6,124.545933
-48.1,6,124.569369
-40.9,6,124.594943
-39.1,6,124.620836
-32.8,6,124.655658
-23.9,6,124.682222
-41.5,6,124.707281
-40.7,6,124.737589
-30.8,6,124.772601
-55.9,6,124.803387
-22.6,6,124.827476
-23.6,6,124.851106
-11.3,6,124.87887
5.6,6,124.902027
-39.5,6,124.943358
2.9,6,124.967809
-22.0,6,124.993191
-26.8,6,125.021079
-8.6,6,125.047742
-48.9,6,125.083265
-37.5,6,125.12122
-28.0,6,125.14053
-48.0,6,125.175521
-3.6,6,125.205494
-52.5,6,125.237502
-45.2,6,125.269898
-35.9,6,125.294917
-39.0,6,125.329224
-36.8,6,125.359008
-53.2,6,125.394803
-67.3,6,125.430765
-51.0,6,125.451755
4.4,6,125.473444
-61.7,6,125.510638
-43.6,6,125.537157
-24.3,6,125.568094
-50.1,6,125.597306
-50.8,6,125.623934
-41.7,6,125.653722
-16.3,6,125.696326
-39.8,6,125.723481
-32.4,6,125.748968
-33.1,6,125.777656
-29.3,6,125.809299
-38.4,6,125.843037
-34.5,6,125.869412
-53.0,6,125.90374
-3.8,6,125.930532
-37.7,6,125.960027
-45.9,6,125.987967
-39.3,6,126.01027
-26.3,6,126.030381
-29.8,6,126.056288
-32.2,6,126.084945
-12.7,6,126.112344
-21.0,6,126.127711
-7.3,6,126.151603
-45.0,6,126.168063
-23.0,6,126.186134
-26.8,6,126.219252
-36.0,6,126.249645
-29.2,6,126.273136
-32.2,6,126.295234
188.4,6,126.336456
-47.4,6,126.372874
-21.4,6,126.403955
-25.3,6,126.433868
-46.1,6,126.453117
-14.2,6,126.47897
-69.6,6,126.508501
-23.8,6,126.531137
-2.2,6,126.561266
-22.6,6,126.587221
-37.5,6,126.615738
-23.5,6,126.641959
-31.1,6,126.679914
-36.0,6,126.706523
-24.1,6,126.733528
-34.6,6,126.765929
-55.9,6,126.800487
-41.1,6,126.832743
-34.5,6,126.868398
-27.5,6,126.911634
-40.4,6,126.964376
-22.7,6,127.007123
-42.9,6,127.038742
-43.7,6,127.066138
-8.3,6,127.09002
-17.6,6,127.130632
-31.8,6,127.156286
-38.5,6,127.183566
-28.8,6,127.209433
-40.0,6,127.234842
-34.6,6,127.264359
-23.0,6,127.294713
-44.6,6,127.323275
-28.1,6,127.350319
-36.4,6,127.383468
-17.5,6,127.415057
-32.4,6,127.438798
-16.7,6,127.457458
-26.0,6,127.484169
-24.9,6,127.508027
-23.6,6,127.540152
-22.6,6,127.566867
-21.4,6,127.596663
-14.0,6,127.631351
-25.9,6,127.652572
-52.0,6,127.685249
-20.7,6,127.716788
-51.1,6,127.751415
-32.4,6,127.778179
-49.9,6,127.807771
-43.1,6,127.84925
-8.7,6,127.880386
-52.0,6,127.918214
-17.1,6,127.949415
-37.7,6,127.983491
-29.0,6,128.014019
-47.6,6,128.053627
-47.7,6,128.085012
-24.1,6,128.110543
-41.5,6,128.140847
-34.4,6,128.164699
-25.8,6,128.192036
-16.8,6,128.224097
-42.4,6,128.243642
-14.3,6,128.272081
-26.3,6,128.321652
-31.7,6,128.350572
-34.5,6,128.383476
-31.3,6,128.413757
-27.5,6,128.443861
-26.8,6,128.473039
-10.0,6,128.496063
-31.2,6,128.528603
-33.0,6,128.547432
-39.8,6,128.569151
-14.7,6,128.60679
-24.4,6,128.642627
-39.4,6,128.671381
-26.2,6,128.701345
-27.0,6,128.731813
-31.6,6,128.765296
-2.1,6,128.803421
-30.9,6,128.827934
-30.6,6,128.853643
-55.6,6,128.886268
-18.5,6,128.912237
-27.5,6,128.944916
-29.2,6,128.973685
-2.2,6,128.997468
104.8,1,128.99919
-24.2,6,129.01963
-48.2,6,129.054446
-37.8,6,129.082903
-17.0,6,129.105606
-35.5,6,129.134979
-21.9,6,129.165851
-47.8,6,129.205204
-57.4,6,129.243531
-42.7,6,129.27541
-23.4,6,129.300906
-1.6,6,129.326193
-29.0,6,129.377105
-39.0,6,129.403748
-29.0,6,129.438082
-32.4,6,129.464786
-45.3,6,129.492455
-40.4,6,129.523564
-53.4,6,129.552499
-29.5,6,129.57991
-43.1,6,129.610745
-29.1,6,129.643262
-43.9,6,129.707628
-23.0,6,129.743671
-34.3,6,129.770986
-7.3,6,129.796066
-22.6,6,129.822089
-35.0,6,129.861849
-38.6,6,129.888927
148.4,3,129.912259
-20.9,6,129.943548
-29.5,6,129.976317
-22.5,6,130.003747
-44.5,6,130.032958
104.8,1,130.037937
-32.6,6,130.070998
-24.9,6,130.099303
-17.3,6,130.149309
-22.1,6,130.17122
-39.2,6,130.205126
-6.8,6,130.235093
-35.6,6,130.265698
-41.7,6,130.295826
-19.1,6,130.320126
-47.5,6,130.354546
-10.8,6,130.389499
-45.5,6,130.414855
-44.1,6,130.450042
-24.2,6,130.475109
-31.7,6,130.516793
-26.5,6,130.555411
-8.1,6,130.580776
-58.9,6,130.621278
-24.4,6,130.653816
146.0,6,130.68076
-38.2,6,130.713868
-32.3,6,130.745333
-43.6,6,130.770163
-44.6,6,130.804325
-61.4,6,130.8397
-25.2,6,130.874475
-18.2,6,130.903257
-59.6,6,130.946393
-13.6,6,130.980572
-35.8,6,131.004039
-38.7,6,131.039225
-24.9,6,131.068756
-37.9,6,131.086619
9.1,6,131.114428
-45.6,6,131.141916
6.6,6,131.163282
-20.6,6,131.193706
-38.4,6,131.215583
-12.7,6,131.244489
-14.1,6,131.28178
-7.9,6,131.31523
-37.8,6,131.351859
-29.6,6,131.380271
-18.1,6,131.409509
-44.2,6,131.43974
-17.4,6,131.470611
-59.0,6,131.496551
-36.9,6,131.518009
-16.5,6,131.541579
-26.4,6,131.576524
-49.4,6,131.615535
-34.4,6,131.643914
-9.6,6,131.679319
-42.3,6,131.705527
-12.0,6,131.732622
-19.3,6,131.764586
-40.7,6,131.788145
-24.6,6,131.817643
-29.3,6,131.84289
-23.1,6,131.86631
-40.6,6,131.899426
-34.3,6,131.931323
-21.3,6,131.954191
-29.8,6,131.978087
-42.5,6,132.002506
-39.0,6,132.041722
-30.0,6,132.074642
-21.0,6,132.103109
-34.7,6,132.131922
-30.4,6,132.158829
-62.5,6,132.198033
-34.0,6,132.231617
-46.6,6,132.258851
-35.1,6,132.29015
-30.8,6,132.31706
-19.2,6,132.350098
-36.2,6,132.385308
-21.0,6,132.437568
-59.5,6,132.477502
-32.0,6,132.498831
-36.6,6,132.530117
-40.5,6,132.562625
-34.3,6,132.590093
-28.0,6,132.612339
-16.9,6,132.639606
-20.9,6,132.664307
-41.5,6,132.695902
-16.0,6,132.721413
-12.2,6,132.759437
-26.7,6,132.790671
-38.3,6,132.828042
-42.6,6,132.84865
-53.7,6,132.887381
-18.7,6,132.919535
-22.1,6,132.944912
-65.7,6,132.98259
-39.9,6,133.016277
-56.9,6,133.043417
-5.8,6,133.065804
-22.0,6,133.096611
-31.9,6,133.129887
-33.9,6,133.159361
-23.2,6,133.205842
-37.8,6,133.245861
-13.5,6,133.272521
-39.5,6,133.298443
-48.5,6,133.324075
-19.9,6,133.347094
-41.8,6,133.382489
-20.6,6,133.408964
-27.8,6,133.431755
-11.4,6,133.464018
-29.3,6,133.494294
-15.2,6,133.514419
-37.8,6,133.544775
-11.6,6,133.567885
-35.3,6,133.601224
-17.6,6,133.629116
-36.8,6,133.658617
-22.3,6,133.68943
-35.4,6,133.727675
-37.4,6,133.771593
-30.7,6,133.801108
-39.2,6,133.828211
-33.9,6,133.854458
-51.3,6,133.892301
-40.8,6,133.92962
-22.4,6,133.964245
-52.0,6,133.988632
-17.3,6,134.012968
-27.1,6,134.050714
-46.6,6,134.07215
-35.6,6,134.103308
-22.7,6,134.13843
-25.6,6,134.171391
-27.3,6,134.211245
-30.5,6,134.245959
-43.6,6,134.284277
-20.3,6,134.317268
-41.7,6,134.350632
-18.3,6,134.37985
-27.0,6,134.404246
-29.8,6,134.430634
-19.8,6,134.453016
-38.3,6,134.483555
-26.8,6,134.507529
-2.9,6,134.530776
-53.6,6,134.55239
-40.4,6,134.57772
-32.6,6,134.602859
-21.7,6,134.631314
-17.3,6,134.664066
-32.5,6,134.718212
-21.7,6,134.750633
-28.0,6,134.768601
-16.0,6,134.795593
-8.2,6,134.821275
-36.7,6,134.844746
-30.2,6,134.877099
-44.9,6,134.907553
-45.5,6,134.940982
-26.8,6,134.967567
-31.3,6,134.998205
-10.3,6,135.019025
-21.8,6,135.052008
-34.1,6,135.084369
-22.7,6,135.113109
-51.4,6,135.137056
-33.6,6,135.164913
-39.2,6,135.192399
-41.6,6,135.225404
-7.0,6,135.257513
-21.3,6,135.285561
-13.0,6,135.313275
-53.2,6,135.346393
-20.4,6,135.392561
-30.1,6,135.436386
-44.4,6,135.483432
-36.6,6,135.503206
-40.6,6,135.532117
-42.0,6,135.561918
-39.9,6,135.588802
-10.3,6,135.617516
-39.0,6,135.652275
-13.8,6,135.67211
-22.7,6,135.710619
-30.6,6,135.743902
-22.6,6,135.780672
-32.5,6,135.819969
-26.3,6,135.854028
-32.7,6,135.89089
-14.9,6,135.916523
-19.8,6,135.950727
127.7,2,135.960945
-44.1,6,135.993564
-34.8,6,136.023621
174.2,6,136.059687
-24.3,6,136.094011
-39.1,6,136.120391
-57.7,6,136.156678
-6.2,6,136.190737
-29.4,6,136.218314
-46.9,6,136.260573
-14.3,6,136.2909
-37.9,6,136.320314
-26.2,6,136.355519
-17.0,6,136.389477
-51.0,6,136.41698
-24.5,6,136.438242
8.6,6,136.472129
-33.1,6,136.509933
8.8,6,136.53979
-38.3,6,136.571387
-16.1,6,136.59709
-28.7,6,136.621718
-35.5,6,136.653969
-46.0,6,136.68757
-48.0,6,136.72074
-50.9,6,136.752782
-40.2,6,136.78543
-42.2,6,136.812073
-22.1,6,136.83508
-10.7,6,136.860249
-48.3,6,136.885515
-26.0,6,136.931875
-20.2,6,136.967041
-39.8,6,137.003471
-1.9,6,137.043643
-14.2,6,137.068473
-13.8,6,137.095062
-18.0,6,137.111375
-50.0,6,137.140367
-16.0,6,137.172709
-9.1,6,137.201618
-42.7,6,137.239745
-7.5,6,137.264674
-22.6,6,137.295944
-25.8,6,137.336357
-23.8,6,137.370262
-37.8,6,137.396083
-17.0,6,137.423168
2.8,6,137.450807
-23.4,6,137.478942
-36.5,6,137.507475
-13.4,6,137.537387
-19.5,6,137.555448
-28.2,6,137.583656
-13.1,6,137.607306
158.6,4,137.618442
-25.4,6,137.63684
-46.4,6,137.666754
-32.7,6,137.70034
104.8,1,137.708922
-47.7,6,137.748966
-32.8,6,137.775725
-24.7,6,137.825341
-47.0,6,137.874024
-20.2,6,137.915671
-19.2,6,137.973388
-38.8,6,138.013441
-22.7,6,138.03432
-25.8,6,138.067302
-28.3,6,138.099527
-49.5,6,138.134075
-33.4,6,138.157189--34.4,6,138.185874-4-22.3,6,138.21429--29.0,6,138.241525-2.1,6,138.264311
-36.6,6,138.286473
-23.3,6,138.312887
-55.2,6,138.345107
-17.5,6,138.380013
-58.1,6,138.41218
-9.9,6,138.433584
-37.9,6,138.470647
-25.4,6,138.508555
-37.2,6,138.537312
-35.9,6,138.583165
-18.5,6,138.61349
-33.5,6,138.64671
-48.6,6,138.678064
-56.0,6,138.716954
-15.0,6,138.747303
-8.6,6,138.772847
-31.1,6,138.805369
-33.4,6,138.841855
-22.9,6,138.869161
-22.5,6,138.908532
-36.7,6,138.940316--72.1,6,138.975695--45.9,6,139.015307--34.6,6,139.046327--14.5,6,139.077204--28.3,6,139.117221-4-38.7,6,139.152363-2-11.3,6,139.186522-2-29.1,6,139.217257-2-23.5,6,139.242578-3-20.9,6,139.263683-2-22.9,6,139.292197-4-30.3,6,139.328775-3-20.4,6,139.36088--2.0,6,139.399327
-49.2,6,139.431464
-31.3,6,139.458584-2-32.3,6,139.487033-6-34.7,6,139.51838-22-50.0,6,139.54957-20-48.9,6,139.56630-33-27.5,6,139.58947-3-33.1,6,139.61154-10-20.9,6,139.64511-19-49.8,6,139.67545-1-31.5,6,139.699474-3-25.9,6,139.72749-46-31.7,6,139.75810-34-41.9,6,139.78945-36-23.3,6,139.81568-3-37.4,6,139.84674-17-26.3,6,139.87858-46-6.7,6,139.919189-3-23.7,6,139.95097-46-42.9,6,139.98134-59-36.9,6,139.99982-40-19.1,6,140.01831-12-38.4,6,140.05119-32-16.7,6,140.07346-37-29.6,6,140.10411-8.-34.2,6,140.1236-5.8-32.7,6,140.144-25.1-46.8,6,140.169-18.7-31.8,6,140.20-33.3,-38.7,6,140.23-21.7,-18.6,6,140.26-29.9,-47.7,6,140.29-33.6,-39.0,6,140.33-28.0,-23.8,6,140.36-36.6,-24.2,6,140.3-36.1,6-36.4,6,140.433551
-22.-51.7,6,140.439493
