timestep,episode_num,score,steps,survival_time,lines_cleared,single_clears,double_clears,triple_clears,tetris_clears,total_pieces,piece_I,piece_O,piece_T,piece_L,piece_J,piece_S,piece_Z,actions_taken,rotations,left_moves,right_moves,soft_drops,hard_drops,no_ops,invalid_actions,holes_created,max_height,avg_height,total_bumpiness,wells_created,coverage,max_combo,unique_states,state_revisits,lines_per_piece,score_per_piece,invalid_action_rate,tetris_rate
272,0,0,68,68,0,0,0,0,0,15,3,3,1,2,2,2,2,68,14,9,10,11,14,10,0,60,20,12.0,40,1,0.3,0,16,52,0.0,0.0,0.0,0.0
324,1,0,81,81,0,0,0,0,0,13,2,2,2,2,2,1,2,81,14,12,15,17,13,10,0,60,20,11.199999809265137,40,2,0.26,0,14,67,0.0,0.0,0.0,0.0
344,2,0,86,86,0,0,0,0,0,13,2,2,2,1,2,2,2,86,11,16,19,15,13,12,0,55,19,10.700000762939453,36,1,0.26,0,14,72,0.0,0.0,0.0,0.0
368,3,0,92,92,0,0,0,0,0,14,1,3,2,2,2,2,2,92,12,17,16,18,13,16,0,49,20,10.5,40,1,0.28,0,15,77,0.0,0.0,0.0,0.0
556,4,0,58,58,0,0,0,0,0,16,3,3,2,1,3,2,2,58,6,8,9,9,15,11,0,57,20,12.100000381469727,40,2,0.32,0,17,41,0.0,0.0,0.0,0.0
596,5,0,57,57,0,0,0,0,0,11,1,1,2,2,2,1,2,57,13,8,12,9,9,6,0,47,20,9.100000381469727,40,2,0.22,0,12,45,0.0,0.0,0.0,0.0
676,6,0,101,101,0,0,0,0,0,15,1,3,2,2,2,3,2,101,10,22,19,19,13,18,4,47,20,10.700000762939453,40,2,0.3,0,15,86,0.0,0.0,0.039603960396039604,0.0
732,7,0,44,44,0,0,0,0,0,11,1,1,2,2,1,2,2,44,8,7,9,5,11,4,0,29,19,7.300000190734863,38,1,0.22,0,12,32,0.0,0.0,0.0,0.0
812,8,0,117,117,0,0,0,0,0,18,2,3,2,3,2,3,3,117,20,23,23,15,17,19,5,82,19,15.399999618530273,23,2,0.36,0,19,98,0.0,0.0,0.042735042735042736,0.0
932,9,0,84,84,0,0,0,0,0,16,3,2,2,3,3,1,2,84,12,14,12,16,16,14,1,65,19,12.899999618530273,38,2,0.32,0,16,68,0.0,0.0,0.011904761904761904,0.0
976,10,0,41,41,0,0,0,0,0,10,2,1,1,2,2,1,1,41,6,9,4,2,10,10,0,60,19,10.0,38,1,0.2,0,11,30,0.0,0.0,0.0,0.0
1008,11,0,83,83,0,0,0,0,0,15,2,2,2,1,2,3,3,83,14,18,13,14,15,9,0,60,19,12.0,38,2,0.3,0,15,68,0.0,0.0,0.0,0.0
1132,12,0,100,100,0,0,0,0,0,13,2,2,2,2,2,1,2,100,11,19,17,19,13,21,0,58,20,11.0,42,2,0.26,0,14,86,0.0,0.0,0.0,0.0
1168,13,0,48,48,0,0,0,0,0,10,1,2,2,1,2,1,1,48,6,8,6,7,10,11,0,35,19,7.5,38,0,0.2,0,10,38,0.0,0.0,0.0,0.0
1272,14,0,66,66,0,0,0,0,0,14,1,3,2,2,2,2,2,66,5,14,9,11,14,13,0,37,19,9.300000190734863,38,0,0.28,0,15,51,0.0,0.0,0.0,0.0
1292,15,0,90,90,0,0,0,0,0,14,2,2,3,1,2,2,2,90,9,14,24,12,13,18,0,48,20,10.399999618530273,40,1,0.28,0,14,76,0.0,0.0,0.0,0.0
1388,16,0,55,55,0,0,0,0,0,12,2,2,2,2,1,1,2,55,9,13,10,7,11,5,0,52,20,10.0,44,2,0.24,0,13,42,0.0,0.0,0.0,0.0
1464,17,0,83,83,0,0,0,0,0,13,2,2,2,2,1,2,2,83,14,13,16,12,13,15,0,66,20,11.799999237060547,42,2,0.26,0,14,69,0.0,0.0,0.0,0.0
1476,18,0,46,46,0,0,0,0,0,12,1,2,2,2,1,2,2,46,7,5,10,7,11,6,1,36,20,8.399999618530273,40,0,0.24,0,12,34,0.0,0.0,0.021739130434782608,0.0
1604,19,0,83,83,0,0,0,0,0,14,2,2,2,2,1,3,2,83,17,14,9,10,14,19,0,58,20,11.399999618530273,37,2,0.28,0,14,69,0.0,0.0,0.0,0.0
1616,20,0,38,38,0,0,0,0,0,12,2,2,2,0,2,2,2,38,8,4,7,3,12,4,2,52,19,10.0,38,1,0.24,0,13,25,0.0,0.0,0.05263157894736842,0.0
1624,21,0,59,59,0,0,0,0,0,13,2,2,2,2,1,2,2,59,9,9,10,8,12,11,1,43,19,9.5,42,3,0.26,0,13,46,0.0,0.0,0.01694915254237288,0.0
1824,22,0,55,55,0,0,0,0,0,12,2,2,2,1,1,2,2,55,10,7,12,9,11,6,1,45,20,9.300000190734863,40,0,0.24,0,13,42,0.0,0.0,0.01818181818181818,0.0
1896,23,0,105,105,0,0,0,0,0,16,2,2,3,2,2,3,2,105,20,16,18,19,15,17,5,47,20,11.100000381469727,36,1,0.32,0,16,89,0.0,0.0,0.047619047619047616,0.0
1916,24,0,73,73,0,0,0,0,0,14,2,2,2,1,3,2,2,73,18,14,9,9,13,10,1,52,20,10.800000190734863,40,1,0.28,0,15,58,0.0,0.0,0.0136986301369863,0.0
2044,25,0,107,107,0,0,0,0,0,15,2,3,1,2,2,3,2,107,13,18,19,19,13,25,2,58,19,11.90000057220459,38,2,0.3,0,16,91,0.0,0.0,0.018691588785046728,0.0
2156,26,0,83,83,0,0,0,0,0,12,2,1,2,2,2,2,1,83,11,11,16,16,11,18,2,82,19,13.0,42,2,0.24,0,13,70,0.0,0.0,0.024096385542168676,0.0
2164,27,0,62,62,0,0,0,0,0,11,2,2,1,2,2,2,0,62,8,11,16,10,11,6,0,61,20,10.5,40,1,0.22,0,12,50,0.0,0.0,0.0,0.0
2308,28,0,103,103,0,0,0,0,0,15,2,2,2,3,2,2,2,103,21,16,17,14,15,20,0,52,19,11.300000190734863,40,3,0.3,0,16,87,0.0,0.0,0.0,0.0
2376,29,0,55,55,0,0,0,0,0,10,1,1,2,2,0,2,2,55,11,7,9,9,10,9,0,54,19,9.399999618530273,38,0,0.2,0,11,44,0.0,0.0,0.0,0.0
2548,30,0,126,126,0,0,0,0,0,16,2,2,3,1,2,3,3,126,28,22,22,22,15,17,1,67,20,13.09999942779541,32,2,0.32,0,17,109,0.0,0.0,0.007936507936507936,0.0
2592,31,0,71,71,0,0,0,0,0,15,2,2,2,2,2,3,2,71,8,13,11,16,13,10,2,52,20,11.300000190734863,42,3,0.3,0,16,55,0.0,0.0,0.028169014084507043,0.0
2696,32,0,133,133,0,0,0,0,0,17,3,3,3,3,1,2,2,133,21,34,20,21,16,21,3,61,20,12.899999618530273,37,2,0.34,0,18,115,0.0,0.0,0.022556390977443608,0.0
2740,33,0,91,91,0,0,0,0,0,13,2,2,2,2,2,1,2,91,14,19,18,13,13,14,0,57,20,10.90000057220459,40,0,0.26,0,14,77,0.0,0.0,0.0,0.0
2792,34,0,50,50,0,0,0,0,0,12,1,2,2,2,2,1,2,50,9,8,1,9,12,11,0,44,20,9.199999809265137,40,1,0.24,0,13,37,0.0,0.0,0.0,0.0
2832,35,0,71,71,0,0,0,0,0,12,2,2,1,1,2,2,2,71,14,11,10,13,12,11,7,29,20,7.699999809265137,36,0,0.24,0,13,58,0.0,0.0,0.09859154929577464,0.0
2972,36,0,58,58,0,0,0,0,0,10,2,2,1,2,0,2,1,58,14,9,7,8,9,11,0,45,19,8.5,38,0,0.2,0,11,47,0.0,0.0,0.0,0.0
3040,37,0,62,62,0,0,0,0,0,10,2,0,2,1,2,2,1,62,10,9,10,13,9,11,0,56,19,9.59999942779541,38,0,0.2,0,11,51,0.0,0.0,0.0,0.0
3124,38,0,73,73,0,0,0,0,0,13,2,2,1,2,2,2,2,73,17,12,9,9,13,13,0,58,19,11.0,38,1,0.26,0,14,59,0.0,0.0,0.0,0.0
3164,39,0,117,117,0,0,0,0,0,17,2,3,1,3,3,3,2,117,16,28,17,23,16,17,6,63,20,13.09999942779541,26,2,0.34,0,17,100,0.0,0.0,0.05128205128205128,0.0
3228,40,0,47,47,0,0,0,0,0,10,1,2,1,2,2,2,0,47,8,6,7,7,9,10,0,35,20,7.5,40,0,0.2,0,11,36,0.0,0.0,0.0,0.0
3312,41,0,37,37,0,0,0,0,0,10,2,2,1,2,0,1,2,37,10,5,5,4,10,3,0,44,19,8.399999618530273,38,1,0.2,0,11,26,0.0,0.0,0.0,0.0
3320,42,0,49,49,0,0,0,0,0,14,2,2,2,1,3,2,2,49,6,6,10,7,12,8,1,67,20,12.300000190734863,37,1,0.28,0,14,35,0.0,0.0,0.02040816326530612,0.0
3320,43,0,87,87,0,0,0,0,0,16,3,2,2,2,2,2,3,87,12,10,15,17,15,18,0,67,20,13.09999942779541,40,2,0.32,0,17,70,0.0,0.0,0.0,0.0
3604,44,0,71,71,0,0,0,0,0,14,2,1,2,3,2,2,2,71,10,15,13,10,13,10,0,41,20,9.700000762939453,38,1,0.28,0,15,56,0.0,0.0,0.0,0.0
3608,45,0,74,74,0,0,0,0,0,14,2,2,1,2,2,2,3,74,16,4,17,13,13,11,4,58,20,11.5,24,0,0.28,0,15,59,0.0,0.0,0.05405405405405406,0.0
3620,46,0,75,75,0,0,0,0,0,13,2,2,2,2,1,2,2,75,12,17,8,13,13,12,0,45,19,9.700000762939453,40,0,0.26,0,14,61,0.0,0.0,0.0,0.0
3732,47,0,126,126,0,0,0,0,0,15,3,3,2,2,2,1,2,126,30,22,22,15,15,22,6,82,20,14.199999809265137,30,2,0.3,0,15,111,0.0,0.0,0.047619047619047616,0.0
3784,48,0,44,44,0,0,0,0,0,12,2,2,2,1,1,2,2,44,7,5,10,6,11,5,1,56,20,10.399999618530273,40,1,0.24,0,13,31,0.0,0.0,0.022727272727272728,0.0
3796,49,0,48,48,0,0,0,0,0,11,2,0,2,1,2,2,2,48,6,7,5,9,10,11,0,39,20,8.300000190734863,40,0,0.22,0,12,36,0.0,0.0,0.0,0.0
4020,50,0,100,100,0,0,0,0,0,14,1,2,2,3,2,2,2,100,21,15,14,19,14,17,0,67,20,12.300000190734863,32,0,0.28,0,15,85,0.0,0.0,0.0,0.0
4060,51,0,66,66,0,0,0,0,0,10,2,1,2,2,1,1,1,66,14,6,13,12,9,12,1,50,19,9.0,38,1,0.2,0,11,55,0.0,0.0,0.015151515151515152,0.0
4100,52,0,79,79,0,0,0,0,0,12,2,2,0,2,2,2,2,79,12,11,17,14,11,14,2,71,19,11.90000057220459,36,1,0.24,0,13,66,0.0,0.0,0.02531645569620253,0.0
4104,53,0,93,93,0,0,0,0,0,17,3,1,2,2,3,3,3,93,16,18,14,15,17,13,0,73,20,14.09999942779541,25,2,0.34,0,18,75,0.0,0.0,0.0,0.0
4244,54,0,36,36,0,0,0,0,0,12,2,2,2,1,2,2,1,36,5,3,2,7,12,7,0,42,19,9.0,38,0,0.24,0,13,23,0.0,0.0,0.0,0.0
4284,55,0,45,45,0,0,0,0,0,11,2,2,2,1,1,2,1,45,7,5,7,8,11,7,0,35,19,7.900000095367432,38,1,0.22,0,12,33,0.0,0.0,0.0,0.0
4340,56,0,80,80,0,0,0,0,0,13,2,2,2,2,2,2,1,80,11,9,25,5,12,18,1,52,20,10.5,23,0,0.26,0,14,66,0.0,0.0,0.0125,0.0
4344,57,0,71,71,0,0,0,0,0,14,3,2,2,2,2,2,1,71,17,11,10,10,12,11,3,54,20,11.0,40,2,0.28,0,15,56,0.0,0.0,0.04225352112676056,0.0
4544,58,0,51,51,0,0,0,0,0,11,1,2,2,1,2,1,2,51,10,7,7,4,11,12,3,48,19,9.199999809265137,38,0,0.22,0,12,39,0.0,0.0,0.058823529411764705,0.0
4584,59,0,85,85,0,0,0,0,0,14,2,1,2,3,2,2,2,85,18,10,18,13,13,13,5,49,20,10.5,37,0,0.28,0,15,70,0.0,0.0,0.058823529411764705,0.0
4612,60,0,82,82,0,0,0,0,0,12,2,2,1,2,2,1,2,82,9,15,18,16,10,14,2,75,20,12.300000190734863,42,2,0.24,0,13,69,0.0,0.0,0.024390243902439025,0.0
4640,61,0,74,74,0,0,0,0,0,13,2,2,2,2,2,1,2,74,10,14,12,15,13,10,0,30,19,8.199999809265137,38,1,0.26,0,14,60,0.0,0.0,0.0,0.0
4724,62,0,35,35,0,0,0,0,0,10,2,1,2,2,0,1,2,35,3,4,6,5,10,7,0,47,19,8.699999809265137,38,0,0.2,0,11,24,0.0,0.0,0.0,0.0
4856,63,0,54,54,0,0,0,0,0,13,2,2,2,2,1,2,2,54,9,6,10,8,13,8,0,47,20,9.899999618530273,40,0,0.26,0,14,40,0.0,0.0,0.0,0.0
4892,64,0,70,70,0,0,0,0,0,12,2,1,2,2,2,1,2,70,15,7,6,16,10,16,1,39,19,8.699999809265137,43,2,0.24,0,13,57,0.0,0.0,0.014285714285714285,0.0
4908,65,0,91,91,0,0,0,0,0,13,2,2,2,1,2,2,2,91,14,14,16,21,12,14,3,55,19,10.700000762939453,38,2,0.26,0,14,77,0.0,0.0,0.03296703296703297,0.0
5052,66,0,49,49,0,0,0,0,0,12,2,1,1,2,2,2,2,49,5,9,12,6,12,5,1,57,19,10.5,40,2,0.24,0,13,36,0.0,0.0,0.02040816326530612,0.0
5112,67,0,97,97,0,0,0,0,0,14,3,2,1,2,2,2,2,97,17,15,18,13,13,21,2,54,20,11.0,34,2,0.28,0,15,82,0.0,0.0,0.020618556701030927,0.0
5116,68,0,56,56,0,0,0,0,0,12,2,1,2,2,1,2,2,56,5,11,10,9,11,10,1,78,20,12.600000381469727,40,2,0.24,0,12,44,0.0,0.0,0.017857142857142856,0.0
5124,69,0,54,54,0,0,0,0,0,11,2,2,2,0,2,2,1,54,10,5,12,9,11,7,0,49,19,9.300000190734863,38,1,0.22,0,12,42,0.0,0.0,0.0,0.0
5272,70,0,39,39,0,0,0,0,0,11,1,1,2,1,2,2,2,39,4,4,5,8,10,8,0,58,20,10.199999809265137,40,0,0.22,0,12,27,0.0,0.0,0.0,0.0
5292,71,0,60,60,0,0,0,0,0,10,2,0,2,1,1,2,2,60,10,10,11,7,10,12,0,49,19,8.899999618530273,38,0,0.2,0,10,50,0.0,0.0,0.0,0.0
5376,72,0,63,63,0,0,0,0,0,13,2,1,2,2,2,2,2,63,12,12,8,7,13,11,0,54,19,10.59999942779541,40,1,0.26,0,14,49,0.0,0.0,0.0,0.0
5508,73,0,54,54,0,0,0,0,0,11,1,2,1,2,1,2,2,54,7,10,10,6,10,11,0,60,20,10.399999618530273,40,0,0.22,0,12,42,0.0,0.0,0.0,0.0
5536,74,0,106,106,0,0,0,0,0,15,2,3,3,2,2,2,1,106,24,15,18,15,14,20,7,75,20,13.5,39,3,0.3,0,16,90,0.0,0.0,0.0660377358490566,0.0
5640,75,0,66,66,0,0,0,0,0,12,2,1,2,2,2,1,2,66,17,10,9,13,10,7,1,60,20,10.800000190734863,40,1,0.24,0,13,53,0.0,0.0,0.015151515151515152,0.0
5644,76,0,93,93,0,0,0,0,0,15,3,2,2,2,2,2,2,93,19,19,13,12,15,15,2,96,20,15.59999942779541,28,1,0.3,0,16,77,0.0,0.0,0.021505376344086023,0.0
5756,77,0,62,62,0,0,0,0,0,12,1,2,2,1,2,2,2,62,12,9,8,7,12,14,0,66,20,11.399999618530273,40,1,0.24,0,12,50,0.0,0.0,0.0,0.0
5832,78,0,47,47,0,0,0,0,0,12,0,2,2,2,2,2,2,47,9,9,6,4,11,8,0,41,20,8.899999618530273,40,0,0.24,0,12,35,0.0,0.0,0.0,0.0
5932,79,0,99,99,0,0,0,0,0,12,2,1,1,2,2,2,2,99,15,18,16,13,11,26,1,48,19,9.59999942779541,35,1,0.24,0,13,86,0.0,0.0,0.010101010101010102,0.0
6028,80,0,68,68,0,0,0,0,0,9,1,2,0,1,1,2,2,68,14,18,12,10,9,5,0,52,19,8.800000190734863,38,0,0.18,0,10,58,0.0,0.0,0.0,0.0
6040,81,0,100,100,0,0,0,0,0,13,2,1,2,2,2,2,2,100,21,17,18,20,12,12,3,67,19,11.90000057220459,26,1,0.26,0,14,86,0.0,0.0,0.03,0.0
6088,82,0,64,64,0,0,0,0,0,13,2,2,2,2,2,2,1,64,10,9,10,13,11,11,2,61,19,11.300000190734863,40,2,0.26,0,14,50,0.0,0.0,0.03125,0.0
6188,83,0,40,40,0,0,0,0,0,9,1,2,1,1,0,2,2,40,8,3,5,11,9,4,0,30,19,6.600000381469727,38,0,0.18,0,9,31,0.0,0.0,0.0,0.0
6252,84,0,80,80,0,0,0,0,0,14,2,2,1,2,2,3,2,80,14,13,14,10,14,15,1,52,20,10.90000057220459,38,2,0.28,0,15,65,0.0,0.0,0.0125,0.0
6316,85,0,57,57,0,0,0,0,0,13,2,2,1,2,2,2,2,57,8,12,10,6,13,8,0,68,19,12.0,29,2,0.26,0,14,43,0.0,0.0,0.0,0.0
6392,86,0,88,88,0,0,0,0,0,12,2,2,2,2,2,0,2,88,11,16,22,12,11,16,4,29,19,7.699999809265137,38,1,0.24,0,13,75,0.0,0.0,0.045454545454545456,0.0
6472,87,0,55,55,0,0,0,0,0,11,2,1,2,2,2,1,1,55,6,8,13,8,11,9,1,68,20,11.199999809265137,40,1,0.22,0,12,43,0.0,0.0,0.01818181818181818,0.0
6568,88,0,63,63,0,0,0,0,0,11,1,2,1,1,2,2,2,63,9,14,6,17,11,6,2,48,19,9.199999809265137,42,2,0.22,0,12,51,0.0,0.0,0.031746031746031744,0.0
6620,89,0,108,108,0,0,0,0,0,15,2,2,2,1,2,3,3,108,12,24,16,20,15,21,0,36,20,9.59999942779541,38,0,0.3,0,16,92,0.0,0.0,0.0,0.0
6716,90,0,61,61,0,0,0,0,0,12,2,0,2,2,2,2,2,61,9,8,10,14,11,9,0,45,19,9.300000190734863,38,0,0.24,0,13,48,0.0,0.0,0.0,0.0
6792,91,0,56,56,0,0,0,0,0,11,2,2,1,2,2,1,1,56,9,9,9,6,11,12,0,28,19,7.200000286102295,38,0,0.22,0,12,44,0.0,0.0,0.0,0.0
6916,92,0,131,131,0,0,0,0,0,16,3,2,3,2,3,2,1,131,23,32,24,20,14,18,5,91,20,15.5,21,0,0.32,0,17,114,0.0,0.0,0.03816793893129771,0.0
7016,93,0,75,75,0,0,0,0,0,15,2,2,2,2,2,3,2,75,13,15,10,10,15,12,2,38,20,9.800000190734863,40,1,0.3,0,16,59,0.0,0.0,0.02666666666666667,0.0
7040,94,0,105,105,0,0,0,0,0,14,2,1,2,2,3,2,2,105,27,17,9,16,12,24,3,78,20,13.40000057220459,50,3,0.28,0,15,90,0.0,0.0,0.02857142857142857,0.0
7064,95,0,68,68,0,0,0,0,0,14,2,2,2,2,2,3,1,68,5,18,11,10,13,11,3,64,19,12.0,38,1,0.28,0,15,53,0.0,0.0,0.04411764705882353,0.0
7144,96,0,57,57,0,0,0,0,0,11,2,2,1,2,1,2,1,57,7,10,10,10,10,10,0,33,20,7.699999809265137,39,0,0.22,0,11,46,0.0,0.0,0.0,0.0
7288,97,0,62,62,0,0,0,0,0,11,1,2,1,2,2,1,2,62,13,12,10,10,11,6,2,36,19,8.0,40,2,0.22,0,12,50,0.0,0.0,0.03225806451612903,0.0
7320,98,0,64,64,0,0,0,0,0,11,2,1,2,1,2,1,2,64,9,10,15,8,11,11,3,37,19,8.100000381469727,37,1,0.22,0,11,53,0.0,0.0,0.046875,0.0
7352,99,0,84,84,0,0,0,0,0,14,1,3,2,2,2,2,2,84,10,17,14,11,13,19,2,52,20,10.90000057220459,39,2,0.28,0,15,69,0.0,0.0,0.023809523809523808,0.0
7436,100,0,73,73,0,0,0,0,0,14,2,2,1,2,2,3,2,73,8,14,14,12,14,11,1,78,20,13.40000057220459,40,2,0.28,0,14,59,0.0,0.0,0.0136986301369863,0.0
7532,101,0,53,53,0,0,0,0,0,12,2,2,1,1,2,2,2,53,5,10,8,11,11,8,0,46,19,9.399999618530273,44,1,0.24,0,13,40,0.0,0.0,0.0,0.0
7600,102,0,78,78,0,0,0,0,0,14,2,2,2,2,3,1,2,78,6,14,12,21,12,13,2,50,20,10.59999942779541,40,1,0.28,0,15,63,0.0,0.0,0.02564102564102564,0.0
7652,103,0,75,75,0,0,0,0,0,14,1,2,2,3,2,2,2,75,20,9,7,10,14,15,0,63,20,11.90000057220459,40,2,0.28,0,15,60,0.0,0.0,0.0,0.0
7684,104,0,62,62,0,0,0,0,0,11,2,2,2,1,1,2,1,62,12,9,12,6,9,14,1,37,19,8.100000381469727,41,1,0.22,0,12,50,0.0,0.0,0.016129032258064516,0.0
7776,105,0,61,61,0,0,0,0,0,11,1,2,1,2,1,2,2,61,11,9,8,11,11,11,0,62,20,10.59999942779541,40,1,0.22,0,11,50,0.0,0.0,0.0,0.0
7908,106,0,64,64,0,0,0,0,0,13,2,2,1,2,2,2,2,64,10,8,9,12,11,14,2,33,20,8.5,43,2,0.26,0,14,50,0.0,0.0,0.03125,0.0
7912,107,0,78,78,0,0,0,0,0,12,1,2,1,2,2,2,2,78,15,14,10,13,12,14,0,47,19,9.5,38,2,0.24,0,13,65,0.0,0.0,0.0,0.0
7996,108,0,78,78,0,0,0,0,0,13,2,2,2,2,2,1,2,78,13,15,12,12,13,13,1,52,19,10.5,38,3,0.26,0,14,64,0.0,0.0,0.01282051282051282,0.0
8112,109,0,50,50,0,0,0,0,0,12,0,2,2,2,2,2,2,50,10,10,12,4,12,2,0,52,20,10.100000381469727,38,1,0.24,0,13,37,0.0,0.0,0.0,0.0
8224,110,0,112,112,0,0,0,0,0,16,1,3,2,3,2,2,3,112,19,18,19,22,16,18,1,36,20,10.0,42,3,0.32,0,17,95,0.0,0.0,0.008928571428571428,0.0
8248,111,0,63,63,0,0,0,0,0,11,2,2,0,1,2,2,2,63,9,10,9,14,10,11,0,31,19,7.5,36,1,0.22,0,11,52,0.0,0.0,0.0,0.0
8316,112,0,102,102,0,0,0,0,0,14,2,2,3,2,1,2,2,102,11,20,23,22,13,13,0,33,20,8.899999618530273,40,0,0.28,0,15,87,0.0,0.0,0.0,0.0
8464,113,0,60,60,0,0,0,0,0,11,2,2,1,1,1,2,2,60,9,8,9,15,9,10,0,57,20,10.100000381469727,40,0,0.22,0,12,48,0.0,0.0,0.0,0.0
8488,114,0,94,94,0,0,0,0,0,14,2,3,2,2,2,1,2,94,14,17,16,10,14,23,3,52,20,10.90000057220459,40,1,0.28,0,15,79,0.0,0.0,0.031914893617021274,0.0
8604,115,0,89,89,0,0,0,0,0,12,2,1,2,1,2,2,2,89,12,21,11,12,11,22,1,41,19,8.899999618530273,38,1,0.24,0,13,76,0.0,0.0,0.011235955056179775,0.0
8608,116,0,73,73,0,0,0,0,0,13,2,2,2,2,2,2,1,73,13,13,13,7,13,14,5,76,19,12.799999237060547,38,1,0.26,0,14,59,0.0,0.0,0.0684931506849315,0.0
8804,117,0,79,79,0,0,0,0,0,13,2,2,1,2,2,2,2,79,11,14,11,13,12,18,0,37,19,8.899999618530273,38,1,0.26,0,14,65,0.0,0.0,0.0,0.0
8892,118,0,107,107,0,0,0,0,0,16,2,2,3,2,3,2,2,107,29,16,18,9,14,21,1,70,20,13.40000057220459,38,1,0.32,0,17,90,0.0,0.0,0.009345794392523364,0.0
9120,119,0,129,129,0,0,0,0,0,16,3,3,3,2,2,2,1,129,26,24,19,17,16,27,0,49,19,11.300000190734863,38,1,0.32,0,17,112,0.0,0.0,0.0,0.0
9132,120,0,131,131,0,0,0,0,0,17,2,3,3,2,3,3,1,131,14,27,25,29,16,20,1,67,20,13.5,40,2,0.34,0,18,113,0.0,0.0,0.007633587786259542,0.0
9228,121,0,84,84,0,0,0,0,0,15,2,2,3,2,2,2,2,84,11,18,14,10,14,17,1,87,19,14.700000762939453,35,2,0.3,0,16,68,0.0,0.0,0.011904761904761904,0.0
9344,122,0,135,135,0,0,0,0,0,18,3,3,3,1,3,3,2,135,18,20,34,17,18,28,2,48,19,12.0,34,2,0.36,0,19,116,0.0,0.0,0.014814814814814815,0.0
9604,123,0,94,94,0,0,0,0,0,14,3,2,1,2,2,2,2,94,10,23,18,13,14,16,1,47,20,10.299999237060547,38,1,0.28,0,15,79,0.0,0.0,0.010638297872340425,0.0
9608,124,0,119,119,0,0,0,0,0,17,3,2,3,2,2,2,3,119,19,26,21,14,15,24,1,58,20,12.600000381469727,40,2,0.34,0,18,101,0.0,0.0,0.008403361344537815,0.0
9668,125,0,81,81,0,0,0,0,0,10,1,2,1,1,2,1,2,81,11,7,21,7,10,25,8,58,20,9.899999618530273,37,0,0.2,0,11,70,0.0,0.0,0.09876543209876543,0.0
9880,126,0,53,53,0,0,0,0,0,11,1,1,2,2,2,1,2,53,9,10,7,9,11,7,0,41,20,8.5,40,0,0.22,0,12,41,0.0,0.0,0.0,0.0
9936,127,0,204,204,0,0,0,0,0,17,3,2,3,3,2,2,2,204,25,43,48,27,16,45,1,54,20,12.200000762939453,39,2,0.34,0,18,186,0.0,0.0,0.004901960784313725,0.0
10024,128,0,104,104,0,0,0,0,0,13,2,2,2,2,2,1,2,104,13,25,20,8,12,26,0,40,19,9.199999809265137,38,2,0.26,0,14,90,0.0,0.0,0.0,0.0
10128,129,0,131,131,0,0,0,0,0,15,3,1,2,3,2,2,2,131,21,19,22,28,15,26,4,50,19,11.0,42,1,0.3,0,16,115,0.0,0.0,0.030534351145038167,0.0
10208,130,0,46,46,0,0,0,0,0,11,2,1,1,2,2,2,1,46,10,9,5,6,10,6,0,52,20,9.59999942779541,40,0,0.22,0,12,34,0.0,0.0,0.0,0.0
10348,131,0,117,117,0,0,0,0,0,15,2,1,2,2,2,3,3,117,21,18,22,13,15,28,4,57,19,11.699999809265137,34,4,0.3,0,16,101,0.0,0.0,0.03418803418803419,0.0
10360,132,0,106,106,0,0,0,0,0,14,2,1,3,2,2,2,2,106,20,11,30,20,12,13,4,67,20,12.300000190734863,21,0,0.28,0,15,91,0.0,0.0,0.03773584905660377,0.0
10548,133,0,85,85,0,0,0,0,0,12,1,2,2,2,1,2,2,85,21,16,19,12,11,6,2,43,19,9.100000381469727,38,1,0.24,0,13,72,0.0,0.0,0.023529411764705882,0.0
10568,134,0,110,110,0,0,0,0,0,14,2,2,2,2,2,2,2,110,18,21,19,18,13,21,3,55,20,11.100000381469727,33,0,0.28,0,15,95,0.0,0.0,0.02727272727272727,0.0
10648,135,0,72,72,0,0,0,0,0,15,3,2,2,2,2,2,2,72,8,16,11,7,14,16,1,47,20,10.700000762939453,31,0,0.3,0,16,56,0.0,0.0,0.013888888888888888,0.0
10696,136,0,87,87,0,0,0,0,0,11,2,1,2,2,1,1,2,87,20,13,10,15,11,18,0,37,19,8.100000381469727,38,0,0.22,0,12,75,0.0,0.0,0.0,0.0
10952,137,0,101,101,0,0,0,0,0,16,3,2,2,3,2,2,2,101,18,19,21,9,15,19,4,61,20,12.5,37,2,0.32,0,16,85,0.0,0.0,0.039603960396039604,0.0
10952,138,0,76,76,0,0,0,0,0,12,2,2,1,2,2,2,1,76,18,11,13,14,10,10,1,64,20,11.199999809265137,40,0,0.24,0,13,63,0.0,0.0,0.013157894736842105,0.0
11020,139,0,81,81,0,0,0,0,0,12,1,2,2,2,1,2,2,81,16,10,18,13,10,14,3,48,20,9.59999942779541,40,0,0.24,0,13,68,0.0,0.0,0.037037037037037035,0.0
11024,140,0,114,114,0,0,0,0,0,14,2,2,3,1,2,2,2,114,17,17,23,17,14,26,1,43,19,9.899999618530273,36,0,0.28,0,15,99,0.0,0.0,0.008771929824561403,0.0
11180,141,0,40,40,0,0,0,0,0,11,1,2,2,2,2,1,1,40,9,7,3,5,11,5,0,54,19,9.800000190734863,38,1,0.22,0,12,28,0.0,0.0,0.0,0.0
11200,142,0,44,44,0,0,0,0,0,12,2,2,2,0,2,2,2,44,3,8,8,6,12,7,0,52,20,10.100000381469727,40,0,0.24,0,12,32,0.0,0.0,0.0,0.0
11212,143,0,65,65,0,0,0,0,0,10,1,2,1,0,2,2,2,65,13,13,17,5,9,8,2,49,19,8.899999618530273,38,0,0.2,0,11,54,0.0,0.0,0.03076923076923077,0.0
11364,144,0,46,46,0,0,0,0,0,12,1,1,2,2,2,2,2,46,5,11,6,9,10,5,1,55,20,10.299999237060547,39,1,0.24,0,12,34,0.0,0.0,0.021739130434782608,0.0
11380,145,0,107,107,0,0,0,0,0,14,2,3,2,2,1,2,2,107,25,22,18,10,14,18,0,80,20,13.600000381469727,40,2,0.28,0,15,92,0.0,0.0,0.0,0.0
11504,146,0,76,76,0,0,0,0,0,13,2,2,2,1,2,2,2,76,13,11,12,13,11,16,1,50,20,10.199999809265137,50,1,0.26,0,14,62,0.0,0.0,0.013157894736842105,0.0
11684,147,0,118,118,0,0,0,0,0,13,2,2,1,2,2,2,2,118,22,24,21,19,13,19,3,43,19,9.5,42,2,0.26,0,14,104,0.0,0.0,0.025423728813559324,0.0
11840,148,0,115,115,0,0,0,0,0,14,2,2,2,2,2,2,2,115,20,25,23,18,10,19,7,51,19,10.700000762939453,39,2,0.28,0,15,100,0.0,0.0,0.06086956521739131,0.0
11864,149,0,125,125,0,0,0,0,0,16,2,3,2,3,3,1,2,125,19,25,22,22,15,22,1,64,20,12.799999237060547,42,3,0.32,0,16,109,0.0,0.0,0.008,0.0
11908,150,0,56,56,0,0,0,0,0,13,2,2,2,2,2,1,2,56,8,14,8,5,13,8,0,19,19,7.099999904632568,42,2,0.26,0,13,43,0.0,0.0,0.0,0.0
11964,151,0,115,115,0,0,0,0,0,15,1,3,2,3,2,2,2,115,20,23,17,20,14,21,3,41,19,10.100000381469727,33,2,0.3,0,16,99,0.0,0.0,0.02608695652173913,0.0
12112,152,0,68,68,0,0,0,0,0,13,1,2,2,2,2,2,2,68,12,11,10,13,11,11,1,85,19,13.699999809265137,20,0,0.26,0,14,54,0.0,0.0,0.014705882352941176,0.0
12172,153,0,66,66,0,0,0,0,0,14,1,2,2,2,2,3,2,66,7,14,12,8,13,12,1,44,20,10.0,39,2,0.28,0,15,51,0.0,0.0,0.015151515151515152,0.0
12184,154,0,80,80,0,0,0,0,0,12,2,1,2,1,2,2,2,80,16,13,13,11,12,15,1,51,20,9.899999618530273,40,0,0.24,0,13,67,0.0,0.0,0.0125,0.0
12316,155,0,88,88,0,0,0,0,0,12,2,2,2,1,2,1,2,88,16,20,16,11,11,14,1,56,20,10.399999618530273,42,3,0.24,0,12,76,0.0,0.0,0.011363636363636364,0.0
12504,156,0,98,98,0,0,0,0,0,14,2,2,3,2,1,2,2,98,16,20,18,17,14,13,5,40,19,9.59999942779541,38,1,0.28,0,15,83,0.0,0.0,0.05102040816326531,0.0
12600,157,0,104,104,0,0,0,0,0,13,2,2,2,1,2,2,2,104,20,15,19,18,12,20,3,62,19,11.399999618530273,37,2,0.26,0,14,90,0.0,0.0,0.028846153846153848,0.0
12744,158,0,60,60,0,0,0,0,0,12,2,1,2,2,2,2,1,60,14,10,10,6,11,9,0,36,20,8.399999618530273,42,1,0.24,0,13,47,0.0,0.0,0.0,0.0
12772,159,0,150,150,0,0,0,0,0,16,3,2,3,1,2,3,2,150,21,32,27,20,15,35,5,88,19,15.199999809265137,19,1,0.32,0,17,133,0.0,0.0,0.03333333333333333,0.0
12776,160,0,115,115,0,0,0,0,0,14,2,2,2,2,2,2,2,115,21,16,32,16,14,16,3,52,19,10.800000190734863,30,0,0.28,0,15,100,0.0,0.0,0.02608695652173913,0.0
13060,161,0,115,115,0,0,0,0,0,13,2,2,2,1,2,2,2,115,17,19,28,20,11,20,5,42,20,9.399999618530273,42,1,0.26,0,14,101,0.0,0.0,0.043478260869565216,0.0
13080,162,0,84,84,0,0,0,0,0,12,2,2,2,2,2,1,1,84,14,10,17,10,11,22,1,41,19,8.899999618530273,38,1,0.24,0,13,71,0.0,0.0,0.011904761904761904,0.0
13188,163,0,104,104,0,0,0,0,0,13,1,2,2,2,2,2,2,104,18,20,23,11,13,19,4,36,19,8.800000190734863,52,4,0.26,0,14,90,0.0,0.0,0.038461538461538464,0.0
13280,164,0,126,126,0,0,0,0,0,14,2,2,2,2,2,2,2,126,16,29,26,19,13,23,3,64,20,12.0,36,3,0.28,0,15,111,0.0,0.0,0.023809523809523808,0.0
13376,165,0,79,79,0,0,0,0,0,13,2,2,2,2,2,1,2,79,10,16,16,11,13,13,0,58,19,11.100000381469727,38,2,0.26,0,14,65,0.0,0.0,0.0,0.0
13392,166,0,78,78,0,0,0,0,0,13,2,2,2,2,2,2,1,78,12,12,13,10,13,18,0,48,19,10.0,38,1,0.26,0,14,64,0.0,0.0,0.0,0.0
13628,167,0,59,59,0,0,0,0,0,8,1,2,1,1,2,0,1,59,14,8,11,6,8,12,2,25,19,5.699999809265137,38,0,0.16,0,9,50,0.0,0.0,0.03389830508474576,0.0
13836,168,0,115,115,0,0,0,0,0,15,2,2,2,1,3,2,3,115,20,23,23,13,14,22,0,52,20,11.199999809265137,42,2,0.3,0,16,99,0.0,0.0,0.0,0.0
13844,169,0,164,164,0,0,0,0,0,15,2,2,2,2,3,2,2,164,30,29,43,18,14,30,5,76,19,13.600000381469727,29,2,0.3,0,16,148,0.0,0.0,0.03048780487804878,0.0
13944,170,0,166,166,0,0,0,0,0,18,2,3,3,2,3,3,2,166,38,28,34,24,18,24,8,37,19,10.90000057220459,35,3,0.36,0,19,147,0.0,0.0,0.04819277108433735,0.0
13980,171,0,88,88,0,0,0,0,0,11,1,1,2,1,2,2,2,88,13,15,18,9,10,23,1,32,20,7.599999904632568,40,0,0.22,0,11,77,0.0,0.0,0.011363636363636364,0.0
14152,172,0,79,79,0,0,0,0,0,11,0,2,2,1,2,2,2,79,17,6,15,16,10,15,0,52,20,9.59999942779541,37,0,0.22,0,12,67,0.0,0.0,0.0,0.0
14208,173,0,91,91,0,0,0,0,0,14,2,2,2,1,2,3,2,91,21,14,12,21,14,9,1,48,20,10.399999618530273,38,1,0.28,0,15,76,0.0,0.0,0.01098901098901099,0.0
14432,174,0,56,56,0,0,0,0,0,11,2,2,2,1,1,2,1,56,10,9,15,8,11,3,0,42,20,8.600000381469727,40,1,0.22,0,12,44,0.0,0.0,0.0,0.0
14468,175,0,131,131,0,0,0,0,0,16,1,2,3,2,3,2,3,131,17,28,24,18,15,29,3,43,20,10.700000762939453,38,0,0.32,0,17,114,0.0,0.0,0.022900763358778626,0.0
14532,176,0,95,95,0,0,0,0,0,13,2,2,2,2,1,2,2,95,16,25,14,15,11,14,2,51,20,10.299999237060547,40,1,0.26,0,14,81,0.0,0.0,0.021052631578947368,0.0
14576,177,0,149,149,0,0,0,0,0,18,3,3,1,3,3,3,2,149,26,31,35,15,17,25,7,83,19,15.5,20,1,0.36,0,18,131,0.0,0.0,0.04697986577181208,0.0
14748,178,0,79,79,0,0,0,0,0,14,2,2,3,2,2,2,1,79,9,19,13,11,12,15,3,86,20,14.199999809265137,40,2,0.28,0,15,64,0.0,0.0,0.0379746835443038,0.0
14864,179,0,72,72,0,0,0,0,0,15,3,2,2,1,3,2,2,72,8,13,16,9,15,11,0,64,20,12.399999618530273,40,1,0.3,0,16,56,0.0,0.0,0.0,0.0
14992,180,0,131,131,0,0,0,0,0,17,3,2,2,3,3,3,1,131,18,24,29,19,16,25,2,61,19,12.899999618530273,26,3,0.34,0,18,113,0.0,0.0,0.015267175572519083,0.0
15048,181,0,129,129,0,0,0,0,0,12,2,1,2,2,1,2,2,129,19,25,29,17,11,28,0,49,20,9.700000762939453,42,2,0.24,0,13,116,0.0,0.0,0.0,0.0
15144,182,0,70,70,0,0,0,0,0,13,1,2,2,2,2,2,2,70,10,12,14,9,12,13,0,43,20,9.5,36,1,0.26,0,14,56,0.0,0.0,0.0,0.0
15156,183,0,41,41,0,0,0,0,0,9,2,1,1,2,1,1,1,41,6,6,5,4,9,11,0,24,20,6.0,40,0,0.18,0,10,31,0.0,0.0,0.0,0.0
15216,184,0,117,117,0,0,0,0,0,15,3,2,2,2,2,2,2,117,20,12,19,26,14,26,0,55,20,11.5,40,1,0.3,0,16,101,0.0,0.0,0.0,0.0
15484,185,0,109,109,0,0,0,0,0,12,2,2,2,1,2,1,2,109,23,23,18,19,10,16,5,37,20,8.5,40,1,0.24,0,13,96,0.0,0.0,0.045871559633027525,0.0
15560,186,0,104,104,0,0,0,0,0,15,2,2,2,1,3,3,2,104,14,20,21,13,14,22,3,67,20,12.699999809265137,39,2,0.3,0,16,88,0.0,0.0,0.028846153846153848,0.0
15592,187,0,94,94,0,0,0,0,0,15,2,2,2,3,2,2,2,94,16,22,10,16,14,16,1,56,19,11.59999942779541,33,0,0.3,0,16,78,0.0,0.0,0.010638297872340425,0.0
15752,188,0,149,149,0,0,0,0,0,15,2,2,2,2,1,3,3,149,25,32,30,18,15,29,6,58,20,11.799999237060547,40,2,0.3,0,16,133,0.0,0.0,0.040268456375838924,0.0
15756,189,0,68,68,0,0,0,0,0,14,2,2,1,2,2,2,3,68,17,6,9,7,14,15,0,47,20,10.299999237060547,40,1,0.28,0,15,53,0.0,0.0,0.0,0.0
15872,190,0,70,70,0,0,0,0,0,14,2,1,2,2,2,3,2,70,12,14,14,8,14,8,4,89,20,14.5,32,2,0.28,0,15,55,0.0,0.0,0.05714285714285714,0.0
16012,191,0,65,65,0,0,0,0,0,12,1,2,2,2,2,2,1,65,13,10,11,8,12,11,2,42,20,9.0,40,0,0.24,0,12,53,0.0,0.0,0.03076923076923077,0.0
16092,192,0,133,133,0,0,0,0,0,19,3,2,2,3,3,3,3,133,21,20,29,14,18,31,1,45,20,12.100000381469727,36,1,0.38,0,20,113,0.0,0.0,0.007518796992481203,0.0
16204,193,0,112,112,0,0,0,0,0,13,2,2,2,2,2,2,1,112,17,19,25,18,12,21,3,26,20,7.799999713897705,42,1,0.26,0,14,98,0.0,0.0,0.026785714285714284,0.0
16212,194,0,85,85,0,0,0,0,0,16,1,3,2,2,3,3,2,85,12,19,13,11,16,14,0,49,19,11.300000190734863,33,1,0.32,0,17,68,0.0,0.0,0.0,0.0
16420,195,0,54,54,0,0,0,0,0,10,2,1,2,1,1,2,1,54,5,13,9,7,9,11,0,71,19,11.100000381469727,38,1,0.2,0,10,44,0.0,0.0,0.0,0.0
16516,196,0,126,126,0,0,0,0,0,12,2,1,2,2,1,2,2,126,18,24,22,20,12,30,1,42,19,9.0,40,2,0.24,0,13,113,0.0,0.0,0.007936507936507936,0.0
16596,197,0,96,96,0,0,0,0,0,14,2,2,3,2,1,2,2,96,20,16,21,12,12,15,4,61,20,11.699999809265137,50,2,0.28,0,15,81,0.0,0.0,0.041666666666666664,0.0
16740,198,0,162,162,0,0,0,0,0,15,2,2,2,2,3,2,2,162,25,26,37,20,15,39,5,23,20,8.300000190734863,40,2,0.3,0,16,146,0.0,0.0,0.030864197530864196,0.0
16764,199,0,86,86,0,0,0,0,0,13,1,2,2,2,2,2,2,86,13,19,17,9,12,16,0,60,19,11.199999809265137,38,1,0.26,0,14,72,0.0,0.0,0.0,0.0
16968,200,0,113,113,0,0,0,0,0,15,3,2,2,2,2,2,2,113,20,21,21,14,13,24,9,97,20,15.700000762939453,21,2,0.3,0,16,97,0.0,0.0,0.07964601769911504,0.0
17144,201,0,137,137,0,0,0,0,0,16,3,3,2,2,2,2,2,137,19,26,33,14,15,30,13,85,20,14.899999618530273,23,3,0.32,0,16,121,0.0,0.0,0.0948905109489051,0.0
17256,202,0,129,129,0,0,0,0,0,16,2,3,2,2,3,2,2,129,20,33,17,16,15,28,4,55,20,11.90000057220459,36,1,0.32,0,17,112,0.0,0.0,0.031007751937984496,0.0
17500,203,0,89,89,0,0,0,0,0,14,2,3,2,2,1,2,2,89,11,29,12,7,14,16,0,60,20,11.59999942779541,36,1,0.28,0,15,74,0.0,0.0,0.0,0.0
17532,204,0,192,192,0,0,0,0,0,16,2,3,2,2,2,2,3,192,31,39,35,27,15,45,5,29,19,9.300000190734863,35,1,0.32,0,17,175,0.0,0.0,0.026041666666666668,0.0
17568,205,0,150,150,0,0,0,0,0,16,2,3,2,2,2,2,3,150,32,30,27,16,15,30,7,35,19,9.899999618530273,40,3,0.32,0,17,133,0.0,0.0,0.04666666666666667,0.0
17944,206,40,172,172,1,1,0,0,0,18,3,2,2,3,3,2,3,172,26,36,36,23,17,34,4,66,20,12.799999237060547,34,1,0.345,1,18,154,0.05555555555555555,2.2222222222222223,0.023255813953488372,0.0
18044,207,0,119,119,0,0,0,0,0,13,2,2,2,2,1,2,2,119,18,17,32,12,12,28,7,79,20,13.09999942779541,32,1,0.26,0,14,105,0.0,0.0,0.058823529411764705,0.0
18092,208,0,140,140,0,0,0,0,0,17,2,2,3,3,3,2,2,140,22,33,29,16,16,24,5,79,20,14.700000762939453,24,1,0.34,0,18,122,0.0,0.0,0.03571428571428571,0.0
18224,209,0,181,181,0,0,0,0,0,13,2,2,2,2,1,2,2,181,26,34,40,33,12,36,3,49,20,10.100000381469727,35,2,0.26,0,14,167,0.0,0.0,0.016574585635359115,0.0
18360,210,0,79,79,0,0,0,0,0,13,2,2,2,2,2,2,1,79,5,21,16,13,13,11,0,50,19,10.199999809265137,40,3,0.26,0,14,65,0.0,0.0,0.0,0.0
18396,211,0,113,113,0,0,0,0,0,10,2,1,1,1,2,1,2,113,17,19,29,15,9,24,4,60,19,10.0,36,0,0.2,0,11,102,0.0,0.0,0.035398230088495575,0.0
18764,212,0,101,101,0,0,0,0,0,13,2,2,2,1,2,2,2,101,13,16,17,23,11,21,2,67,19,11.90000057220459,41,4,0.26,0,14,87,0.0,0.0,0.019801980198019802,0.0
19036,213,0,160,160,0,0,0,0,0,18,3,2,3,3,2,2,3,160,20,29,33,21,18,39,0,70,19,14.199999809265137,24,2,0.36,0,19,141,0.0,0.0,0.0,0.0
19120,214,0,89,89,0,0,0,0,0,14,3,2,2,2,2,2,1,89,12,14,22,12,13,16,2,34,20,9.0,39,1,0.28,0,15,74,0.0,0.0,0.02247191011235955,0.0
19228,215,0,251,251,0,0,0,0,0,17,3,1,3,3,2,3,2,251,44,56,46,33,17,55,3,70,20,13.800000190734863,32,1,0.34,0,18,233,0.0,0.0,0.01195219123505976,0.0
19480,216,0,347,347,0,0,0,0,0,20,3,3,3,3,3,3,2,347,54,80,85,41,20,67,19,50,19,13.0,24,2,0.4,0,20,327,0.0,0.0,0.05475504322766571,0.0
19592,217,0,139,139,0,0,0,0,0,16,1,2,3,3,2,3,2,139,15,36,31,15,15,27,2,54,20,11.799999237060547,34,2,0.32,0,17,122,0.0,0.0,0.014388489208633094,0.0
19672,218,0,138,138,0,0,0,0,0,14,2,3,1,2,2,2,2,138,17,31,23,21,11,35,6,46,19,10.199999809265137,38,1,0.28,0,15,123,0.0,0.0,0.043478260869565216,0.0
19732,219,0,126,126,0,0,0,0,0,17,3,3,3,2,1,3,2,126,18,25,18,17,16,32,5,75,20,14.299999237060547,26,3,0.34,0,18,108,0.0,0.0,0.03968253968253968,0.0
19788,220,0,77,77,0,0,0,0,0,12,2,2,2,2,1,2,1,77,10,15,17,9,11,15,2,46,19,9.399999618530273,46,3,0.24,0,13,64,0.0,0.0,0.025974025974025976,0.0
19948,221,0,54,54,0,0,0,0,0,10,1,2,2,2,2,1,0,54,6,5,12,11,9,11,0,38,20,7.799999713897705,40,0,0.2,0,11,43,0.0,0.0,0.0,0.0
20192,222,0,101,101,0,0,0,0,0,12,2,2,2,1,1,2,2,101,16,17,21,14,12,21,0,68,20,11.59999942779541,42,1,0.24,0,13,88,0.0,0.0,0.0,0.0
20216,223,0,156,156,0,0,0,0,0,16,2,3,1,3,2,2,3,156,27,32,37,19,15,26,10,62,20,12.600000381469727,32,1,0.32,0,17,139,0.0,0.0,0.0641025641025641,0.0
20296,224,0,156,156,0,0,0,0,0,16,3,2,2,3,2,2,2,156,22,31,35,25,14,29,8,72,19,13.600000381469727,24,2,0.32,0,17,139,0.0,0.0,0.05128205128205128,0.0
20332,225,0,96,96,0,0,0,0,0,13,1,2,2,2,2,2,2,96,23,16,16,14,11,16,0,40,19,9.199999809265137,38,2,0.26,0,14,82,0.0,0.0,0.0,0.0
20448,226,0,64,64,0,0,0,0,0,9,2,1,2,1,1,1,1,64,7,14,15,9,8,11,0,54,20,9.0,40,0,0.18,0,10,54,0.0,0.0,0.0,0.0
20652,227,0,109,109,0,0,0,0,0,13,1,2,2,2,2,2,2,109,21,13,21,17,13,24,1,58,19,11.0,38,1,0.26,0,14,95,0.0,0.0,0.009174311926605505,0.0
20784,228,0,84,84,0,0,0,0,0,14,3,2,2,2,2,1,2,84,7,23,17,7,14,16,1,44,20,10.0,36,2,0.28,0,14,70,0.0,0.0,0.011904761904761904,0.0
20904,229,0,143,143,0,0,0,0,0,15,2,2,2,3,2,3,1,143,19,29,36,23,12,24,7,58,20,11.799999237060547,35,0,0.3,0,16,127,0.0,0.0,0.04895104895104895,0.0
20912,230,0,154,154,0,0,0,0,0,16,3,2,2,3,2,2,2,154,18,27,40,30,12,27,10,83,20,14.700000762939453,30,2,0.32,0,17,137,0.0,0.0,0.06493506493506493,0.0
21044,231,0,98,98,0,0,0,0,0,13,2,2,2,2,1,2,2,98,20,20,10,17,12,19,2,38,19,9.0,38,1,0.26,0,14,84,0.0,0.0,0.02040816326530612,0.0
21140,232,0,89,89,0,0,0,0,0,13,2,1,2,2,2,2,2,89,10,14,16,15,11,23,0,72,19,12.399999618530273,21,0,0.26,0,14,75,0.0,0.0,0.0,0.0
21356,233,0,111,111,0,0,0,0,0,12,2,2,2,2,2,0,2,111,16,17,30,19,11,18,13,23,19,7.099999904632568,44,1,0.24,0,13,98,0.0,0.0,0.11711711711711711,0.0
21536,234,0,45,45,0,0,0,0,0,9,1,0,2,2,1,2,1,45,6,9,7,6,9,8,0,36,19,7.200000286102295,38,0,0.18,0,10,35,0.0,0.0,0.0,0.0
21588,235,0,136,136,0,0,0,0,0,15,2,2,2,2,3,3,1,136,13,21,30,28,15,29,4,60,19,12.0,33,2,0.3,0,16,120,0.0,0.0,0.029411764705882353,0.0
21660,236,0,130,130,0,0,0,0,0,14,2,2,2,1,2,2,3,130,23,25,30,14,14,24,2,61,19,11.699999809265137,29,2,0.28,0,15,115,0.0,0.0,0.015384615384615385,0.0
21708,237,0,201,201,0,0,0,0,0,19,3,3,3,2,2,3,3,201,30,42,42,27,18,42,0,51,20,12.699999809265137,40,2,0.38,0,20,181,0.0,0.0,0.0,0.0
22052,238,0,129,129,0,0,0,0,0,16,3,3,2,3,2,1,2,129,20,23,27,21,13,25,7,60,20,12.399999618530273,40,2,0.32,0,17,112,0.0,0.0,0.05426356589147287,0.0
22172,239,0,116,116,0,0,0,0,0,12,2,2,1,2,1,2,2,116,18,19,22,17,11,29,1,68,19,11.59999942779541,32,0,0.24,0,13,103,0.0,0.0,0.008620689655172414,0.0
22188,240,0,132,132,0,0,0,0,0,12,2,2,2,0,2,2,2,132,26,21,27,25,12,21,0,42,19,9.0,38,1,0.24,0,13,119,0.0,0.0,0.0,0.0
22300,241,0,178,178,0,0,0,0,0,14,2,3,1,2,2,2,2,178,35,28,38,26,14,37,12,37,19,9.300000190734863,36,1,0.28,0,15,163,0.0,0.0,0.06741573033707865,0.0
22600,242,0,107,107,0,0,0,0,0,10,2,2,2,2,0,1,1,107,15,28,20,16,9,19,1,70,20,11.0,40,0,0.2,0,10,97,0.0,0.0,0.009345794392523364,0.0
22648,243,0,115,115,0,0,0,0,0,17,3,3,3,1,2,2,3,115,18,33,16,17,15,16,3,52,20,12.100000381469727,33,1,0.34,0,18,97,0.0,0.0,0.02608695652173913,0.0
22728,244,0,169,169,0,0,0,0,0,14,2,2,2,2,2,2,2,169,28,48,30,23,14,26,22,67,19,12.300000190734863,32,3,0.28,0,14,155,0.0,0.0,0.1301775147928994,0.0
22832,245,0,133,133,0,0,0,0,0,16,2,1,3,2,3,3,2,133,12,28,32,15,16,30,8,47,20,11.100000381469727,30,1,0.32,0,17,116,0.0,0.0,0.06015037593984962,0.0
23168,246,0,130,130,0,0,0,0,0,11,2,1,1,2,2,2,1,130,26,23,22,20,10,29,2,28,19,7.200000286102295,41,1,0.22,0,12,118,0.0,0.0,0.015384615384615385,0.0
23204,247,0,151,151,0,0,0,0,0,14,2,2,3,2,2,2,1,151,27,32,27,24,14,27,11,45,20,10.100000381469727,37,2,0.28,0,15,136,0.0,0.0,0.0728476821192053,0.0
23280,248,0,138,138,0,0,0,0,0,14,2,2,2,2,1,3,2,138,30,22,34,21,12,19,6,71,19,12.699999809265137,22,0,0.28,0,15,123,0.0,0.0,0.043478260869565216,0.0
23444,249,0,153,153,0,0,0,0,0,16,3,3,3,2,2,1,2,153,29,28,28,14,15,39,13,85,19,14.899999618530273,21,1,0.32,0,16,137,0.0,0.0,0.08496732026143791,0.0
23588,250,0,96,96,0,0,0,0,0,12,1,2,2,2,2,1,2,96,15,16,21,13,12,19,1,69,20,11.699999809265137,39,0,0.24,0,13,83,0.0,0.0,0.010416666666666666,0.0
23660,251,0,95,95,0,0,0,0,0,14,2,2,2,2,2,2,2,95,7,16,22,15,13,22,2,54,20,11.0,38,1,0.28,0,15,80,0.0,0.0,0.021052631578947368,0.0
23828,252,0,165,165,0,0,0,0,0,21,2,3,3,3,3,4,3,165,18,38,26,19,20,44,4,63,20,14.700000762939453,19,0,0.42,0,22,143,0.0,0.0,0.024242424242424242,0.0
23840,253,0,99,99,0,0,0,0,0,13,2,2,2,1,2,2,2,99,21,23,16,13,12,14,2,62,19,11.399999618530273,31,1,0.26,0,14,85,0.0,0.0,0.020202020202020204,0.0
24084,254,0,106,106,0,0,0,0,0,12,2,1,2,1,2,2,2,106,8,23,23,15,11,26,0,43,20,9.100000381469727,46,1,0.24,0,13,93,0.0,0.0,0.0,0.0
24164,255,0,144,144,0,0,0,0,0,15,1,3,2,2,3,2,2,144,26,20,38,21,13,26,6,66,19,12.600000381469727,23,1,0.3,0,16,128,0.0,0.0,0.041666666666666664,0.0
24208,256,0,92,92,0,0,0,0,0,13,2,2,2,2,2,1,2,92,10,22,15,12,12,21,1,51,20,10.299999237060547,42,1,0.26,0,14,78,0.0,0.0,0.010869565217391304,0.0
24292,257,0,116,116,0,0,0,0,0,13,2,2,2,2,2,2,1,116,13,28,30,15,12,18,2,61,20,11.300000190734863,40,2,0.26,0,14,102,0.0,0.0,0.017241379310344827,0.0
24372,258,0,52,52,0,0,0,0,0,10,2,1,1,1,1,2,2,52,7,6,13,10,9,7,1,56,20,9.59999942779541,40,1,0.2,0,11,41,0.0,0.0,0.019230769230769232,0.0
24648,259,0,89,89,0,0,0,0,0,13,2,2,2,1,2,2,2,89,14,19,14,13,13,16,1,52,19,10.399999618530273,39,2,0.26,0,14,75,0.0,0.0,0.011235955056179775,0.0
24648,260,0,110,110,0,0,0,0,0,15,2,2,3,2,2,2,2,110,23,23,16,16,14,18,4,52,19,11.199999809265137,36,2,0.3,0,16,94,0.0,0.0,0.03636363636363636,0.0
24684,261,0,150,150,0,0,0,0,0,16,1,3,3,3,2,2,2,150,30,25,32,21,16,26,1,57,19,12.100000381469727,34,1,0.32,0,17,133,0.0,0.0,0.006666666666666667,0.0
24756,262,0,96,96,0,0,0,0,0,12,2,1,2,2,2,1,2,96,17,15,25,14,10,15,1,47,20,9.5,40,1,0.24,0,12,84,0.0,0.0,0.010416666666666666,0.0
25116,263,0,117,117,0,0,0,0,0,18,3,3,3,3,2,2,2,117,20,16,30,12,16,23,4,57,20,12.899999618530273,35,1,0.36,0,18,99,0.0,0.0,0.03418803418803419,0.0
25140,264,0,96,96,0,0,0,0,0,12,2,2,1,1,2,2,2,96,18,13,22,13,12,18,0,52,19,10.0,33,0,0.24,0,13,83,0.0,0.0,0.0,0.0
25224,265,0,135,135,0,0,0,0,0,13,2,1,2,2,2,2,2,135,21,35,27,14,12,26,1,58,20,11.100000381469727,41,1,0.26,0,14,121,0.0,0.0,0.007407407407407408,0.0
25452,266,40,201,201,1,1,0,0,0,17,2,2,2,2,3,3,3,201,40,45,39,19,15,43,11,67,20,12.5,40,2,0.335,1,17,184,0.058823529411764705,2.3529411764705883,0.05472636815920398,0.0
25460,267,0,80,80,0,0,0,0,0,11,1,2,1,2,2,2,1,80,18,14,16,10,11,11,8,42,20,8.600000381469727,39,1,0.22,0,12,68,0.0,0.0,0.1,0.0
25700,268,0,119,119,0,0,0,0,0,13,2,2,2,1,2,2,2,119,23,24,30,9,13,20,4,50,20,10.199999809265137,38,1,0.26,0,13,106,0.0,0.0,0.03361344537815126,0.0
25836,269,0,180,180,0,0,0,0,0,15,2,2,3,2,2,2,2,180,39,38,43,10,14,36,2,69,20,12.899999618530273,41,2,0.3,0,15,165,0.0,0.0,0.011111111111111112,0.0
26224,270,0,191,191,0,0,0,0,0,16,3,2,2,2,3,2,2,191,28,42,44,26,16,35,8,82,19,14.600000381469727,34,2,0.32,0,16,175,0.0,0.0,0.041884816753926704,0.0
26256,271,0,201,201,0,0,0,0,0,15,2,1,3,2,2,3,2,201,33,48,44,32,12,32,16,67,19,12.699999809265137,38,2,0.3,0,16,185,0.0,0.0,0.07960199004975124,0.0
26380,272,0,170,170,0,0,0,0,0,15,2,2,3,2,3,2,1,170,20,42,41,22,15,30,2,98,20,15.800000190734863,17,2,0.3,0,16,154,0.0,0.0,0.011764705882352941,0.0
26656,273,0,100,100,0,0,0,0,0,10,1,2,1,2,2,0,2,100,18,18,22,14,9,19,8,40,20,8.0,40,1,0.2,0,11,89,0.0,0.0,0.08,0.0
26740,274,0,129,129,0,0,0,0,0,12,2,2,2,1,2,1,2,129,29,28,22,13,11,26,2,71,19,11.90000057220459,37,2,0.24,0,13,116,0.0,0.0,0.015503875968992248,0.0
26788,275,0,238,238,0,0,0,0,0,16,2,1,3,3,2,2,3,238,42,48,59,27,14,48,10,65,20,12.899999618530273,40,1,0.32,0,16,222,0.0,0.0,0.04201680672268908,0.0
27152,276,0,193,193,0,0,0,0,0,15,2,2,2,2,2,2,3,193,34,40,40,17,12,50,3,31,20,9.100000381469727,44,2,0.3,0,16,177,0.0,0.0,0.015544041450777202,0.0
27240,277,0,125,125,0,0,0,0,0,14,2,2,2,3,1,2,2,125,20,22,19,13,13,38,3,65,20,12.100000381469727,38,2,0.28,0,15,110,0.0,0.0,0.024,0.0
27408,278,0,188,188,0,0,0,0,0,17,3,2,3,3,2,1,3,188,31,35,39,24,16,43,9,64,20,13.200000762939453,34,2,0.34,0,18,170,0.0,0.0,0.047872340425531915,0.0
27428,279,0,160,160,0,0,0,0,0,19,2,3,3,3,3,3,2,160,30,39,26,19,17,29,7,68,20,14.40000057220459,29,2,0.38,0,20,140,0.0,0.0,0.04375,0.0
27540,280,0,97,97,0,0,0,0,0,14,2,1,2,2,2,3,2,97,17,20,13,14,13,20,2,78,20,13.40000057220459,26,0,0.28,0,15,82,0.0,0.0,0.020618556701030927,0.0
27784,281,0,94,94,0,0,0,0,0,12,2,1,2,2,2,2,1,94,19,21,20,10,10,14,2,35,20,8.300000190734863,42,2,0.24,0,13,81,0.0,0.0,0.02127659574468085,0.0
28068,282,0,207,207,0,0,0,0,0,18,2,3,2,3,3,2,3,207,34,44,46,21,17,45,9,63,20,13.5,36,3,0.36,0,19,188,0.0,0.0,0.043478260869565216,0.0
28288,283,0,215,215,0,0,0,0,0,14,2,2,2,2,2,2,2,215,34,51,49,27,12,42,8,84,20,14.0,25,2,0.28,0,15,200,0.0,0.0,0.037209302325581395,0.0
28372,284,0,208,208,0,0,0,0,0,17,2,3,2,3,3,2,2,208,34,54,32,22,15,51,6,65,20,13.300000190734863,28,1,0.34,0,18,190,0.0,0.0,0.028846153846153848,0.0
28388,285,0,151,151,0,0,0,0,0,14,2,2,2,2,2,2,2,151,23,36,43,14,14,21,10,54,20,11.0,47,3,0.28,0,15,136,0.0,0.0,0.06622516556291391,0.0
28776,286,0,97,97,0,0,0,0,0,13,2,2,2,2,2,2,1,97,19,14,18,14,12,20,1,60,20,11.199999809265137,40,1,0.26,0,14,83,0.0,0.0,0.010309278350515464,0.0
28816,287,0,187,187,0,0,0,0,0,16,2,3,1,3,2,3,2,187,36,41,34,16,16,44,11,46,19,11.0,28,1,0.32,0,16,171,0.0,0.0,0.058823529411764705,0.0
28876,288,0,147,147,0,0,0,0,0,11,2,0,2,2,1,2,2,147,31,27,29,11,11,38,2,44,19,8.800000190734863,46,3,0.22,0,11,136,0.0,0.0,0.013605442176870748,0.0
28988,289,0,154,154,0,0,0,0,0,15,2,2,3,2,2,2,2,154,28,22,29,11,15,49,5,56,20,11.59999942779541,38,1,0.3,0,16,138,0.0,0.0,0.032467532467532464,0.0
29096,290,0,80,80,0,0,0,0,0,13,2,2,1,2,2,2,2,80,18,15,18,4,13,12,3,61,19,11.300000190734863,28,2,0.26,0,14,66,0.0,0.0,0.0375,0.0
29380,291,0,98,98,0,0,0,0,0,14,2,2,3,2,2,1,2,98,23,16,24,8,14,13,0,85,20,14.09999942779541,30,2,0.28,0,15,83,0.0,0.0,0.0,0.0
29420,292,0,136,136,0,0,0,0,0,14,2,2,2,1,2,3,2,136,31,26,23,14,12,30,4,51,20,10.700000762939453,37,1,0.28,0,15,121,0.0,0.0,0.029411764705882353,0.0
29508,293,0,173,173,0,0,0,0,0,13,2,2,2,1,2,2,2,173,43,35,29,20,11,35,3,44,20,9.59999942779541,39,3,0.26,0,14,159,0.0,0.0,0.017341040462427744,0.0
29796,294,0,72,72,0,0,0,0,0,9,1,2,2,2,0,1,1,72,12,13,13,16,8,10,0,37,20,7.300000190734863,40,0,0.18,0,10,62,0.0,0.0,0.0,0.0
29820,295,0,181,181,0,0,0,0,0,17,2,3,2,3,2,3,2,181,18,48,36,22,16,41,1,54,20,12.200000762939453,34,2,0.34,0,18,163,0.0,0.0,0.0055248618784530384,0.0
29992,296,0,153,153,0,0,0,0,0,16,2,3,3,3,2,2,1,153,22,34,35,19,14,29,1,66,19,13.0,27,2,0.32,0,17,136,0.0,0.0,0.006535947712418301,0.0
30104,297,0,171,171,0,0,0,0,0,15,3,2,2,2,2,2,2,171,22,38,33,23,14,41,2,77,20,13.699999809265137,19,1,0.3,0,16,155,0.0,0.0,0.011695906432748537,0.0
30488,298,0,167,167,0,0,0,0,0,17,3,2,3,3,2,2,2,167,29,39,37,13,16,33,5,61,20,12.899999618530273,36,2,0.34,0,18,149,0.0,0.0,0.029940119760479042,0.0
30500,299,0,176,176,0,0,0,0,0,15,2,2,2,2,2,2,3,176,33,40,40,20,14,29,10,57,20,11.699999809265137,37,2,0.3,0,16,160,0.0,0.0,0.056818181818181816,0.0
30596,300,0,123,123,0,0,0,0,0,13,2,2,1,2,2,2,2,123,14,35,27,9,13,25,0,39,19,9.100000381469727,37,1,0.26,0,14,109,0.0,0.0,0.0,0.0
30780,301,0,197,197,0,0,0,0,0,12,2,2,2,2,1,1,2,197,27,40,38,32,11,49,6,40,19,8.800000190734863,40,2,0.24,0,13,184,0.0,0.0,0.030456852791878174,0.0
30888,302,0,97,97,0,0,0,0,0,10,2,2,1,1,0,2,2,97,12,19,18,12,9,27,0,37,20,7.699999809265137,40,0,0.2,0,11,86,0.0,0.0,0.0,0.0
30920,303,0,81,81,0,0,0,0,0,13,2,2,1,2,2,2,2,81,6,20,17,16,12,10,1,62,20,11.399999618530273,40,1,0.26,0,13,68,0.0,0.0,0.012345679012345678,0.0
31224,304,0,184,184,0,0,0,0,0,14,1,2,2,3,2,2,2,184,35,44,44,18,14,29,4,67,19,12.300000190734863,37,2,0.28,0,15,169,0.0,0.0,0.021739130434782608,0.0
31336,305,0,112,112,0,0,0,0,0,12,1,2,2,2,2,2,1,112,22,19,16,13,11,31,6,43,20,9.100000381469727,41,3,0.24,0,12,100,0.0,0.0,0.05357142857142857,0.0
31556,306,0,194,194,0,0,0,0,0,17,2,2,3,3,2,2,3,194,41,40,35,30,14,34,6,70,20,13.800000190734863,46,3,0.34,0,18,176,0.0,0.0,0.030927835051546393,0.0
31744,307,0,206,206,0,0,0,0,0,16,3,3,2,2,2,3,1,206,34,41,49,25,15,42,9,67,20,13.09999942779541,42,3,0.32,0,17,189,0.0,0.0,0.043689320388349516,0.0
31836,308,0,125,125,0,0,0,0,0,12,2,1,2,2,2,2,1,125,28,20,23,19,11,24,0,44,20,9.199999809265137,40,1,0.24,0,13,112,0.0,0.0,0.0,0.0
32036,309,0,203,203,0,0,0,0,0,19,3,3,3,2,3,3,2,203,40,53,36,10,18,46,8,62,20,13.800000190734863,25,2,0.38,0,19,184,0.0,0.0,0.03940886699507389,0.0
32140,310,0,146,146,0,0,0,0,0,15,2,2,2,2,1,3,3,146,32,26,29,22,14,23,9,83,20,14.299999237060547,26,1,0.3,0,16,130,0.0,0.0,0.06164383561643835,0.0
32260,311,0,129,129,0,0,0,0,0,14,1,2,3,2,2,2,2,129,20,23,24,22,14,26,4,28,19,8.399999618530273,39,1,0.28,0,14,115,0.0,0.0,0.031007751937984496,0.0
32592,312,0,83,83,0,0,0,0,0,12,2,2,1,2,1,2,2,83,12,14,16,10,11,20,0,65,19,11.300000190734863,38,2,0.24,0,13,70,0.0,0.0,0.0,0.0
32828,313,0,172,172,0,0,0,0,0,15,2,2,3,3,2,2,1,172,24,44,35,19,13,37,7,57,20,11.699999809265137,40,2,0.3,0,16,156,0.0,0.0,0.040697674418604654,0.0
32948,314,0,278,278,0,0,0,0,0,20,3,3,3,3,2,3,3,278,56,50,55,48,15,54,27,62,20,14.199999809265137,31,2,0.4,0,21,257,0.0,0.0,0.09712230215827339,0.0
32984,315,0,98,98,0,0,0,0,0,12,1,2,2,2,2,1,2,98,20,19,26,10,11,12,1,72,20,12.0,28,0,0.24,0,13,85,0.0,0.0,0.01020408163265306,0.0
33168,316,0,283,283,0,0,0,0,0,20,3,2,3,3,3,3,3,283,39,55,63,31,14,81,22,78,20,15.800000190734863,21,2,0.4,0,21,262,0.0,0.0,0.07773851590106007,0.0
33400,317,0,104,104,0,0,0,0,0,13,2,2,1,2,2,2,2,104,14,23,20,13,11,23,1,31,20,8.300000190734863,40,0,0.26,0,14,90,0.0,0.0,0.009615384615384616,0.0
33908,318,0,270,270,0,0,0,0,0,16,3,3,2,2,2,2,2,270,45,49,56,45,15,60,13,38,20,10.199999809265137,30,2,0.32,0,17,253,0.0,0.0,0.04814814814814815,0.0
33936,319,0,247,247,0,0,0,0,0,14,2,1,2,2,2,3,2,247,39,48,45,29,13,73,25,67,19,12.300000190734863,38,2,0.28,0,15,232,0.0,0.0,0.10121457489878542,0.0
34092,320,0,231,231,0,0,0,0,0,16,2,2,2,3,3,2,2,231,31,52,56,30,12,50,10,67,20,13.09999942779541,37,3,0.32,0,16,215,0.0,0.0,0.04329004329004329,0.0
34672,321,0,191,191,0,0,0,0,0,14,2,1,2,2,2,2,3,191,31,41,50,18,12,39,9,55,20,11.100000381469727,29,2,0.28,0,15,176,0.0,0.0,0.04712041884816754,0.0
34736,322,0,161,161,0,0,0,0,0,12,2,1,2,1,2,2,2,161,24,36,34,26,9,32,1,41,20,8.899999618530273,41,2,0.24,0,13,148,0.0,0.0,0.006211180124223602,0.0
34896,323,0,240,240,0,0,0,0,0,12,2,1,1,2,2,2,2,240,40,48,68,25,10,49,22,30,19,7.799999713897705,42,3,0.24,0,12,228,0.0,0.0,0.09166666666666666,0.0
35244,324,0,461,461,0,0,0,0,0,19,3,3,2,3,3,2,3,461,77,83,121,55,13,112,66,66,19,14.199999809265137,24,2,0.38,0,20,441,0.0,0.0,0.14316702819956617,0.0
35332,325,0,165,165,0,0,0,0,0,14,2,2,3,2,2,1,2,165,29,37,31,22,13,33,0,55,20,11.100000381469727,38,1,0.28,0,15,150,0.0,0.0,0.0,0.0
35524,326,0,197,197,0,0,0,0,0,14,2,2,3,2,2,2,1,197,33,52,38,23,13,38,11,26,19,8.199999809265137,36,2,0.28,0,15,182,0.0,0.0,0.05583756345177665,0.0
35772,327,0,219,219,0,0,0,0,0,16,2,2,1,2,3,3,3,219,37,63,39,22,16,42,22,80,19,14.40000057220459,28,2,0.32,0,17,202,0.0,0.0,0.1004566210045662,0.0
36048,328,0,201,201,0,0,0,0,0,13,2,2,2,2,2,2,1,201,27,34,50,29,11,50,15,52,19,10.399999618530273,31,1,0.26,0,14,187,0.0,0.0,0.07462686567164178,0.0
36348,329,0,254,254,0,0,0,0,0,17,3,3,3,1,2,3,2,254,39,64,45,28,15,63,17,60,20,12.799999237060547,26,0,0.34,0,17,237,0.0,0.0,0.06692913385826772,0.0
36356,330,0,146,146,0,0,0,0,0,12,1,2,2,2,1,2,2,146,24,33,20,18,11,40,7,41,19,8.899999618530273,37,2,0.24,0,13,133,0.0,0.0,0.04794520547945205,0.0
36624,331,0,275,275,0,0,0,0,0,16,2,3,3,2,2,2,2,275,44,50,62,36,15,68,13,57,19,12.100000381469727,33,2,0.32,0,17,258,0.0,0.0,0.04727272727272727,0.0
36716,332,0,167,167,0,0,0,0,0,14,2,3,2,2,1,2,2,167,28,37,34,19,12,37,13,97,20,15.299999237060547,28,2,0.28,0,15,152,0.0,0.0,0.07784431137724551,0.0
36912,333,0,139,139,0,0,0,0,0,12,2,1,1,2,2,2,2,139,24,21,31,15,12,36,2,50,19,9.800000190734863,29,1,0.24,0,13,126,0.0,0.0,0.014388489208633094,0.0
37352,334,0,251,251,0,0,0,0,0,19,2,3,3,3,3,2,3,251,46,38,64,30,17,56,6,41,19,11.699999809265137,31,2,0.38,0,20,231,0.0,0.0,0.02390438247011952,0.0
37400,335,0,194,194,0,0,0,0,0,12,1,2,2,2,2,2,1,194,37,30,34,25,12,56,2,90,19,13.800000190734863,38,2,0.24,0,13,181,0.0,0.0,0.010309278350515464,0.0
37520,336,0,201,201,0,0,0,0,0,17,2,3,2,1,3,3,3,201,31,37,36,34,15,48,15,47,20,11.5,37,2,0.34,0,18,183,0.0,0.0,0.07462686567164178,0.0
37664,337,0,188,188,0,0,0,0,0,18,2,2,3,3,2,3,3,188,33,47,37,12,16,43,11,62,20,13.40000057220459,25,0,0.36,0,19,169,0.0,0.0,0.05851063829787234,0.0
38004,338,0,151,151,0,0,0,0,0,15,3,2,2,2,3,2,1,151,35,26,23,20,15,32,9,61,19,12.100000381469727,35,2,0.3,0,15,136,0.0,0.0,0.059602649006622516,0.0
38148,339,0,121,121,0,0,0,0,0,9,1,1,2,1,1,1,2,121,27,28,27,12,7,20,1,37,19,7.300000190734863,38,0,0.18,0,10,111,0.0,0.0,0.008264462809917356,0.0
38212,340,0,215,215,0,0,0,0,0,16,3,1,2,3,2,2,3,215,29,41,58,22,16,49,13,78,19,14.199999809265137,28,1,0.32,0,17,198,0.0,0.0,0.06046511627906977,0.0
38216,341,0,174,174,0,0,0,0,0,12,2,2,2,1,2,2,1,174,26,33,41,19,9,46,15,70,20,11.799999237060547,22,0,0.24,0,13,161,0.0,0.0,0.08620689655172414,0.0
38756,342,0,136,136,0,0,0,0,0,12,2,2,1,2,1,2,2,136,24,30,24,15,10,33,9,68,19,11.59999942779541,29,1,0.24,0,13,123,0.0,0.0,0.0661764705882353,0.0
38868,343,0,180,180,0,0,0,0,0,14,2,2,1,2,3,2,2,180,49,39,27,15,11,39,12,104,19,16.0,22,2,0.28,0,15,165,0.0,0.0,0.06666666666666667,0.0
39012,344,0,199,199,0,0,0,0,0,14,2,2,2,2,2,2,2,199,33,35,49,23,12,47,13,64,19,12.0,30,2,0.28,0,15,184,0.0,0.0,0.06532663316582915,0.0
39032,345,0,257,257,0,0,0,0,0,18,3,3,2,3,2,2,3,257,37,57,70,22,15,56,13,52,20,12.5,39,2,0.36,0,19,238,0.0,0.0,0.05058365758754864,0.0
39672,346,0,165,165,0,0,0,0,0,17,3,2,2,2,3,3,2,165,20,25,33,20,16,51,1,67,20,13.5,36,3,0.34,0,18,147,0.0,0.0,0.006060606060606061,0.0
39784,347,0,257,257,0,0,0,0,0,18,3,3,3,3,1,2,3,257,55,56,50,23,18,55,30,64,19,13.600000381469727,36,3,0.36,0,19,238,0.0,0.0,0.11673151750972763,0.0
40140,348,0,117,117,0,0,0,0,0,14,1,2,2,2,2,3,2,117,17,24,23,22,12,19,10,44,20,10.0,40,2,0.28,0,15,102,0.0,0.0,0.08547008547008547,0.0
40156,349,0,322,322,0,0,0,0,0,19,2,3,3,3,2,3,3,322,45,61,75,45,16,80,12,55,20,13.09999942779541,34,2,0.38,0,20,302,0.0,0.0,0.037267080745341616,0.0
40180,350,0,99,99,0,0,0,0,0,12,2,2,1,2,1,2,2,99,10,20,20,9,12,28,2,37,19,8.5,37,0,0.24,0,13,86,0.0,0.0,0.020202020202020204,0.0
40384,351,0,338,338,0,0,0,0,0,18,2,3,3,2,2,3,3,338,80,55,86,39,16,62,25,55,20,12.699999809265137,32,1,0.36,0,19,319,0.0,0.0,0.07396449704142012,0.0
40816,352,0,169,169,0,0,0,0,0,13,2,2,1,2,2,2,2,169,27,35,39,27,11,30,5,79,19,13.09999942779541,34,3,0.26,0,14,155,0.0,0.0,0.029585798816568046,0.0
40920,353,0,191,191,0,0,0,0,0,15,2,2,1,2,2,3,3,191,33,38,48,19,13,40,6,55,20,11.5,34,2,0.3,0,16,175,0.0,0.0,0.031413612565445025,0.0
41240,354,0,265,265,0,0,0,0,0,19,3,3,3,2,3,3,2,265,39,66,64,19,16,61,35,75,20,15.100000381469727,15,1,0.38,0,19,246,0.0,0.0,0.1320754716981132,0.0
41392,355,0,144,144,0,0,0,0,0,15,1,2,2,2,2,3,3,144,18,31,30,17,14,34,2,46,19,10.59999942779541,38,3,0.3,0,16,128,0.0,0.0,0.013888888888888888,0.0
41740,356,0,205,205,0,0,0,0,0,17,3,2,1,3,2,3,3,205,24,51,55,18,15,42,5,63,20,13.09999942779541,32,2,0.34,0,18,187,0.0,0.0,0.024390243902439025,0.0
41832,357,0,362,362,0,0,0,0,0,18,2,1,3,3,3,3,3,362,52,89,75,36,13,97,18,74,20,14.600000381469727,31,3,0.36,0,19,343,0.0,0.0,0.049723756906077346,0.0
42516,358,0,171,171,0,0,0,0,0,12,2,2,2,2,1,2,1,171,26,41,34,13,11,46,7,50,19,9.800000190734863,38,1,0.24,0,13,158,0.0,0.0,0.04093567251461988,0.0
42796,359,0,264,264,0,0,0,0,0,17,2,2,2,3,3,3,2,264,42,67,66,24,13,52,15,69,20,13.699999809265137,29,1,0.34,0,18,246,0.0,0.0,0.056818181818181816,0.0
42820,360,0,395,395,0,0,0,0,0,23,4,3,4,2,4,3,3,395,73,103,84,43,18,74,40,67,20,15.90000057220459,24,2,0.46,0,24,371,0.0,0.0,0.10126582278481013,0.0
43344,361,0,207,207,0,0,0,0,0,14,2,2,2,2,2,1,3,207,38,47,52,18,13,39,4,54,20,11.0,40,1,0.28,0,15,192,0.0,0.0,0.01932367149758454,0.0
43452,362,0,164,164,0,0,0,0,0,15,3,2,2,2,3,1,2,164,24,33,33,21,14,39,2,73,20,13.300000190734863,46,2,0.3,0,16,148,0.0,0.0,0.012195121951219513,0.0
43640,363,0,562,562,0,0,0,0,0,19,3,2,2,3,3,3,3,562,89,143,138,55,15,122,39,46,19,12.200000762939453,34,2,0.38,0,20,542,0.0,0.0,0.0693950177935943,0.0
44088,364,0,317,317,0,0,0,0,0,15,2,2,1,2,3,2,3,317,63,55,63,35,12,89,14,58,20,11.90000057220459,40,2,0.3,0,16,301,0.0,0.0,0.04416403785488959,0.0
44252,365,0,200,200,0,0,0,0,0,13,2,2,2,1,2,2,2,200,31,47,47,26,11,38,3,60,19,11.199999809265137,33,1,0.26,0,14,186,0.0,0.0,0.015,0.0
44272,366,0,232,232,0,0,0,0,0,15,2,2,3,2,2,2,2,232,32,52,50,30,14,54,10,48,20,10.800000190734863,37,1,0.3,0,16,216,0.0,0.0,0.04310344827586207,0.0
45156,367,0,379,379,0,0,0,0,0,18,2,3,3,3,3,3,1,379,59,105,76,40,10,89,17,67,19,13.899999618530273,27,2,0.36,0,18,361,0.0,0.0,0.044854881266490766,0.0
45172,368,0,225,225,0,0,0,0,0,16,2,2,1,3,2,3,3,225,51,54,60,12,13,35,27,93,20,15.700000762939453,24,2,0.32,0,17,208,0.0,0.0,0.12,0.0
45272,369,0,296,296,0,0,0,0,0,15,1,2,3,2,2,2,3,296,53,62,70,24,12,75,15,62,19,12.200000762939453,21,0,0.3,0,16,280,0.0,0.0,0.05067567567567568,0.0
45368,370,0,279,279,0,0,0,0,0,17,2,2,2,3,2,3,3,279,47,47,76,23,13,73,15,51,20,11.90000057220459,39,3,0.34,0,18,261,0.0,0.0,0.053763440860215055,0.0
45872,371,0,175,175,0,0,0,0,0,15,3,2,2,2,3,2,1,175,27,36,36,29,12,35,1,64,20,12.399999618530273,33,0,0.3,0,16,159,0.0,0.0,0.005714285714285714,0.0
46140,372,0,246,246,0,0,0,0,0,14,2,2,2,2,2,2,2,246,52,43,57,16,13,65,4,55,20,11.100000381469727,28,1,0.28,0,15,231,0.0,0.0,0.016260162601626018,0.0
46464,373,0,274,274,0,0,0,0,0,14,2,2,2,2,1,3,2,274,57,58,77,20,13,49,11,55,20,11.100000381469727,31,0,0.28,0,15,259,0.0,0.0,0.040145985401459854,0.0
46496,374,0,306,306,0,0,0,0,0,18,3,2,2,3,2,3,3,306,55,61,71,34,16,69,17,61,20,13.300000190734863,30,1,0.36,0,19,287,0.0,0.0,0.05555555555555555,0.0
47156,375,0,173,173,0,0,0,0,0,15,2,2,2,2,2,3,2,173,36,29,44,23,15,26,6,69,20,12.899999618530273,30,2,0.3,0,15,158,0.0,0.0,0.03468208092485549,0.0
47252,376,0,278,278,0,0,0,0,0,15,1,2,2,2,2,3,3,278,47,61,75,30,13,52,23,45,19,10.5,38,2,0.3,0,16,262,0.0,0.0,0.08273381294964029,0.0
47280,377,0,352,352,0,0,0,0,0,18,3,3,2,3,2,2,3,352,63,77,91,31,16,74,22,47,20,11.90000057220459,29,2,0.36,0,19,333,0.0,0.0,0.0625,0.0
48120,378,0,406,406,0,0,0,0,0,20,3,3,3,3,2,3,3,406,62,86,108,30,16,104,29,49,19,12.899999618530273,22,2,0.4,0,21,385,0.0,0.0,0.07142857142857142,0.0
48568,379,0,329,329,0,0,0,0,0,17,3,2,3,2,3,2,2,329,38,68,88,27,14,94,20,61,20,12.899999618530273,33,2,0.34,0,18,311,0.0,0.0,0.060790273556231005,0.0
48756,380,0,369,369,0,0,0,0,0,20,3,3,2,3,3,3,3,369,59,76,101,32,14,87,50,72,20,15.199999809265137,32,3,0.4,0,21,348,0.0,0.0,0.13550135501355012,0.0
49108,381,0,488,488,0,0,0,0,0,22,3,4,3,4,3,3,2,488,82,103,131,41,18,113,50,58,20,14.600000381469727,23,3,0.44,0,23,465,0.0,0.0,0.10245901639344263,0.0
49220,382,0,163,163,0,0,0,0,0,14,2,3,2,1,2,2,2,163,25,35,41,15,12,35,10,55,20,11.100000381469727,39,1,0.28,0,15,148,0.0,0.0,0.06134969325153374,0.0
49664,383,0,227,227,0,0,0,0,0,12,2,1,2,1,2,2,2,227,36,37,54,19,10,71,16,61,19,10.90000057220459,30,0,0.24,0,13,214,0.0,0.0,0.07048458149779736,0.0
49812,384,0,423,423,0,0,0,0,0,19,3,3,2,3,3,2,3,423,67,113,112,31,16,84,54,64,20,14.0,24,1,0.38,0,20,403,0.0,0.0,0.1276595744680851,0.0
50108,385,0,222,222,0,0,0,0,0,16,2,2,3,3,3,1,2,222,43,46,45,19,15,54,3,39,19,10.299999237060547,35,1,0.32,0,17,205,0.0,0.0,0.013513513513513514,0.0
50556,386,0,362,362,0,0,0,0,0,16,3,2,2,3,2,2,2,362,58,90,98,28,14,74,18,71,19,13.5,29,2,0.32,0,17,345,0.0,0.0,0.049723756906077346,0.0
50656,387,0,211,211,0,0,0,0,0,14,3,2,2,1,2,2,2,211,24,54,55,18,12,48,11,68,20,12.399999618530273,25,2,0.28,0,14,197,0.0,0.0,0.052132701421800945,0.0
50916,388,0,313,313,0,0,0,0,0,14,2,2,2,2,2,2,2,313,58,67,74,28,11,75,12,56,20,11.199999809265137,40,2,0.28,0,15,298,0.0,0.0,0.038338658146964855,0.0
51408,389,0,325,325,0,0,0,0,0,15,2,2,1,3,3,2,2,325,54,81,73,37,11,69,27,72,20,13.200000762939453,21,0,0.3,0,16,309,0.0,0.0,0.08307692307692308,0.0
51732,390,0,204,204,0,0,0,0,0,14,1,2,3,2,2,2,2,204,30,60,51,18,12,33,22,88,20,14.40000057220459,22,0,0.28,0,15,189,0.0,0.0,0.10784313725490197,0.0
51812,391,0,289,289,0,0,0,0,0,16,2,2,3,2,2,2,3,289,57,63,72,24,14,59,21,58,20,12.300000190734863,36,3,0.32,0,16,273,0.0,0.0,0.0726643598615917,0.0
52076,392,0,380,380,0,0,0,0,0,19,3,3,3,2,3,2,3,380,76,91,87,34,18,74,24,58,20,13.40000057220459,35,2,0.38,0,20,360,0.0,0.0,0.06315789473684211,0.0
52536,393,0,282,282,0,0,0,0,0,16,2,2,3,3,2,2,2,282,52,48,68,17,12,85,28,63,20,12.699999809265137,25,2,0.32,0,16,266,0.0,0.0,0.09929078014184398,0.0
52636,394,0,140,140,0,0,0,0,0,13,2,2,2,2,2,2,1,140,19,22,37,11,12,39,3,79,19,13.09999942779541,26,1,0.26,0,14,126,0.0,0.0,0.02142857142857143,0.0
53012,395,0,300,300,0,0,0,0,0,15,2,2,3,2,2,2,2,300,56,78,87,19,10,50,37,73,20,13.300000190734863,45,3,0.3,0,16,284,0.0,0.0,0.12333333333333334,0.0
53584,396,0,463,463,0,0,0,0,0,18,3,3,3,1,2,3,3,463,64,111,124,42,14,108,35,45,19,11.699999809265137,27,1,0.36,0,19,444,0.0,0.0,0.0755939524838013,0.0
53900,397,0,316,316,0,0,0,0,0,16,2,3,2,3,2,1,3,316,53,64,87,28,13,71,19,69,19,13.300000190734863,21,2,0.32,0,17,299,0.0,0.0,0.060126582278481014,0.0
54344,398,0,452,452,0,0,0,0,0,24,3,4,3,4,3,3,4,452,74,119,115,32,21,91,15,71,20,16.69999885559082,27,2,0.48,0,25,427,0.0,0.0,0.033185840707964605,0.0
54492,399,0,227,227,0,0,0,0,0,12,1,1,2,2,2,2,2,227,36,49,59,27,10,46,17,58,19,10.700000762939453,28,1,0.24,0,13,214,0.0,0.0,0.07488986784140969,0.0
54960,400,0,487,487,0,0,0,0,0,23,4,3,4,3,3,4,2,487,87,118,118,53,17,94,51,80,20,17.200000762939453,11,1,0.46,0,24,463,0.0,0.0,0.10472279260780287,0.0
54996,401,0,274,274,0,0,0,0,0,16,3,3,1,2,2,2,3,274,55,63,67,20,14,55,17,77,19,14.09999942779541,36,2,0.32,0,17,257,0.0,0.0,0.06204379562043796,0.0
55264,402,0,230,230,0,0,0,0,0,13,2,2,2,2,1,2,2,230,43,59,45,23,12,48,4,60,19,11.199999809265137,38,1,0.26,0,14,216,0.0,0.0,0.017391304347826087,0.0
55980,403,0,255,255,0,0,0,0,0,16,3,1,2,3,2,2,3,255,44,71,52,29,14,45,13,62,19,12.600000381469727,31,2,0.32,0,17,238,0.0,0.0,0.050980392156862744,0.0
56076,404,0,396,396,0,0,0,0,0,18,3,2,2,3,3,3,2,396,79,83,105,36,16,77,43,72,19,14.40000057220459,17,1,0.36,0,18,378,0.0,0.0,0.10858585858585859,0.0
56180,405,0,296,296,0,0,0,0,0,16,3,2,2,2,3,2,2,296,50,83,57,33,13,60,19,58,19,12.300000190734863,33,2,0.32,0,17,279,0.0,0.0,0.06418918918918919,0.0
56464,406,0,300,300,0,0,0,0,0,17,2,2,3,3,3,2,2,300,50,63,85,25,13,64,24,65,20,13.300000190734863,21,1,0.34,0,18,282,0.0,0.0,0.08,0.0
57200,407,0,184,184,0,0,0,0,0,13,2,2,2,1,2,2,2,184,37,42,36,15,11,43,8,76,19,12.799999237060547,27,1,0.26,0,14,170,0.0,0.0,0.043478260869565216,0.0
57220,408,0,286,286,0,0,0,0,0,12,2,1,2,1,2,2,2,286,51,58,83,37,9,48,39,25,19,7.300000190734863,42,2,0.24,0,13,273,0.0,0.0,0.13636363636363635,0.0
57420,409,0,360,360,0,0,0,0,0,20,3,3,2,3,3,3,3,360,62,72,86,29,18,93,14,48,20,12.799999237060547,32,3,0.4,0,21,339,0.0,0.0,0.03888888888888889,0.0
57744,410,0,391,391,0,0,0,0,0,20,3,3,3,2,3,3,3,391,87,86,102,31,14,71,64,94,20,17.399999618530273,19,3,0.4,0,21,370,0.0,0.0,0.1636828644501279,0.0
58472,411,0,313,313,0,0,0,0,0,15,3,1,2,2,2,2,3,313,35,69,81,34,11,83,9,25,20,8.5,41,2,0.3,0,16,297,0.0,0.0,0.02875399361022364,0.0
58952,412,0,438,438,0,0,0,0,0,19,3,3,3,3,2,2,3,438,79,93,107,39,17,103,28,57,20,13.300000190734863,37,3,0.38,0,20,418,0.0,0.0,0.0639269406392694,0.0
58972,413,0,388,388,0,0,0,0,0,18,3,2,3,3,3,2,2,388,45,93,97,35,14,104,22,51,20,12.300000190734863,35,1,0.36,0,19,369,0.0,0.0,0.05670103092783505,0.0
59244,414,0,375,375,0,0,0,0,0,19,3,1,3,3,3,3,3,375,64,69,123,30,16,73,59,81,20,15.700000762939453,27,3,0.38,0,20,355,0.0,0.0,0.15733333333333333,0.0
59688,415,0,111,111,0,0,0,0,0,10,1,2,2,2,1,0,2,111,20,15,22,19,8,27,1,39,20,7.900000095367432,44,0,0.2,0,11,100,0.0,0.0,0.009009009009009009,0.0
59916,416,0,361,361,0,0,0,0,0,19,3,1,3,3,3,3,3,361,62,71,85,37,18,88,42,58,20,13.5,23,0,0.38,0,20,341,0.0,0.0,0.11634349030470914,0.0
59984,417,0,258,258,0,0,0,0,0,15,2,2,3,2,2,2,2,258,30,71,70,29,11,47,10,93,19,15.299999237060547,18,1,0.3,0,16,242,0.0,0.0,0.03875968992248062,0.0
61072,418,0,289,289,0,0,0,0,0,13,2,2,2,2,2,2,1,289,49,67,68,35,8,62,6,36,20,8.800000190734863,40,2,0.26,0,14,275,0.0,0.0,0.020761245674740483,0.0
61200,419,0,557,557,0,0,0,0,0,18,2,3,1,3,3,3,3,557,84,129,149,43,14,138,23,62,19,13.40000057220459,39,3,0.36,0,19,538,0.0,0.0,0.04129263913824058,0.0
61732,420,0,511,511,0,0,0,0,0,19,2,2,3,3,3,3,3,511,64,138,136,39,14,120,27,70,19,14.600000381469727,26,1,0.38,0,20,491,0.0,0.0,0.05283757338551859,0.0
62040,421,0,514,514,0,0,0,0,0,19,3,3,3,2,3,2,3,514,80,117,136,40,15,126,46,70,19,14.600000381469727,25,2,0.38,0,20,494,0.0,0.0,0.08949416342412451,0.0
62124,422,0,263,263,0,0,0,0,0,14,2,2,2,2,1,2,3,263,38,58,72,30,10,55,29,41,20,9.700000762939453,41,2,0.28,0,15,248,0.0,0.0,0.11026615969581749,0.0
62684,423,0,371,371,0,0,0,0,0,18,2,2,3,2,3,3,3,371,65,82,95,34,16,79,23,40,19,11.199999809265137,33,2,0.36,0,19,352,0.0,0.0,0.06199460916442048,0.0
62968,424,0,309,309,0,0,0,0,0,15,2,3,2,2,2,2,2,309,43,62,83,23,11,87,21,66,19,12.600000381469727,39,3,0.3,0,16,293,0.0,0.0,0.06796116504854369,0.0
63364,425,0,310,310,0,0,0,0,0,15,1,3,2,2,2,3,2,310,38,74,79,29,11,79,12,45,20,10.5,35,1,0.3,0,16,294,0.0,0.0,0.03870967741935484,0.0
63396,426,0,339,339,0,0,0,0,0,14,2,2,2,2,2,3,1,339,48,86,88,25,12,80,13,51,19,10.700000762939453,48,3,0.28,0,15,324,0.0,0.0,0.038348082595870206,0.0
64008,427,0,331,331,0,0,0,0,0,20,2,3,3,3,3,3,3,331,53,77,96,33,17,55,25,65,20,14.5,28,3,0.4,0,21,310,0.0,0.0,0.0755287009063444,0.0
64588,428,0,306,306,0,0,0,0,0,15,2,2,2,3,3,2,1,306,44,62,85,28,12,75,26,60,20,12.0,25,2,0.3,0,16,290,0.0,0.0,0.08496732026143791,0.0
65032,429,0,409,409,0,0,0,0,0,21,3,3,3,4,3,2,3,409,45,108,120,30,17,89,48,65,20,14.899999618530273,24,1,0.42,0,22,387,0.0,0.0,0.11735941320293398,0.0
65456,430,0,362,362,0,0,0,0,0,14,2,3,2,2,2,1,2,362,60,79,91,37,10,85,28,42,19,9.800000190734863,38,1,0.28,0,14,348,0.0,0.0,0.07734806629834254,0.0
65540,431,0,643,643,0,0,0,0,0,20,3,3,3,3,2,3,3,643,113,141,181,50,15,143,59,56,20,13.600000381469727,40,2,0.4,0,21,622,0.0,0.0,0.09175738724727839,0.0
65724,432,0,173,173,0,0,0,0,0,15,1,2,2,3,3,2,2,173,29,33,45,17,14,35,4,58,20,11.90000057220459,35,3,0.3,0,16,157,0.0,0.0,0.023121387283236993,0.0
67072,433,0,621,621,0,0,0,0,0,20,3,3,3,3,3,2,3,621,103,144,148,55,11,160,48,54,20,13.40000057220459,29,2,0.4,0,20,601,0.0,0.0,0.07729468599033816,0.0
67180,434,0,364,364,0,0,0,0,0,15,2,2,3,1,2,3,2,364,37,110,90,26,11,90,18,56,19,11.59999942779541,29,0,0.3,0,16,348,0.0,0.0,0.04945054945054945,0.0
67576,435,0,509,509,0,0,0,0,0,16,2,2,2,2,3,2,3,509,68,129,128,54,10,120,30,62,19,12.600000381469727,22,1,0.32,0,17,492,0.0,0.0,0.05893909626719057,0.0
67612,436,0,539,539,0,0,0,0,0,23,3,4,3,2,3,4,4,539,94,135,145,37,18,110,20,75,20,16.69999885559082,19,2,0.46,0,24,515,0.0,0.0,0.03710575139146568,0.0
69348,437,0,434,434,0,0,0,0,0,20,3,3,3,3,3,3,2,434,63,108,113,33,17,100,33,91,20,17.100000381469727,11,1,0.4,0,21,413,0.0,0.0,0.07603686635944701,0.0
69932,438,0,688,688,0,0,0,0,0,22,3,2,3,4,4,3,3,688,107,168,179,57,12,165,68,74,20,16.200000762939453,34,3,0.44,0,23,665,0.0,0.0,0.09883720930232558,0.0
70028,439,0,739,739,0,0,0,0,0,22,2,4,3,3,3,3,4,739,128,163,190,57,16,185,68,64,20,15.199999809265137,25,3,0.44,0,23,716,0.0,0.0,0.09201623815967523,0.0
70536,440,0,297,297,0,0,0,0,0,18,3,2,3,3,2,2,3,297,30,78,72,21,16,80,8,81,19,15.299999237060547,25,3,0.36,0,19,278,0.0,0.0,0.026936026936026935,0.0
70652,441,0,769,769,0,0,0,0,0,19,3,3,2,3,2,3,3,769,112,193,218,73,9,164,63,55,20,13.09999942779541,24,2,0.38,0,20,749,0.0,0.0,0.08192457737321196,0.0
71160,442,0,283,283,0,0,0,0,0,15,3,1,3,2,2,2,2,283,40,67,63,28,14,71,2,40,20,10.0,42,3,0.3,0,16,267,0.0,0.0,0.007067137809187279,0.0
71832,443,0,295,295,0,0,0,0,0,17,2,3,3,2,2,3,2,295,57,67,69,22,16,64,16,73,19,14.09999942779541,34,2,0.34,0,18,277,0.0,0.0,0.05423728813559322,0.0
71944,444,0,503,503,0,0,0,0,0,20,3,3,3,3,3,2,3,503,68,124,138,37,15,121,33,61,20,14.09999942779541,30,3,0.4,0,21,482,0.0,0.0,0.06560636182902585,0.0
72196,445,0,415,415,0,0,0,0,0,17,3,3,2,2,2,3,2,415,50,111,89,43,10,112,24,54,20,12.200000762939453,35,1,0.34,0,18,397,0.0,0.0,0.05783132530120482,0.0
72936,446,0,444,444,0,0,0,0,0,19,3,3,3,2,2,3,3,444,71,144,88,27,12,102,51,89,20,16.5,24,3,0.38,0,20,424,0.0,0.0,0.11486486486486487,0.0
73552,447,40,402,402,1,1,0,0,0,19,3,3,3,2,3,3,2,402,53,107,107,32,16,87,25,60,20,12.600000381469727,34,2,0.36,1,20,382,0.05263157894736842,2.1052631578947367,0.06218905472636816,0.0
73624,448,0,448,448,0,0,0,0,0,16,2,2,3,2,2,3,2,448,66,101,127,52,9,93,35,67,20,13.09999942779541,33,4,0.32,0,17,431,0.0,0.0,0.078125,0.0
73960,449,0,441,441,0,0,0,0,0,17,2,2,3,3,2,3,2,441,59,103,122,42,11,104,34,67,20,13.5,23,2,0.34,0,18,423,0.0,0.0,0.07709750566893424,0.0
74468,450,0,383,383,0,0,0,0,0,19,3,3,3,3,1,3,3,383,57,112,102,19,16,77,50,50,20,12.600000381469727,31,1,0.38,0,20,363,0.0,0.0,0.13054830287206268,0.0
74896,451,0,336,336,0,0,0,0,0,12,2,1,2,2,2,1,2,336,72,101,91,23,11,38,33,32,19,8.0,41,0,0.24,0,13,323,0.0,0.0,0.09821428571428571,0.0
75372,452,0,437,437,0,0,0,0,0,21,2,3,4,3,3,3,3,437,58,159,116,31,15,58,61,77,20,16.100000381469727,22,2,0.42,0,22,415,0.0,0.0,0.13958810068649885,0.0
75832,453,0,341,341,0,0,0,0,0,11,2,1,2,1,2,1,2,341,53,123,77,35,7,46,34,47,19,9.100000381469727,35,1,0.22,0,12,329,0.0,0.0,0.09970674486803519,0.0
76168,454,0,552,552,0,0,0,0,0,18,3,3,2,3,3,1,3,552,120,114,153,63,8,94,52,62,19,13.40000057220459,22,1,0.36,0,19,533,0.0,0.0,0.09420289855072464,0.0
76556,455,0,415,415,0,0,0,0,0,18,3,3,2,3,3,2,2,415,64,104,135,34,13,65,51,89,20,16.100000381469727,26,2,0.36,0,19,396,0.0,0.0,0.12289156626506025,0.0
77264,456,0,473,473,0,0,0,0,0,16,2,2,1,2,3,3,3,473,76,124,169,27,11,66,43,50,20,11.399999618530273,27,3,0.32,0,17,456,0.0,0.0,0.09090909090909091,0.0
77416,457,0,396,396,0,0,0,0,0,14,2,2,2,2,2,3,1,396,64,107,127,31,8,59,35,61,20,11.699999809265137,35,2,0.28,0,15,381,0.0,0.0,0.08838383838383838,0.0
78204,458,0,235,235,0,0,0,0,0,13,2,2,2,2,2,2,1,235,39,74,68,16,11,27,13,57,20,10.90000057220459,47,2,0.26,0,14,221,0.0,0.0,0.05531914893617021,0.0
78808,459,0,563,563,0,0,0,0,0,19,2,3,3,3,2,3,3,563,86,190,152,48,11,76,65,71,20,14.700000762939453,28,2,0.38,0,20,543,0.0,0.0,0.11545293072824156,0.0
79472,460,0,826,826,0,0,0,0,0,24,3,4,4,4,3,3,3,826,162,228,246,63,17,110,62,56,19,15.199999809265137,16,2,0.48,0,25,801,0.0,0.0,0.07506053268765134,0.0
79776,461,0,393,393,0,0,0,0,0,18,3,2,3,2,3,2,3,393,59,146,104,28,12,44,41,87,20,15.90000057220459,41,4,0.36,0,18,375,0.0,0.0,0.10432569974554708,0.0
79836,462,0,605,605,0,0,0,0,0,17,3,2,2,3,2,3,2,605,119,152,185,56,9,84,78,54,19,12.200000762939453,29,2,0.34,0,18,587,0.0,0.0,0.12892561983471074,0.0
80172,463,0,175,175,0,0,0,0,0,12,2,2,2,2,2,0,2,175,28,50,54,10,10,23,3,28,20,7.599999904632568,40,0,0.24,0,13,162,0.0,0.0,0.017142857142857144,0.0
81148,464,0,328,328,0,0,0,0,0,16,2,2,3,2,3,3,1,328,59,77,109,17,13,53,47,57,19,12.100000381469727,29,3,0.32,0,17,311,0.0,0.0,0.14329268292682926,0.0
81536,465,0,682,682,0,0,0,0,0,16,3,3,2,3,1,2,2,682,122,183,192,67,7,111,38,55,19,11.90000057220459,35,1,0.32,0,16,666,0.0,0.0,0.05571847507331378,0.0
82992,466,0,705,705,0,0,0,0,0,19,3,3,3,3,1,3,3,705,121,217,201,47,11,108,58,69,19,14.5,15,1,0.38,0,20,685,0.0,0.0,0.08226950354609928,0.0
82996,467,0,805,805,0,0,0,0,0,22,4,3,3,4,2,3,3,805,142,216,246,47,11,143,93,78,20,16.600000381469727,25,2,0.44,0,23,782,0.0,0.0,0.115527950310559,0.0
83772,468,0,656,656,0,0,0,0,0,19,2,3,3,3,3,3,2,656,119,161,190,54,9,123,61,58,19,13.40000057220459,29,4,0.38,0,20,636,0.0,0.0,0.09298780487804878,0.0
84884,469,0,472,472,0,0,0,0,0,16,2,3,2,2,3,2,2,472,65,146,134,41,12,74,56,60,19,12.399999618530273,27,2,0.32,0,17,455,0.0,0.0,0.11864406779661017,0.0
85216,470,0,556,556,0,0,0,0,0,17,3,3,1,3,3,2,2,556,88,163,181,26,9,89,74,70,20,13.800000190734863,37,2,0.34,0,18,538,0.0,0.0,0.13309352517985612,0.0
85264,471,0,932,932,0,0,0,0,0,26,4,3,4,4,3,4,4,932,150,333,249,46,17,137,127,61,20,16.5,31,3,0.52,0,27,905,0.0,0.0,0.13626609442060086,0.0
85980,472,0,552,552,0,0,0,0,0,14,2,2,2,2,2,2,2,552,106,173,153,34,8,78,78,71,20,12.699999809265137,32,1,0.28,0,15,537,0.0,0.0,0.14130434782608695,0.0
86980,473,0,250,250,0,0,0,0,0,12,2,2,2,2,1,2,1,250,53,51,70,18,9,49,10,87,20,13.5,23,1,0.24,0,13,237,0.0,0.0,0.04,0.0
87120,474,0,559,559,0,0,0,0,0,19,3,2,3,3,3,3,2,559,86,174,168,34,13,84,85,105,19,18.200000762939453,15,2,0.38,0,20,539,0.0,0.0,0.1520572450805009,0.0
87196,475,0,495,495,0,0,0,0,0,18,3,3,3,1,2,3,3,495,88,103,158,36,12,98,47,73,19,14.5,20,1,0.36,0,19,476,0.0,0.0,0.09494949494949495,0.0
87440,476,0,544,544,0,0,0,0,0,13,2,2,2,2,2,1,2,544,110,144,170,41,5,74,55,77,20,12.899999618530273,31,2,0.26,0,14,530,0.0,0.0,0.10110294117647059,0.0
89272,477,0,538,538,0,0,0,0,0,20,3,3,3,2,3,3,3,538,106,163,131,33,12,93,67,91,20,17.100000381469727,20,1,0.4,0,20,518,0.0,0.0,0.12453531598513011,0.0
89572,478,0,533,533,0,0,0,0,0,17,2,3,2,2,2,3,3,533,119,128,153,46,12,75,42,82,20,15.0,18,2,0.34,0,18,515,0.0,0.0,0.07879924953095685,0.0
90332,479,0,784,784,0,0,0,0,0,20,2,3,3,3,3,3,3,784,157,238,219,34,14,122,77,70,20,15.0,16,0,0.4,0,20,764,0.0,0.0,0.09821428571428571,0.0
90624,480,0,911,911,0,0,0,0,0,21,3,2,4,3,3,3,3,911,130,340,250,54,14,123,140,40,19,12.399999618530273,34,2,0.42,0,22,889,0.0,0.0,0.15367727771679474,0.0
91436,481,0,466,466,0,0,0,0,0,15,3,2,2,3,2,2,1,466,66,173,131,20,11,65,35,74,20,13.40000057220459,30,1,0.3,0,16,450,0.0,0.0,0.07510729613733906,0.0
91572,482,0,237,237,0,0,0,0,0,13,2,2,1,2,2,2,2,237,49,44,66,19,11,48,15,54,20,10.59999942779541,36,1,0.26,0,13,224,0.0,0.0,0.06329113924050633,0.0
91668,483,0,599,599,0,0,0,0,0,20,3,2,3,3,3,3,3,599,91,175,187,40,16,90,38,54,20,13.40000057220459,27,2,0.4,0,21,578,0.0,0.0,0.06343906510851419,0.0
92700,484,0,592,592,0,0,0,0,0,15,2,2,2,2,2,3,2,592,104,130,195,57,6,100,57,39,19,9.899999618530273,32,3,0.3,0,16,576,0.0,0.0,0.09628378378378379,0.0
93080,485,0,411,411,0,0,0,0,0,20,3,3,3,3,3,3,2,411,62,127,116,37,15,54,37,66,19,14.600000381469727,36,2,0.4,0,21,390,0.0,0.0,0.09002433090024331,0.0
93152,486,0,371,371,0,0,0,0,0,17,1,3,3,3,2,3,2,371,70,130,90,17,14,50,29,69,20,13.699999809265137,24,1,0.34,0,18,353,0.0,0.0,0.07816711590296496,0.0
94192,487,0,655,655,0,0,0,0,0,18,3,3,2,2,2,3,3,655,90,193,203,34,14,121,71,66,20,13.800000190734863,41,3,0.36,0,19,636,0.0,0.0,0.1083969465648855,0.0
94588,488,0,472,472,0,0,0,0,0,16,3,2,1,3,2,3,2,472,101,76,168,33,9,85,79,63,20,12.699999809265137,22,1,0.32,0,17,455,0.0,0.0,0.1673728813559322,0.0
95072,489,0,498,498,0,0,0,0,0,17,3,3,2,2,3,2,2,498,109,110,134,33,12,100,45,38,20,10.59999942779541,35,2,0.34,0,18,480,0.0,0.0,0.09036144578313253,0.0
95416,490,0,566,566,0,0,0,0,0,16,2,3,3,2,2,2,2,566,131,103,184,45,8,95,86,52,20,11.59999942779541,31,3,0.32,0,16,550,0.0,0.0,0.1519434628975265,0.0
96612,491,0,605,605,0,0,0,0,0,15,2,2,3,3,1,2,2,605,109,147,190,32,10,117,65,46,19,10.59999942779541,34,2,0.3,0,16,589,0.0,0.0,0.10743801652892562,0.0
96984,492,0,478,478,0,0,0,0,0,19,3,2,3,3,3,3,2,478,89,119,144,28,16,82,31,58,20,13.5,23,2,0.38,0,20,458,0.0,0.0,0.06485355648535565,0.0
97928,493,0,835,835,0,0,0,0,0,18,2,3,3,2,2,3,3,835,157,211,289,41,7,130,164,77,19,14.899999618530273,36,3,0.36,0,19,816,0.0,0.0,0.19640718562874251,0.0
98008,494,0,256,256,0,0,0,0,0,15,3,2,2,1,2,2,3,256,47,97,59,15,12,26,21,89,20,14.899999618530273,24,1,0.3,0,16,240,0.0,0.0,0.08203125,0.0
99320,495,0,976,976,0,0,0,0,0,24,3,3,4,4,3,3,4,976,153,274,310,48,11,180,152,88,20,18.399999618530273,10,3,0.48,0,25,951,0.0,0.0,0.1557377049180328,0.0
99340,496,0,682,682,0,0,0,0,0,14,2,2,2,2,2,1,3,682,128,168,224,34,9,119,81,55,19,11.100000381469727,31,3,0.28,0,15,667,0.0,0.0,0.1187683284457478,0.0
100792,497,0,696,696,0,0,0,0,0,16,3,2,3,2,2,1,3,696,142,133,240,43,9,129,163,63,19,12.699999809265137,26,2,0.32,0,17,679,0.0,0.0,0.23419540229885058,0.0
101308,498,0,845,845,0,0,0,0,0,24,3,3,3,4,3,4,4,845,117,286,275,53,15,99,105,76,19,17.200000762939453,13,4,0.48,0,25,820,0.0,0.0,0.1242603550295858,0.0
101604,499,0,571,571,0,0,0,0,0,14,2,2,2,2,1,3,2,571,111,135,191,37,7,90,83,72,20,12.799999237060547,31,2,0.28,0,15,556,0.0,0.0,0.14535901926444833,0.0
102764,500,0,856,856,0,0,0,0,0,17,2,2,3,2,3,2,3,856,187,177,244,75,6,167,76,58,19,12.600000381469727,20,1,0.34,0,18,838,0.0,0.0,0.08878504672897196,0.0
103908,501,0,576,576,0,0,0,0,0,20,3,3,3,2,3,3,3,576,64,168,203,28,11,102,51,94,20,17.399999618530273,24,3,0.4,0,21,555,0.0,0.0,0.08854166666666667,0.0
104852,502,0,522,522,0,0,0,0,0,17,3,2,3,1,3,2,3,522,98,120,189,43,9,63,74,79,20,14.700000762939453,25,0,0.34,0,18,504,0.0,0.0,0.1417624521072797,0.0
105028,503,0,1059,1059,0,0,0,0,0,19,2,3,3,2,3,3,3,1059,170,304,348,66,10,161,95,65,19,14.09999942779541,29,2,0.38,0,20,1039,0.0,0.0,0.08970727101038715,0.0
106020,504,0,1178,1178,0,0,0,0,0,29,4,4,5,4,3,4,5,1178,200,353,364,72,16,173,192,66,20,18.200000762939453,11,4,0.58,0,30,1148,0.0,0.0,0.16298811544991512,0.0
106416,505,0,627,627,0,0,0,0,0,23,3,4,4,3,3,3,3,627,92,196,171,53,14,101,53,78,20,17.0,16,3,0.46,0,24,603,0.0,0.0,0.08452950558213716,0.0
