#{"t_start": 1761526495.6978571, "env_id": "None"}
r,l,t--22.533333,6,1.28-15.7,-8.133333,6,-10.06-15.-33.1333-6.13-5.333-11.-20.5,6-19.0-16.23-15.933333,6-22.5-2.866-33.2,6,1.39-10.-8-12.233333,-21.2,6,1-26-33.1,-52.7666-24.1.2,6,1.459-20-3-15.6,6,1.485865
-29.866667,6,1.512394-20.4,6,1.532131
-25.1,6,1.559338
-29.4,6,1.585704
-12.633333,6,1.617213
-21.166667,6,1.643941
-20.866667,6,1.668409
-17.333333,6,1.6864.233-21.8,6,1.706919-2-28.3,6,1.733678-1-27.966667,6,1.7-23.966-19.8,6,1.784433-3-26.833333,6,1.807767-3-18.833333,6,1.83-28.-21.533333,6,1-20.03333-25.1,6,1.9112-7.1-17.233333,6,1.934-13.5-12.733333,6,1.954-21.3-3.1,6,1.97294.260.733333,6,2.0025-27.-18.333333,6,2.02-2-23.-17.566667,6,2-16.3-18.-8.2,6,2.06-7.-33-22.966667,-8.433333-7.-20.466667-12.86666-29.-17.366667-34.-10.93-34-9.03-35.36666-40.96-1-11.53-15.86666-23.3666-16.-13.03-38.0-2-6.433333,-10.96-35.43-33.833333,-18.26-12.06-20.0,6,2.2-28.2,--23.866667-31.9,6,2.35--11.0-18.733333,6,2.37--15.6-32.433333,6,2.392-20.0-13.566667,6,-29.966667-24.133333,6,-22.7,6,2-14.7,6,2-15.6666-15.533333,6,2-10.333330.033333,6,2.5-16.366-10.966667,6,2.5-3.0666-28.3,6,2.59222-28-36.333333,6,2.62428-27-26.666667,6,2.64929-21-21.466667,6,2.6796--22-15.366667,6,2.700-1-16-21.066667,6,2.-12.53330.866667,6,2-12-4.666-27.733333,6,2-2-20.5,6-16.0,6,2.7-19.8,6-18.533333,-9.0,6,2.833-11.8-32.033333,6,2.86-37.03-15.466667,6,2.88-1.833-24.1,6,2.918-40-1-35.733333,6,2.9-27.5-2-34.2,6,2.9-28.9-3-19.4,6,2.999375-1-30.4,6,3.02537-30-14.133333,6,-24.733333-36.733333,6,-3.23-10.2-43.266667,6--13.166667-24.066-15.7,-10.766667-1-19.633333,-10.0-20.8,6-16.93-21.4-23.6,6,3.21-32.53-25.033333,6,3.2-29.9-21.4,6,3.256-23.8-17.266667,6,3.287-6.13-8.5,6,3.299801--12.933333,6,3.321199--31.9,6,3.3546
-9.133333,6,3.37325-33-37.666667,6,3.40400-9.-12.166667,6,3.4321-30.-3.5,6,3.44873-2.633333,6,3.460371--27.733333,6,3.-15.1,-4-25.733333-27.1-33.2,6,-31.3,6,3--6.96666-35.2,6,-15.33-40.-5.866667,6,30.2,6,-1-38.2333-16.7666-29.4,6-12.46661.0-12.1,6,3.66.83333-17.0,6,3.6706-1.5-31.2,6,3.698999
-34.266667,6,3.730-5.1-27.4,6,3.760489
-28.966667,6,3.789035
-1.4,6,3.834516
-5.733333,6,3.856288
-11.066667,6,3.886372
-16.8,6,3.909208
-32.133333,6,3.934889
-26.8,6,3.954828
-26.6,6,3.986342
-22.866667,6,4.012918
-6.933333,6,4.038621
-28.9,6,4.054987
-36.2,6,4.077021
-21.133333,6,4.104713
-27.233333,6,4.128361
-6.133333,6,4.148313
-23.366667,6,4.167789
148.466667,5,4.190562
-15.7,6,4.222696
3.033333,6,4.242653
0.866667,6,4.257693
-28.4,6,4.277574
-28.4,6,4.300903
-31.533333,6,4.323657
-23.833333,6,4.352524
-23.0,6,4.374229
-21.266667,6,4.399605
-21.566667,6,4.444691
-24.5,6,4.459731
-6.833333,6,4.481004
-17.4,6,4.502885
14.866667,6,4.524662
-14.633333,6,4.542914
-29.366667,6,4.572483
-12.9,6,4.596946
-19.233333,6,4.632508
-22.233333,6,4.662937
-15.366667,6,4.690597
-37.466667,6,4.72-0.233-14.566667,6,4.7-26.6,6-5.633333,-15.8,6,4.78-6.2,6-36.166667,-19.466667,6-10.266667,-22.2,6,4.84-24.86-37.333333,6,4.87-31.2,-25.2,6,4.89-35.26-22.533333,6,4.91-1-28.-11.333333,6,4.94--31.8-2.2,6,4.973105
-8.866667,6,4.99691
-20.833333,6,5.018086
-14.2,6,5.041016
171.6333-11.9,6,5.07548-1.2.1,6,5.109279-1-29.8,6,5.140293-1-25.4,6,5.173935-5-1.266667,6,5.2-21.2,6-26.766667,-0.166667,6,-21.133333-23.066667,-6.666667,6,-34.7,6,5.-14.8333-1.5,6,5.342594-1-9.866667,6,5.367736--24.366667,6,5.3-34.2,6-20.333333,-22.733333,6-28.333333,-18.933333,6-26.366667,-22.233333,-16.4,6,5.-2-26.763.866667,6,5.50--20.6-19.066667,6--4.633333-58.533333,6--27.2,6,5.-12.5333-4.866667,6,5.5-22.866-37.333333,6,5.6-20.733-29.433333,6,5.6-28.333-13.4,6,5.668514-0-27.2,6,5.69162
-19.4,6,5.71262
-16.933333,6,5.752599
157.8,5,5.76651--12.866667,6,5.79-19.06-7.9,6,5.826766
-11.2,6,5.85414
3.6,6,5.872547
-54.566667,6,5.892853
-33.866667,6,5.919377
-8.1,6,5.941834
-43.466667,6,5.968342
-16.166667,6,5.983004
-10.733333,6,6.004303
10.066667,6,6.025048
-19.866667,6,6.047713
-11.733333,6,6.071849
-15.5,6,6.094963
-32.033333,6,6.114482
-26.666667,6,6.141597
-31.533333,6,6.166896
-5.2,6,6.189485
-34.6,6,6.215117
-20.366667,6,6.241674
1.3,6,6.268207
-22.233333,6,6.291365
-4.366667,6,6.307714
-3.766667,6,6.340333
-17.7,6,6.363571
-32.033333,6,6.386834
-3.533333,6,6.413222
-22.7,6,6.428035
-28.4,6,6.456898
-21.766667,6,6.476909
-26.166667,6,6.502419
-18.533333,6,6.525222
-12.0,6,6.550679
-3.533333,6,6.573116
-0.966667,6,6.595876
-10.733333,6,6.63149-20-43.2,6,6.659316
-12.866667,6,6.675614
-8.066667,6,6.689995
-4.533333,6,6.707529
-18.466667,6,6.733497-1-11.833333,6,6.754249-2-27.8,6,6.784775
-28.9,6,6.806823
-14.866667,6,6.827813
-19.066667,6,6.847518
155.0,5,6.866149
-8.833333,6,6.890448
-22.366667,6,6.936006
-15.733333,6,6.962861--12.5,6,6.995874--18.933333,6,7.0121.933-11.166667,6,7.0-16.533-18.6,6,7.06386--27.833333,6,7.08878-16-21.466667,6,7.12063-14-20.5,6,7.15115-16-33.5,6,7.16726-8.-25.1,6,7.1798-44.-28.833333,6,7.2052-26-19.633333,6,7.-24.6666-2.3,6,7.268094-3-10.7,6,7.298022
-32.066667,6,7.317433
-27.333333,6,7.336631
-19.6,6,7.36471
-35.433333,6,7.390074
-20.133333,6,7.414922
-11.4,6,7.433848
-17.666667,6,7.455217
1-6.133333,6,7.486-40.6-35.833333,6,7.52-35.0,-36.3,6,7.56-28.6-35.566667,6,7.591-15.-1.266667,6,7.-34.0333-9.666667,6,7.6-11.933-18.966667,6,7.6-4.3,6,-26.566667-8.0,6,7.68731.56-24.433333,6,7.71-23.5,-33.2,6,7.74-13.96-27.566667,6,7.761.8333-22.733333,6,7.-0.66666-18.666667,6,7-21.93333-28.0,6,7.8300-23.-15.366667,6,7.8535-32.-34.766667,6,7.8740-30.-23.933333,6,7.9002-31.-28.033333,6,7.93-2-27.-18.133333,6,7.94-2-24.-20.733333,6-25.8336.1,-31.3,6,7.99-16.3-12.633333,6,8.026-25.5-13.633333,6,-22.3,6,8.-26.0,6,-19.266667-26.166667,6,6.366667,6152.933333,-29.1,6,8.16-42.03-39.566667,6,8.2-28.333-24.433333,6,8.2-24.-27.033333,6,8.269-22.2-24.3,6,8.289-22.-19.0,6,8.319979
-31.366667,6,8.349584
-19.4,6,8.376305
-4.4,6,8.393877
-32.166667,6,8.414556
-45.0,6,8.44182
-2.1,6,8.458203
-32.966667,6,8.485541
-19.466667,6,8.504659
-35.433333,6,8.535781
-17.533333,6,8.556933
-20.933333,6,8.584404
-26.1,6,8.613141
-1.466667,6,8.638119
-14.266667,6,8.653382--28.733333,6,8.685455--22.033333,6,8.714.6,6,-10.666667-22.8,6,8.7468.0,6-23.6,6,8.7-20.8669.433333,6,8.794-47.8-34.6,6,8.822429
-24.5,6,8.861653
9.566667,6,8.890373
-13.533333,6,8.917551
-30.2,6,8.942106
-25.433333,6,8.974541
-32.8,6,8.995476
-25.933333,6,9.018381
-15.966667,6,9.044452
9.033333,6,9.056906
-26.133333,6,9.080724
-17.433333,6,9.103851
-30.233333,6,9.13141-18-12.4,6,9.1570-34.-21.3,6,9.186464
-16.8,6,9.214781
3.333333,6,9.241704
-28.233333,6,9.269803
-13.4,6,9.291866
12.033333,6,9.313003
-10.9,6,9.334167
-51.033333,6,9.349186
-26.8,6,9.37799
-44.433333,6,9.397489
-34.6,6,9.423505
6.166667,6,9.443629
-29.066667,6,9.477607
-28.033333,6,9.495524
-18.533333,6,9.519255--26.033333,6,9.546053-1-20.033333,6,9.576141-3-12.9,6,9.599574
-29.9,6,9.625868
2.6,6,9.652889
-20.5,6,9.673466
-27.9,6,9.698734
-17.066667,6,9.717454
-9.4,6,9.733311
-19.1,6,9.763916
-22.466667,6,9.789096
-30.266667,6,9.819935
-18.333333,6,9.842301
-15.6,6,9.874594
7.566667,6,9.89269
-42.866667,6,15.983187
-3.666667,6,16.002821
-36.0,6,16.026422
-20.8,6,16.050815
-18.2,6,16.07881
-16.5,6,16.096342
-6.6,6,16.129768
-15.933333,6,16.163392
-33.533333,6,16.188052
-36.266667,6,16.208869
-28.733333,6,16.237991
-22.466667,6,16.268803
-36.5,6,16.293693
-29.4,6,16.323319
-5.1,6,16.341697
-30.9,6,16.37043
-10.233333,6,16.39648
-39.233333,6,16.416813
-20.0,6,16.435871
-30.233333,6,16.447562
-15.0,6,16.471403
-20.9,6,16.497576
-15.7,6,16.521369
-3.333333,6,16.550268
-17.366667,6,16.581307
-19.233333,6,16.605929
-10.366667,6,16.635656
-18.133333,6,16.661841
-8.6,6,16.685348
-20.866667,6,16.711421
-19.5,6,16.737757
-2.3,6,16.758804
-17.833333,6,16.799921
-14.766667,6,16.829538
-8.266667,6,16.857553
-16.633333,6,16.875408
-6.966667,6,16.90762
-2.0,6,16.928443
-11.633333,6,16.958173
-42.133333,6,16.984338
-30.933333,6,17.012156
-16.733333,6,17.038061
-23.933333,6,17.067228
-20.033333,6,17.098134--1.433333,6,17.127-20.0-35.2,6,17.148-3.3,-1.466667,6,1-9.233333,-34.2,6,17.20-10.43-8.933333,6,17.221-25.0-26.5,6,17.241663
-22.4,6,17.256887
-7.266667,6,17.276-31.3-17.5,6,17.297-12.4-25.933333,6,1-49.466667-22.033333,6,1-8.966667,4.466667,6,17-48.5,6,1-23.733333-33.633333,6,1-26.83333-33.6,6,17.4348-10.-32.3,6,17.453884
-10.933333,6,17.497824
-3.4,6,17.522336
-11.8,6,17.54487
-22.366667,6,17.575306
-15.233333,6,17.602945
-19.5,6,17.625877
-15.733333,6,17.657658
-4.266667,6,17.686321
-3.133333,6,17.70706
-10.733333,6,17.733564
-19.733333,6,17.767345
-14.533333,6,17.7858-24.-41.366667,6,17.8228-34.-28.233333,6,17.8592-20.-8.833333,6,17.89014-36-35.433333,6,17.92160-19-26.5,6,17.946214
-14.3,6,17.973712
-39.0,6,17.998385
-13.233333,6,18.025631
-18.066667,6,18.05367
-22.133333,6,18.076558
-30.633333,6,18.106094--23.933333,6,18.1415976.-9.9,6,18.168619
-9.766667,6,18.19574-37-12.666667,6,18.6.86666-14.866667,6,18-36.0,6,1-17.733333-40.133333,6,1-23.8,6,18-14.13333-27.033333,6,18-34.16666-13.966667,6,18-20.33333-32.633333,6,18-12.2,6-25.866667,6-22.5,6,18.4-15.1,6-34.033333,6-51.6,6,18.4-13.4,6-12.266667,611.966667,6,-31.7,6,18.-39.1333-26.066667,6,18.-5.7,6,1-8.733333,-14.833333,6,0.666667,6,-10.7,6,18.-31.8666-35.433333,6,18.-31.5333-22.266667,6,18.-27.2333-11.733333,6,18.-27.4333-33.1,6,18.69693-16-25.833333,6,18.72187-22170.3,6,18.74098-2.-27.6,6,18.783331
-3.566667,6,18.805-8.3,9.966667,6,18-27.1,6,1-15.7,6,18-12.73333-3.8,6,18.8861-33.-36.266667,6,18.908-2.43-31.1,6,18.932655--28.333333,6,18.9591542.-13.633333,6,18-40.86666-42.7,6,19.0236-58.-24.433333,6,19.048-21.1-17.8,6,19.078568
-23.3,6,19.104991
-14.133333,6,19.124929--19.166667,6,19.149697--25.633333,6,19.166.8666-16.766667,6,19.1.033333-26.433333,6,1-8.1,6,19.-47.2333-26.266667,6,19.-34.33-30.966667,6,19.26-13.96-21.033333,6,19.29-9.766-26.666667,6,19.3-32.433-11.8,6,19.345909-2-42.533333,6,19.371621-2-20.866667,6,19.42326-43-15.533333,6,19.45068-17-15.9,6,19.471283
-22.233333,6,19.497739
-22.4,6,19.525319
-21.866667,6,19.557512
-36.766667,6,19.5856
-5.9,6,19.616259
-34.666667,6,19.642361
-12.733333,6,19.671999
-18.833333,6,19.697592-1-22.3,6,19.72589712-30.3,6,19.744123
-12.366667,6,19.75935-13-12.7,6,19.780912
-26.166667,6,19.808565
-55.133333,6,19.8354-25.-7.666667,6,19.8508-10.-26.2,6,19.876407
-17.533333,6,19.895232
-3.633333,6,19.922234
-17.9,6,19.943063
-21.5,6,19.964676
-45.1,6,19.994563
-4.233333,6,20.019905
-27.0,6,20.063313
-21.233333,6,20.086585
-22.766667,6,20.117443
-23.1,6,20.142577
-29.433333,6,20.167869
-14.4,6,20.195951
-23.6,6,20.225607
-34.2,6,20.256753
-15.866667,6,20.290453
-30.266667,6,20.314503
-17.766667,6,20.329223
-25.5,6,20.356437--23.366667,6,20.37-7.233-23.5,6,20.401497-3-26.9,6,20.421592-3-24.5,6,20.440409
-15.6,6,20.455588
-20.8,6,20.47915
-16.733333,6,20.505693
-4.7,6,20.527968
-35.233333,6,20.551405
0.4,6,20.577967
-22.566667,6,20.599339
178.0,4,20.619208
-26.2,6,20.645078
-10.866667,6,20.678732
-8.833333,6,20.708448
-32.133333,6,20.735985
-3.9,6,20.759607
-40.133333,6,20.783115
-31.3,6,20.809554
-28.5,6,20.836199
-28.833333,6,20.86844
-34.5,6,20.895735
-28.733333,6,20.92231
179.0,2,20.927035
-31.2,6,20.952057
-9.9,6,20.981284
-22.233333,6,21.009049
-5.633333,6,21.029608
-6.966667,6,21.057632
-24.766667,6,21.077123
-6.3,6,21.092226
-17.866667,6,21.11141
-16.433333,6,21.131684
-53.0,6,21.163927
-19.766667,6,21.19305
-17.9,6,21.222589
-28.133333,6,21.250519
-32.533333,6,21.273535
-26.333333,6,21.294338
12.2,6,21.326945
-9.966667,6,21.342529
-19.8,6,21.366224
-24.666667,6,21.382843
-31.966667,6,21.411206
-13.6,6,21.435035
-26.6,6,21.468278
-39.3,6,21.505381
-19.4,6,21.53477
-8.266667,6,21.592842
-24.533333,6,21.619526
-29.666667,6,21.634637
-15.533333,6,21.655899
-19.333333,6,21.675908
-1.1,6,21.696642
-6.0,6,21.716335
-12.7,6,21.73914
-11.2,6,21.753526
3.4,6,21.786737
-2.333333,6,21.806174
-21.1,6,21.828154
-22.466667,6,21.856859
-8.5,6,21.875729
-10.866667,6,21.89647
-28.333333,6,21.929687
-24.666667,6,21.968549
12.466667,6,21.991328
-41.033333,6,22.01944
-3.433333,6,22.037844
-23.633333,6,22.059906
-30.2,6,22.080912
-45.266667,6,22.119078
-33.166667,6,22.152902
15.4,6,22.174477
-11.666667,6,22.201007
-5.966667,6,22.220625
-14.766667,6,22.244622
26.2,6,22.26493
-34.666667,6,22.295285
-31.733333,6,22.339126
-17.233333,6,22.356655
-9.833333,6,22.371996
-36.4,6,22.401105
-13.466667,6,22.423413
-19.966667,6,22.451733
-5.766667,6,22.487829-1-11.4,6,22.511753
-18.633333,6,22.532677
-28.3,6,22.569608
-39.966667,6,22.602763
-28.733333,6,22.706881
-26.566667,6,22.75125-1.-22.366667,6,22.8005-34.-24.566667,6,22-25.53333-3.4,6,22.86279-19-15.3,6,22.88206-20-19.233333,6,22-27.4,6,2-9.433333,-27.4,6,22.958.4666-29.4,6,22.98947-15-17.333333,6,23.01767-32-13.6,6,23.047698
-8.1,6,23.075134
15.733333,6,23.117704
17.1,6,23.144298
-21.1,6,23.163913
-10.733333,6,23.185589
3.133333,6,23.205883
-35.333333,6,23.231078
-26.533333,6,23.254832
-19.9,6,23.27526
-33.366667,6,23.303938
4.666667,6,23.333828
-34.7,6,23.360322
-23.766667,6,23.395503
-19.3,6,23.439704
-10.833333,6,23.466361
-24.9,6,23.488623
-23.866667,6,23.508624
-23.533333,6,23.525445
-13.133333,6,23.560377
-21.166667,6,23.586185
-30.066667,6,23.61125-24-17.6,6,23.63671-1-30.066667,6,23.667327-2-31.633333,6,23.6-9.2333-3.5,6,23.719128-2-31.966667,6,23.7-17.0,6-14.7,6,23.7-27.8,6-17.166667,62.033333,6,2-4.1,6,23.11.93333-21.0,6,23.8619-2.1-19.533333,6,2-27.83333-20.166667,6,23-19.06666-38.633333,6,23-5.1,6,23-16.93333-25.566667,6,24-3.4,6,24-9.033333-28.733333,6,2-15.4,6,24-23.2333-3.4,6,24.081358-1-12.266667,6,24.12279-23-24.8,6,24.146288
-12.066667,6,24.174567
-30.9,6,24.202624
6.8,6,24.228663
-15.2,6,24.256891
2.533333,6,24.284472
-9.433333,6,24.312427
-23.566667,6,24.338361
-12.7,6,24.372255
-2.0,6,24.388316
7.1,6,24.405938
-55.5,6,24.436075
-32.133333,6,24.454539
-18.933333,6,24.48008
-21.933333,6,24.502897
-28.4,6,24.530115
-28.5,6,24.551738
-34.3,6,24.568746
-24.833333,6,24.594847
-24.5,6,24.61335
-24.833333,6,24.63314
-11.666667,6,24.662477
-5.666667,6,24.682688
-17.566667,6,24.708964
-12.633333,6,24.754859
-31.2,6,24.782637
-42.2,6,24.807813
-0.4,6,24.83711
-17.666667,6,24.864798
-14.7,6,24.889626
-34.566667,6,24.911086
-26.4,6,24.930276
-11.233333,6,24.955093
-31.533333,6,24.974366
-17.633333,6,31.170115
-16.866667,6,31.19446
-15.633333,6,31.216405
-25.666667,6,31.239174
1.5,6,31.263538
-22.466667,6,31.279272
-15.333333,6,31.304105
-4.866667,6,31.320732
-7.266667,6,31.342644
-29.8,6,31.368659
-21.966667,6,31.390694
3.6,6,31.41324
-18.266667,6,31.430396
-14.6,6,31.451278
-17.4,6,31.481934
-34.433333,6,31.522255
-1.233333,6,31.542584
-16.8,6,31.564697
-18.6,6,31.587328
-23.7,6,31.608335
-14.966667,6,31.622555
-25.533333,6,31.652408
4.166667,6,31.67454
-35.1,6,31.695089
-8.866667,6,31.711252
-1.6,6,31.728723
0.333333,6,31.751812
-39.333333,6,31.776626
-15.366667,6,31.791574
-21.066667,6,31.819963
-4.433333,6,31.842008
-10.466667,6,31.866763
-27.8,6,31.881722
-28.8,6,31.900864
-17.866667,6,31.926402
-25.6,6,31.949199
-18.733333,6,31.963764
-17.833333,6,31.981364
-5.333333,6,32.012302
-25.9,6,32.036951
-15.466667,6,32.070835
-32.366667,6,32.104023
6.533333,6,32.125271
-20.066667,6,32.154881
-17.0,6,32.184415
-15.033333,6,32.21302
-1.7,6,32.235803
-34.366667,6,32.260271
-15.8,6,32.284314
-21.7,6,32.315099
-34.366667,6,32.340138
-23.766667,6,32.368061
-16.766667,6,32.394315
-8.766667,6,32.411742
-14.7,6,32.436887
-36.733333,6,32.471646
-2.033333,6,32.495223
-23.766667,6,32.524776
-27.166667,6,32.550991
-13.9,6,32.565305
-25.4,6,32.593003
-34.766667,6,32.617184
-22.033333,6,32.636535
-9.333333,6,32.660172
-19.166667,6,32.680464
-10.133333,6,32.713706
-33.766667,6,32.745233
-10.7,6,32.774405
-8.966667,6,32.798353
-13.566667,6,32.821927
159.4,3,32.83623-1-28.733333,6,32.8587-24.-13.0,6,32.8839-17.10.766667,6,32.-18.7333-23.5,6,32.92134-30-36.933333,6,32.6.433333-41.033333,6,3-11.0,6,32-5.6,6,324.366667,-34.933333,6,-21.933333,-12.266667,6,-19.233333,-15.3,6,33.07.1,6,3-3.1,6,33.6.2,6,30.9,6,33.0-23.966-26.033333,6,33.1-29.2,6-41.7,6,33.1-31.2,6-32.3,6,33.1-25.9,6-1.633333,6,-28.466667,-28.0,6,33.21-23.5,-34.7,6,33.23-4.7,6-18.0,6,33.-12.7,6,-18.9,6,33.-12.3,6-35.6,6,33.3-13.0,6-11.566667,-25.0,6,33.35-26.53-22.533333,6,33.37-29.96-12.733333,6,33.41-5.566-24.933333,6,33.4-23.5,6-36.133333,6-15.966667,2.666667,6,33-23.3,6,3-11.1,6,3-25.1,6,33-16.733331.466667,6,33.5-11.866-14.3,6,33.55279
-35.166667,6,33.579342
-36.5,6,33.609838
-18.633333,6,33.62922
-9.6,6,33.650924
-21.633333,6,33.6736
-33.766667,6,33.699872
-6.866667,6,33.727139
-35.0,6,33.75838
-30.9,6,33.776738
-16.966667,6,33.800067
-14.833333,6,33.827023
-42.866667,6,33.851632
-29.4,6,33.870251
18.3,6,33.896704
-12.766667,6,33.916066
-28.3,6,33.945377
-25.6,6,33.973335
-15.8,6,33.999858
-31.066667,6,34.024415
-31.966667,6,34.049374
-3.1,6,34.074453
-21.2,6,34.099781
-26.933333,6,34.123729
-42.2,6,34.139625
-34.5,6,34.168612
-17.066667,6,34.192038
-27.033333,6,34.209281
1.6,6,34.228019
-16.033333,6,34.254722
-20.166667,6,34.27646
-1.933333,6,34.304375
-25.2,6,34.324291
-41.133333,6,34.356858
-14.466667,6,34.378559
-1.566667,6,34.394057
-9.1,6,34.411041
-28.066667,6,34.440875
-37.233333,6,34.469893
-16.366667,6,34.499822
-25.6,6,34.523059
-27.466667,6,34.547168
-20.533333,6,34.561441
-27.8,6,34.582129
-25.6,6,34.607356
-0.6,6,34.633594
-8.9,6,34.652811
-10.1,6,34.678791
-21.233333,6,34.69996
-27.4,6,34.729115
-15.933333,6,34.75745
-15.433333,6,35.18916
-33.866667,6,35.210671
-20.433333,6,35.237294
-26.033333,6,35.263207
-26.966667,6,35.287566
-38.266667,6,35.318607
-43.033333,6,35.35178
162.0,1,35.357677
-20.433333,6,35.388979
-6.8,6,35.410797
-35.666667,6,35.430057
-27.333333,6,35.4562
-19.666667,6,35.4767
-28.733333,6,35.49939
-23.866667,6,35.542856
-14.1,6,35.560048
-2.466667,6,35.576285
-18.0,6,35.599682
-29.2,6,35.627846
-22.533333,6,35.652975
8.433333,6,35.681977
-34.366667,6,35.716231
-30.033333,6,35.742173
-28.466667,6,35.764805
2.833333,6,35.788192
-15.7,6,35.814803
-23.6,6,35.84586
-39.9,6,35.876377
-26.833333,6,35.905393
-36.1,6,35.931287
-27.333333,6,35.955298
-24.8,6,35.989469
-25.333333,6,36.018336
-14.9,6,36.035507
-5.2,6,36.053804
-3.3,6,36.071311
-30.633333,6,36.086814
-7.933333,6,36.107561
-26.266667,6,36.128635
-5.566667,6,36.160625
-10.233333,6,36.190847
-53.566667,6,36.214658
-20.566667,6,36.240052
-12.366667,6,36.269064
-23.666667,6,36.289925
-40.4,6,36.319057
165.2,3,36.330493
-3.5,6,36.35387
-34.833333,6,36.38068
-7.866667,6,36.407914
-1.166667,6,36.421024
-18.466667,6,36.436068
-11.033333,6,36.464243
-6.133333,6,36.488501
-11.933333,6,36.51633
3.933333,6,36.538269
7.5,6,36.569385
-15.366667,6,36.596573
-3.733333,6,36.624779
-25.1,6,36.65331
0.266667,6,36.682357
-8.933333,6,36.705415
-19.833333,6,36.73441
-12.833333,6,36.768734
-27.166667,6,36.809196
-38.633333,6,36.839449
-29.966667,6,36.861974
-20.566667,6,36.885617
-35.333333,6,36.91699
-22.633333,6,36.938922
-14.266667,6,36.964958
-14.833333,6,36.985788
-26.433333,6,37.016886
-39.966667,6,37.049085
-33.7,6,37.074826
-27.5,6,37.098674
-17.1,6,37.130167
-22.133333,6,37.154044
-14.3,6,37.174314
-33.533333,6,37.200986
-18.0,6,37.214043
4.466667,6,37.24054
-14.433333,6,37.261474
-22.3,6,37.277135
-24.333333,6,37.296168
-35.5,6,37.329341
-25.766667,6,37.354713
-32.6,6,37.385766
-9.933333,6,37.409063
-31.166667,6,37.442723
-26.733333,6,37.478203
-15.4,6,37.508269
-15.433333,6,37.534402
0.8,6,37.556989
-15.366667,6,37.582076
-29.8,6,37.606165
-24.633333,6,37.633407
-27.966667,6,37.658005
-14.8,6,37.680502
-6.166667,6,37.713876
-24.266667,6,37.738218
-1.933333,6,37.758559
-22.766667,6,37.779731
14.533333,6,37.803011
-11.6,6,37.823006
-13.0,6,37.847686
-15.033333,6,37.875076
-17.666667,6,37.903121
-24.766667,6,37.93972
-36.733333,6,37.957068
-12.8,6,37.968321
-15.233333,6,37.988846
-22.2,6,38.007967
-15.533333,6,38.039887
-39.3,6,38.105194
-28.033333,6,38.152906
-33.533333,6,38.187778
-19.733333,6,38.204254
-27.233333,6,38.232856
-18.433333,6,38.257459
-31.7,6,38.282943
-30.966667,6,38.30625
-21.333333,6,38.334474
-23.2,6,38.370201
-26.9,6,38.40531
20.2,6,38.426119
-27.766667,6,38.446033
-28.666667,6,38.466322
-37.233333,6,38.497418
-22.1,6,38.520789
-36.333333,6,38.541833
-15.5,6,38.572066
-9.266667,6,38.595461
12.0,6,38.618809
-1.966667,6,38.638776
-27.2,6,38.660788
-31.533333,6,38.691025
-28.533333,6,38.718129
-4.566667,6,38.743439
-25.8,6,38.778255
-14.7,6,38.802701
-20.266667,6,38.833645
-17.733333,6,38.853511
-9.2,6,38.880168
-12.533333,6,38.911638
-13.933333,6,38.947791
-13.266667,6,38.972568
-25.5,6,38.994176
-26.433333,6,39.020277
-33.533333,6,39.049335
-27.0,6,39.069444
-31.166667,6,39.092293
-11.766667,6,39.119184
5.966667,6,39.155888
-23.533333,6,39.183728
10.0,6,39.208662
-37.666667,6,39.234297
-15.233333,6,39.273633
-35.433333,6,39.290666
-6.7,6,39.311943
-13.9,6,39.333994
-17.466667,6,39.360736
-26.666667,6,39.386491
-19.833333,6,39.406179
-15.266667,6,39.438357
-27.4,6,39.464461
-14.266667,6,39.481638
-26.066667,6,39.508072
-25.1,6,39.537701
-37.333333,6,39.565476
-14.733333,6,39.60302
-8.033333,6,39.625928
-33.866667,6,39.653527
-15.9,6,39.684356
-20.4,6,39.717209
-22.2,6,39.749053
-37.733333,6,39.779151
-31.533333,6,39.811761
-22.6,6,39.834137
-28.566667,6,39.860677
-23.833333,6,39.880742
-7.133333,6,39.91644
-16.933333,6,39.950162
-2.566667,6,39.97514
-16.666667,6,39.991923
-33.533333,6,40.013883
-42.366667,6,40.048652
-11.6,6,40.070353
-32.8,6,40.102133
4.966667,6,40.144846
-10.2,6,40.176487
-30.566667,6,40.206715
-26.4,6,46.079157
-12.866667,6,46.117356
-13.666667,6,46.140082
-16.533333,6,46.159722
-0.833333,6,46.181406
8.633333,6,46.199547
-11.133333,6,46.222806
2.233333,6,46.237904
-14.466667,6,46.260688
-6.333333,6,46.288732
-5.133333,6,46.307659
-24.333333,6,46.323136
-16.933333,6,46.341594
-7.133333,6,46.361475
-13.333333,6,46.385454
-32.933333,6,46.412178
-20.666667,6,46.431981
5.0,6,46.446544
-31.066667,6,46.469195
-25.833333,6,46.493635
-36.8,6,46.520303
-11.5,6,46.539417
-40.7,6,46.574165
-37.5,6,46.603786
-8.966667,6,46.631212
-27.833333,6,46.654082
-6.333333,6,46.67751
-19.066667,6,46.689332
-9.866667,6,46.713921
-20.5,6,46.73558
-36.166667,6,46.752853
-25.833333,6,46.779426
-9.8,6,46.794337
-6.033333,6,46.813784
11.3,6,46.833199
-15.066667,6,46.859508
3.5,6,46.877389
-30.966667,6,46.90105
-23.366667,6,46.927653
-34.0,6,46.962879
-8.833333,6,46.974608
165.566667,6,46.99679
-11.2,6,47.023082
-13.033333,6,47.042403
-2.533333,6,47.067229
-2.566667,6,47.090834
-4.9,6,47.113715
-6.333333,6,47.160263
-24.5,6,47.196879
-25.566667,6,47.224957
-26.1,6,47.241488
-23.066667,6,47.268124
-26.333333,6,47.287969
-28.466667,6,47.306784
-2.8,6,47.334692
-36.333333,6,47.360828
-19.666667,6,47.38274
-8.8,6,47.403667
-8.466667,6,47.430033
-34.666667,6,47.469071
-31.233333,6,47.505044
-13.533333,6,47.530174
3.033333,6,47.549674
19.633333,6,47.573482
-35.433333,6,47.609368
-33.033333,6,47.642894
-26.166667,6,47.665621
-2.7,6,47.687719
-25.966667,6,47.711338
-19.833333,6,47.728527
-32.366667,6,47.754646
-18.266667,6,47.77747-4-2.933333,6,47.82468
-19.133333,6,47.853-21.2-7.1,6,47.88466
-19.866667,6,47.908-33.2-28.333333,6,47.931-36.2-39.066667,6,4-17.733333-23.533333,6,4-26.533333-20.0,6,48.007-21.0-33.966667,6,48.034-24.3-24.3,6,48.046979
-7.466667,6,48.065484
-27.8,6,48.094131
-27.233333,6,48.122678
-27.5,6,48.149447
-21.666667,6,48.184399
180.9,-20.6,6,48.20-8.1338.8,6,48.229186
-45.033333,6,48.240855
-31.8,6,48.268113
-27.833333,6,48.292616
-33.7,6,48.320853--14.933333,6,48.33879-14-14.766667,6,48.-9.26666-33.033333,6,48-53.1,6,4-30.833333-5.733333,6,48-7.1,6,48-35.6,6,4-8.333333,-6.633333,6,4-28.466667-26.3,6,48.493-16.0-11.633333,6,48.513-37.2-33.133333,6,48.531-4.03-22.866667,6,48.54-22.7,-28.066667,6,-5.633333,-14.966667,6,-11.033333,-26.9,6,48.612.2333-18.766667,6,48.3.133333-21.466667,6,4-22.466667-16.733333,6,4-21.566667-19.633333,6,-19.2,6,48.-33.066-13.6,6,48.745743-2-19.066667,6,48.77157--30.3,6,48.798291
-6.366667,6,48.833339--29.8,6,48.854325
-12.533333,6,48.868691--31.766667,6,48.89-21.2,-33.433333,6,10.366667,6-6.466667,6,-14.3,6,48.-26.1,6,-14.166667,-21.9,6,49.00-33.3,-15.8,6,49.04-20.564.366667,6,49.0545-0.0-20.133333,6,49.07-29.33-2.366667,6,49.109-30.0-20.033333,6,4-24.8,6,49-27.1,6,4-20.9,6,4-25.6,6,49-7.4,6,494.4,6,49.-28.2,6,-3.5,6,49.2-0.3,6,-11.466667,-23.733333,6,-31.133333,-24.0,6,49.27-37.06-1.866667,6,49.292-12.1-6.033333,6,4924.533333-20.8,6,49.3-20.266-33.433333,6,49.3-19.166-35.1,6,49.388116-3177.833333,6,49.411452-2-18.033333,6,49.4-27.733-26.8,6,49.468-23.0-39.466667,6,4-13.633333-33.5,6,49.52-21.1-20.666667,6,49.550-12.8-19.466667,6,49.57-4.366-27.3,6,49.60145-2.-5.5,6,49.636348
-16.233333,6,49.659299
-5.566667,6,49.687104
-23.066667,6,49.711467
9.066667,6,49.7308451-35.166667,6,49.75397-263.166667,6,49.77-3.666-1.733333,6,49.79-0.166-8.466667,6,49.823.9666-12.9,6,49.84866-32-41.033333,6,49.9.0333339.466667,6,49.-25.9,6,-20.666667,-31.266667,6-13.333333-14.866667,6,4-38.566667-29.166667,6,4-18.1,6,49-7.133333-22.7,6,49.999-32.7-3.833333,6,50.0172-33.-27.233333,6,50.0405-13.-24.133333,6,50-16.36666-28.333333,6,50-36.16666-28.266667,6,50-17.93333-17.866667,6,50-21.1,6,5-12.5666-22.466667,6,50-35.06666-24.866667,6,50-9.1,6,50-22.3,6,5-27.933333-11.766667,6,5-9.533333,-25.1,6,50.27-17.33-21.033333,6,50.30-4.066-10.8,6,50.339871-31.466667,6,50.368537--14.7,6,50.394298
-12.9,6,50.420028
-30.233333,6,50.449045
-31.633333,6,50.478715
-11.066667,6,50.498383
-24.733333,6,50.514841--17.4,6,50.540457--37.3,6,50.566447
-11.7,6,50.587051
-23.633333,6,50.610494
-24.433333,6,50.632717
-17.933333,6,50.653423
-14.0,6,50.682526
-0.666667,6,50.700672
-18.366667,6,50.718944
3.533333,6,50.740145
-27.4,6,50.765817
-39.466667,6,50.789366
-35.833333,6,50.834886
-15.2,6,50.859138
-15.2,6,50.888296
-32.133333,6,50.919931
-28.233333,6,50.944508--7.8,6,50.968809
-32.4,6,51.002681
-40.633333,6,51.037327
-53.266667,6,51.057832
-33.333333,6,51.084629
-22.3,6,51.113402
-19.1,6,51.138691
-14.466667,6,51.161967
-11.6,6,51.190213
-13.766667,6,51.226367
-24.7,6,51.250661
-16.066667,6,51.26958
-32.8,6,51.296148
162.5,4,51.311529
-33.466667,6,51.336824
-12.666667,6,51.363338
4.4,6,51.384266
-32.833333,6,51.400424
-12.633333,6,51.424403
-23.2,6,51.439983
-11.533333,6,51.470386
-5.3,6,51.494805
-24.3,6,51.513027
-6.733333,6,51.564179
-9.4,6,51.586014
-30.966667,6,51.62148
-11.866667,6,51.638228
-6.5,6,51.660961
-28.6,6,51.68237
-38.9,6,51.703645
-16.333333,6,51.72311
-13.366667,6,51.745567
-26.333333,6,51.773897
-8.466667,6,51.786386
-30.566667,6,51.80317
-13.233333,6,51.825677
-11.166667,6,51.845034
-20.733333,6,51.860173
-3.633333,6,51.880837
-22.3,6,51.905581
-12.8,6,51.9183
-24.7,6,51.940134
5.233333,6,51.956247
-34.533333,6,51.987438
-13.333333,6,52.010885
1.8,6,52.052268
-25.433333,6,52.082851
-21.5,6,52.118969
-20.633333,6,52.137379
-25.633333,6,52.151677
0.366667,6,52.170962
-24.1,6,52.194956
-8.333333,6,52.220466
-10.3,6,52.248389
-28.333333,6,52.274734
-19.733333,6,52.306224
-28.4,6,52.33401
-12.833333,6,52.355602
-25.6,6,52.381551
-45.1,6,52.410602
-33.533333,6,52.424101
-16.233333,6,52.455168
-33.6,6,52.482907
-37.166667,6,52.500084
-33.533333,6,52.524792
-32.566667,6,52.55054
-1.933333,6,52.572404
-28.766667,6,52.587185
-21.666667,6,52.611254
-25.066667,6,52.63429
-8.333333,6,52.671172
-17.3,6,52.700431
-23.366667,6,52.727936
1.966667,6,52.757298--28.0,6,52.777855--17.733333,6,52.809312--27.0,6,52.82834
-17.333333,6,52.857157
-4.7,6,52.879477--5.0,6,52.891539
-43.7,6,52.922172
-22.366667,6,52.941613
-27.4,6,52.965568
-2.933333,6,52.983981
-18.233333,6,53.01125
-32.833333,6,53.036488
-20.566667,6,53.059178
-11.1,6,53.082866
-13.166667,6,53.107845
-43.466667,6,53.12249
-26.733333,6,53.14295
-18.5,6,53.170986
-19.833333,6,53.197104
-8.733333,6,53.223655
-2.666667,6,53.239455
-10.4,6,53.273072
-7.233333,6,53.293323
-20.133333,6,53.327486
-23.3,6,53.359319
-39.8,6,53.379705
-20.066667,6,53.400823
-18.4,6,53.423355
-10.033333,6,53.450651
-1.4,6,53.47258
-34.3,6,53.498718
-26.666667,6,53.523297
-26.566667,6,53.553593
-19.533333,6,53.582903
-11.666667,6,53.604075
-19.0,6,53.63986
-18.533333,6,53.669294
-22.733333,6,53.689433
-29.033333,6,53.712194
-16.933333,6,53.732911
-20.566667,6,53.760647
-24.433333,6,53.789897
-17.433333,6,53.809737
-32.133333,6,53.829169
-49.433333,6,53.855879
-9.5,6,53.879439
-16.533333,6,53.907966
0.066667,6,53.928628
-28.166667,6,53.952334
-4.033333,6,53.965373
1.033333,6,53.991298
-20.966667,6,54.020985
-20.033333,6,54.038357
-1.833333,6,54.056404
-32.2,6,54.088803
-14.966667,6,54.101069
-24.7,6,54.13167
-19.2,6,54.150373
-7.2,6,54.17419
-16.866667,6,54.202481
-35.366667,6,54.226918
-19.3,6,54.270033
-26.1,6,54.288672
-22.433333,6,54.314848
1.1,6,54.342417
-21.4,6,54.36634
-12.0,6,60.357201
-19.933333,6,60.374583
-23.066667,6,60.399426
-16.666667,6,60.429196
2.633333,6,60.449607
-27.0,6,60.490225
-51.866667,6,60.509117
5.1,6,60.534134
-5.633333,6,60.557492
-41.633333,6,60.579199
-22.566667,6,60.603325
-28.333333,6,60.622801
-26.1,6,60.644908
-35.566667,6,60.668241
-16.2,6,60.685386
-36.933333,6,60.706028
-3.0,6,60.72893
-30.8,6,60.754529
-11.566667,6,60.773939
-22.866667,6,60.798771
2.133333,6,60.822131
-8.333333,6,60.842802
-31.3,6,60.856019
167.9,3,60.878088
-20.333333,6,60.899922
-7.366667,6,60.919788
-5.233333,6,60.944949
-15.033333,6,60.971663
1.0,6,60.997372
-13.766667,6,61.013766
-25.633333,6,61.050632
-18.233333,6,61.078798
-16.833333,6,61.101858
-30.8,6,61.126921
-27.5,6,61.153784
-19.066667,6,61.182192
-21.2,6,61.206854
-5.6,6,61.227321
-0.533333,6,61.248449
-14.066667,6,61.271286
-5.366667,6,61.302111
-21.2,6,61.327902
-12.233333,6,61.344744
-15.466667,6,61.364061
-30.166667,6,61.386916
-36.066667,6,61.404225
-20.333333,6,61.420739
-30.466667,6,61.447444
-9.466667,6,61.469436
-9.833333,6,61.491349
-23.066667,6,61.5165
-9.966667,6,61.545503
-9.733333,6,61.570701
-26.833333,6,61.596987
-0.266667,6,61.618619
-0.8,6,61.654263
-8.566667,6,61.685735
-27.666667,6,61.708521
-18.466667,6,61.737687
-13.5,6,61.751427
-30.4,6,61.77676
23.0,6,61.8032
-21.8,6,61.833678
-21.2,6,61.859938
-24.233333,6,61.877928
-17.933333,6,61.901025
-9.8,6,61.920871
6.666667,6,61.938681
-17.0,6,61.961826
-4.8,6,61.983768
-8.633333,6,62.005605
-9.5,6,62.02314
-21.166667,6,62.047317
0.233333,6,62.068933
-12.266667,6,62.088699
-16.0,6,62.105499
-30.633333,6,62.127073
-21.966667,6,62.140354
-38.6,6,62.161365
-27.966667,6,62.185293
-16.466667,6,62.227172
-2.3,6,62.257251
-1.8,6,62.28404
-9.733333,6,62.312982
-16.4,6,62.338058
-28.9,6,62.367625
-33.366667,6,62.391656
-25.2,6,62.41835
-33.7,6,62.442523
-7.033333,6,62.4583
-27.333333,6,62.478387
-2.3,6,62.500537
-13.4,6,62.524031
-30.233333,6,62.544014
-20.166667,6,62.566625
-25.833333,6,62.58797
-26.666667,6,62.615574
-20.233333,6,62.632065
-9.1,6,62.655545
-22.066667,6,62.67187
-15.833333,6,62.696284
-23.2,6,62.721367
10.7,6,62.743324
-34.7,6,62.763095
-33.166667,6,62.779576
-16.066667,6,62.814217
19.8,6,62.835085
-31.7,6,62.861732
-27.5,6,62.8846
-39.466667,6,62.909652
-17.766667,6,62.93494
-29.633333,6,62.971602
-13.0,6,62.99609
19.0,6,63.02395
-3.733333,6,63.046769
-36.766667,6,63.072361
-19.466667,6,63.093243
-10.033333,6,63.111996
-21.033333,6,63.140411
4.666667,6,63.161689
-17.433333,6,63.182887
-36.833333,6,63.206817
-17.133333,6,63.229465
-28.2,6,63.253611
-9.666667,6,63.271077
-27.4,6,63.296882
-38.333333,6,63.322277
-32.933333,6,63.352243
-28.466667,6,63.381297
-30.8,6,63.414376
-30.933333,6,63.45651
-14.533333,6,63.477611
-18.933333,6,63.502661
-22.633333,6,63.519263
-23.466667,6,63.543612
-15.166667,6,63.560115
-3.066667,6,63.597016
-5.066667,6,63.624888
-33.933333,6,63.649092
-9.466667,6,63.670451
-35.0,6,63.691161
-41.366667,6,63.720954
-29.666667,6,63.741277
-4.0,6,63.759452
1.333333,6,63.779201
-25.066667,6,63.810505
-25.6,6,63.822375
14.166667,6,63.859548
-17.833333,6,63.902409
-15.4,6,63.940102
167.7,6,63.968722
-13.566667,6,63.994841
-24.4,6,64.018875
-28.1,6,64.03846
-14.4,6,64.059958
-38.4,6,64.094517
-17.733333,6,64.115745
-26.566667,6,64.144476
-4.433333,6,64.169409
-12.433333,6,64.202262
-15.933333,6,64.224873
-37.466667,6,64.243988
-21.8,6,64.272458
6.533333,6,64.294011
-17.833333,6,64.324723
-24.866667,6,64.359244
-18.033333,6,64.386138
-14.833333,6,64.406349
-34.433333,6,64.432056
-25.6,6,64.453408
-16.6,6,64.472652
-17.166667,6,64.492478
-23.066667,6,64.512257
-20.233333,6,64.534392
-29.4,6,64.549888
-38.9,6,64.569971
-13.466667,6,64.586695
-19.9,6,64.614645
-18.433333,6,64.642233
-18.266667,6,64.663217
-31.766667,6,64.698502
3.5,6,64.716205
-19.333333,6,64.743821
-5.566667,6,64.774711
-35.033333,6,64.807982
-22.5,6,64.824374
-0.2,6,64.841307
-13.333333,6,64.862665
-24.766667,6,64.880708
-36.933333,6,64.913301
-27.333333,6,64.939608
8.566667,6,64.960122
1.966667,6,64.984376
-35.1,6,65.007874
-35.1,6,65.046423
-29.5,6,65.071406
-32.733333,6,65.094808
1.1,6,65.122721
-29.866667,6,65.15446
-26.433333,6,65.174147
-23.466667,6,65.205352
-28.5,6,65.227566
-19.166667,6,65.250166
-5.566667,6,65.270368
-17.366667,6,65.287822
-11.533333,6,65.32821
-4.833333,6,65.358494
-22.133333,6,65.384284
-22.2,6,65.404274
-24.866667,6,65.42956
-33.166667,6,65.45153
-24.133333,6,65.481863
1.7,6,65.504519
-20.2,6,65.541695
-36.8,6,65.578116
-36.833333,6,65.60381
-28.133333,6,65.633254
-11.066667,6,65.663083
-27.3,6,65.689512
-22.1,6,65.72253
-19.733333,6,65.752577
-26.1,6,65.788143
12.233333,6,65.807968
-10.8,6,65.822992
-7.4,6,65.837496
14.8,6,65.85436
-25.433333,6,65.876753
-14.366667,6,65.900943
-23.466667,6,65.93
-34.7,6,65.955176
-25.766667,6,66.004132
-10.0,6,66.027006
-35.066667,6,66.057117
-17.533333,6,66.083281
-19.9,6,66.109269
-9.366667,6,66.128778
-32.233333,6,66.159914
-12.433333,6,66.178687
-7.8,6,66.207711
-9.233333,6,66.233977
-14.633333,6,66.261959
4.366667,6,66.29269
-32.866667,6,66.319349
-31.066667,6,66.349956
-13.566667,6,66.371918
-30.033333,6,66.396919
-16.166667,6,66.422873
-13.533333,6,66.453368
-38.3,6,66.477446
-10.066667,6,66.493428
-35.566667,6,66.546082
-28.966667,6,66.565413
-21.366667,6,66.589351
-35.2,6,66.609461
-5.666667,6,66.632216
-9.933333,6,66.669696
-38.266667,6,66.694774
-39.633333,6,66.721495
-21.433333,6,66.744056
-25.833333,6,66.769499
-26.4,6,66.798522
2.233333,6,66.820455
-36.233333,6,66.849552
-16.2,6,66.876432
-22.833333,6,66.901978
-25.133333,6,66.927957
-17.333333,6,66.951605
-4.3,6,66.980513
-17.533333,6,66.9955
-4.6,6,67.017112
-22.433333,6,67.035385
-5.2,6,67.055951
-37.133333,6,67.083014
-29.133333,6,67.108492
-23.566667,6,67.132236
-15.066667,6,67.163348
-19.566667,6,67.193572
-23.833333,6,67.211714
-27.633333,6,67.232021
-24.666667,6,67.274651
-22.933333,6,67.297733
-7.033333,6,67.327603
-29.566667,6,67.363504
-41.2,6,67.382324
-9.833333,6,67.408135
-30.7,6,67.442859
3.8,6,67.474723
-27.433333,6,67.498237
-19.0,6,67.526312
-21.133333,6,67.557019
-18.933333,6,67.583588
-13.0,6,67.610142
-28.5,6,67.645854
-5.566667,6,67.673021
-25.866667,6,67.701719
-18.633333,6,67.728646
-4.733333,6,67.755665
-25.3,6,67.776722
-1.233333,6,67.795462
-14.2,6,67.822995
-24.733333,6,67.850241
-4.1,6,67.87263
-30.8,6,68.234257
-44.033333,6,68.265434
-8.0,6,68.312523
-4.4,6,68.340506
-20.8,6,68.364293
-12.4,6,68.40024
-11.533333,6,68.424848
-33.7,6,68.452099
-22.2,6,68.481023
-17.233333,6,68.496843
-17.133333,6,68.512973
-19.866667,6,68.532162
-23.666667,6,68.556019
-20.366667,6,68.572263
-8.166667,6,68.595112
-17.833333,6,68.627571
170.8,6,68.655684
-14.266667,6,68.682963
-12.5,6,68.705554
-24.2,6,68.734258
-34.433333,6,68.761432
-16.666667,6,68.78766
-14.666667,6,68.813911
-48.9,6,68.837399
-22.333333,6,68.863014
-22.1,6,68.88962
-13.233333,6,68.914631
-8.566667,6,68.939528
-12.633333,6,68.959761
-22.266667,6,68.985389
-12.1,6,69.013927
-27.933333,6,69.043193
-34.533333,6,69.076352
-16.233333,6,69.111881
-35.333333,6,69.162419
-32.133333,6,69.22-33.76-35.566667,6,69.32-22.56-16.533333,6,69.43-29.96-12.033333,6,69.56-25.66-7.833333,6,69.64-30.36-17.9,6,96.70746-16.2,6,96.855758
-31.033333,6,96.99225-24-30.066667,6,97.092522.6-35.4,6,97.171-12.7-24.8,6,97.2733.866-14.033333,6,97.-0.86666-11.433333,6,97-10.66666-32.033333,6,97-20.5,6,9-22.5333332.966667,6,97.-18.6333-1.8,6,97.822881-3-17.033333,6,98.023379-2-27.933333,6,98.104583-1-29.733333,6,98.213093-2-8.4,6,98.29287
-33.933333,6,98.393841--26.4,6,98.498676--2.3,6,98.588459
-13.2,6,98.670086
-21.266667,6,98.783306
-35.366667,6,98.860424
-21.466667,6,98.962642
-15.566667,6,99.041736
-14.133333,6,99.121993
-10.0,6,99.202776
-25.666667,6,99.309331
-9.033333,6,99.412805
-26.633333,6,99.484319
-31.8,6,99.573146
4.566667,6,99.692653
-20.066667,6,99.789162
-8.4,6,99.88052
-27.666667,6,99.948347
-42.533333,6,100.057949
-13.5,6,100.14785
-54.166667,6,100.239949
-22.5,6,100.377482
-26.2,6,100.462157
-38.5,6,100.571982
-19.066667,6,100.705683
-23.6,6,100.782845
-3.766667,6,100.863389
-20.166667,6,100.955572
-33.366667,6,101.043651
3.0,6,101.121372
-31.6,6,101.208336
-19.066667,6,101.315695
4.166667,6,101.413118
-22.966667,6,101.500123
-25.433333,6,101.586081
-37.6,6,101.681094
-16.4,6,101.782122
-13.8,6,101.893617
-22.533333,6,101.998513
-3.666667,6,102.105141
-26.466667,6,102.190212
-10.333333,6,102.25908
1.3,6,102.351053
-16.7,6,102.428226
-11.1,6,102.508042
4.6,6,102.607568
-33.6,6,102.795725
-43.5,6,102.875962
-32.6,6,103.000878
-9.233333,6,103.091571
-31.8,6,103.197634
-30.3,6,103.316116
-37.233333,6,103.424328
-15.6,6,103.520165
-42.033333,6,103.624661
-36.066667,6,103.765688
-28.566667,6,103.835577
-27.966667,6,103.908284
-41.466667,6,103.997968
-22.2,6,104.089137
-13.533333,6,104.159874
-15.7,6,104.297029
-7.933333,6,104.383956
7.2,6,104.479443
-19.466667,6,104.551439
-3.066667,6,104.650067
-24.533333,6,104.727508
-14.7,6,104.8107
-26.566667,6,104.923407
-4.5,6,105.006342
-32.1,6,105.095956
-22.9,6,105.210258
-31.2,6,105.320096
-36.333333,6,105.400728
-21.5,6,105.526857
-16.333333,6,105.638853
-23.733333,6,105.701788
-25.866667,6,105.800168
4.133333,6,105.899971
-26.766667,6,105.993989
-1.8,6,106.097754
182.3,6,106.188916
-21.233333,6,106.267246
-21.033333,6,106.341443
-18.7,6,106.417725
-1.7,6,106.482103
-5.9,6,106.55189
7.4,6,106.645571
-25.1,6,106.788295
-3.566667,6,106.926513
-6.333333,6,107.031412
-26.733333,6,107.105453
-13.866667,6,107.162168
-4.066667,6,107.224924
-17.166667,6,107.29559
-12.566667,6,107.362645
-28.733333,6,107.565914
-23.266667,6,107.664084
-35.433333,6,107.782235
-38.8,6,107.881146
-32.7,6,107.982491
-14.0,6,108.144035
-8.4,6,108.22433
-18.966667,6,108.30626
-31.7,6,108.418413
-25.666667,6,108.526558
-20.666667,6,108.595106
-27.9,6,108.715323
-11.566667,6,108.788211
22.933333,6,108.87802
-27.433333,6,108.959526
-6.133333,6,109.034256
-23.466667,6,109.162227
-14.766667,6,109.292998
2.7,6,109.397024
-17.7,6,109.465713
-32.966667,6,109.541762
-38.9,6,109.624929
-31.433333,6,109.677629
-22.833333,6,109.779628
-5.7,6,109.885844
-28.066667,6,110.072853
-26.533333,6,110.168723
-29.0,6,110.262061
4.066667,6,110.347565
-22.7,6,110.435548
-34.7,6,110.531497
-4.466667,6,110.612018
-24.533333,6,110.71144
-15.4,6,110.793608
-21.9,6,110.878252
-34.333333,6,110.968402
-0.466667,6,111.034591
-32.966667,6,111.131856
-21.433333,6,111.232287
-14.666667,6,111.28161
-26.0,6,111.407631
-7.6,6,111.525054
-30.0,6,111.623826
-29.866667,6,111.707489
-17.033333,6,111.822481
-12.533333,6,111.937321
-13.233333,6,112.031334
-30.3,6,112.123298
-22.4,6,112.201669
-27.566667,6,112.271489
12.466667,6,112.379252
-26.166667,6,112.447648
-27.1,6,112.535902
-4.933333,6,112.590961
-5.566667,6,112.685714
-9.333333,6,112.751744
2.266667,6,112.815588
0.6,6,112.875295
-33.666667,6,112.951534
-37.266667,6,113.032924
-9.8,6,113.122602
-40.2,6,113.21627
-26.466667,6,113.271787
-30.666667,6,113.332213
-17.0,6,113.397535
-28.4,6,113.502025
-49.3,6,113.574805
-32.1,6,113.662954
-5.1,6,113.718126
-25.233333,6,113.7923
-54.433333,6,113.865883
-26.533333,6,113.916664
-11.6,6,113.987379
-4.1,6,114.055729
-18.033333,6,114.140482
-26.6,6,114.331494
-30.866667,6,114.428299
-15.1,6,114.531022
-16.033333,6,114.591213
167.033333,4,114.641991
16.933333,6,114.711829
-41.233333,6,114.797546
-14.833333,6,114.876146
-18.1,6,114.955801
-9.733333,6,115.044116
-9.633333,6,115.120631
-34.333333,6,115.22082
-16.2,6,115.309448
-3.533333,6,115.362008
13.3,6,115.429299
-23.433333,6,115.498987
-36.1,6,115.613707
-16.133333,6,115.707257
-0.333333,6,115.791647
-34.6,6,115.870613
-27.933333,6,115.971989
-5.4,6,116.043715
-7.4,6,116.093532
-6.466667,6,116.183889
-39.066667,6,116.263419
-31.033333,6,116.391012
-5.9,6,116.505617
-8.6,6,116.591779
-25.4,6,116.662898
-23.266667,6,116.72027
-9.533333,6,116.843373
-27.433333,6,116.975451
-21.5,6,117.057515
-8.133333,6,117.138817
-6.266667,6,117.192973
-17.1,6,117.335542
-25.2,6,117.44215
-21.0,6,117.524328
-13.8,6,117.578588
-8.8,6,117.650053
-1.6,6,117.723694
-27.933333,6,117.80631
-22.7,6,117.880571
-36.6,6,117.961589
-9.7,6,118.041586
-15.2,6,118.11761
-33.866667,6,118.20384
-34.2,6,118.256193
-5.8,6,118.327517
-26.433333,6,118.408492
-12.5,6,118.584607
-37.833333,6,118.6673
-34.166667,6,118.725442
-21.533333,6,118.830656
7.733333,6,118.918516
-36.6,6,118.997051
-15.166667,6,119.054214
-9.9,6,119.151714
-29.433333,6,119.271764
11.233333,6,119.344995
-8.466667,6,119.420811
-17.5,6,119.511053
-27.933333,6,119.595138
-13.333333,6,119.653671
-25.733333,6,119.752721
-25.933333,6,119.817977
-28.133333,6,119.918786
-13.333333,6,120.005125
-10.5,6,120.07921
-39.466667,6,120.130851
-26.7,6,120.203419
-8.866667,6,120.271672
-39.3,6,120.352607
-17.133333,6,120.417803
-25.6,6,120.476823
7.5,6,120.605917
-24.6,6,120.675736
-27.633333,6,120.720164
-16.7,6,120.763461
-33.7,6,120.867609
-17.233333,6,120.923272
-6.1,6,121.028232
-14.8,6,121.110063
-19.4,6,121.170133
-32.966667,6,121.250705
-10.8,6,121.311283
-30.966667,6,121.392758
-18.066667,6,121.485851
-6.566667,6,121.55473
-28.9,6,121.66019
-17.7,6,121.743669
-3.933333,6,121.843594
-8.133333,6,121.945387
-27.566667,6,121.996697
-2.733333,6,122.077796
-25.133333,6,122.170376
2.933333,6,122.241392
-54.066667,6,122.329775
-29.033333,6,122.419587
-33.033333,6,122.510961
-19.733333,6,122.642279
-11.933333,6,122.721769
-21.5,6,122.788596
-24.933333,6,122.862993
-14.266667,6,122.957874
-33.0,6,123.018565
-22.166667,6,123.101733
-11.166667,6,123.182109
-38.733333,6,123.28814
-33.2,6,123.35464
-19.333333,6,123.413275
-34.933333,6,123.492746
-28.4,6,123.604634
-22.666667,6,123.688243
-28.133333,6,123.76097
-27.6,6,123.823756
-11.866667,6,123.917711
-20.4,6,123.993958
-5.633333,6,124.064938
-18.3,6,124.179394
-9.2,6,124.29493
-10.7,6,124.373056
-5.633333,6,124.443022
168.133333,5,124.507393
-16.733333,6,124.598762
-28.133333,6,124.833239
-31.2,6,124.919629
-28.133333,6,125.012077
2.633333,6,125.084791
-26.333333,6,125.168427
-15.266667,6,125.257999
-26.166667,6,125.344776
-28.133333,6,125.442879
-35.333333,6,125.548187
-22.3,6,125.614178
-34.933333,6,125.708042
-1.533333,6,125.766711
-6.166667,6,125.823394
-19.5,6,125.946256
-21.566667,6,126.042146
-36.666667,6,126.108617
-29.833333,6,126.208007
-25.433333,6,126.29212
-3.0,6,126.37065
-10.833333,6,126.424047
-4.033333,6,126.512697
-35.166667,6,126.603715
-29.866667,6,126.725797
-5.933333,6,126.813651
-29.5,6,126.893069
-32.266667,6,127.022472
12.4,6,127.1057
0.333333,6,127.177419
-29.733333,6,127.249498
-4.6,6,127.325646
-20.9,6,136.00788
-24.566667,6,136.032318
8.933333,6,136.052593
-2.6,6,136.072649
-13.366667,6,136.099024
-22.9,6,136.121392
-43.366667,6,136.148484
-2.0,6,136.164839
-17.566667,6,136.193966
-24.2,6,136.222166
-19.3,6,136.244212
-24.566667,6,136.268233
4.9,6,136.290611
-25.333333,6,136.315295
-28.0,6,136.346194
-15.766667,6,136.370701
7.7,6,136.399702
-21.666667,6,136.415905
-34.033333,6,136.434225
-18.4,6,136.462944
-18.833333,6,136.479825
-24.4,6,136.498612
-26.5,6,136.528381
-8.7,6,136.552502
-26.9,6,136.570689
-25.433333,6,136.594438
-19.8,6,136.61376
-14.5,6,136.629859
-5.433333,6,136.651837
-1.1,6,136.663846
4.033333,6,136.683597
-23.433333,6,136.703533
170.7,2,136.711436
-35.833333,6,136.738091
-15.1,6,136.7612
-31.3,6,136.784695
-35.9,6,136.805779
-22.8,6,136.828889
-32.533333,6,136.859416
-19.633333,6,136.883734
-36.833333,6,136.915884
-33.2,6,136.939482
-26.333333,6,136.970935
-15.6,6,137.001406
-15.233333,6,137.020966
-27.033333,6,137.044407
-18.7,6,137.074867
-41.4,6,137.096928
-17.666667,6,137.12471
-13.2,6,137.148213
-28.0,6,137.176566
-15.233333,6,137.19999
-28.233333,6,137.222528
-15.7,6,137.242947
-3.733333,6,137.266181
-12.366667,6,137.289238
-15.966667,6,137.312946
-19.933333,6,137.335363
-8.766667,6,137.360821
-14.2,6,137.383518
-22.333333,6,137.410112
-31.6,6,137.440956
-27.8,6,137.46673
-51.2,6,137.489174
-27.233333,6,137.517353
-26.766667,6,137.54937
-25.3,6,137.563143
-33.233333,6,137.58864
-16.066667,6,137.608679
-19.9,6,137.644176
-22.966667,6,137.669532
187.3,5,137.686943
-13.8,6,137.713022
-9.766667,6,137.735744
-13.4,6,137.75331
-16.666667,6,137.775597
1.666667,6,137.801376
-16.933333,6,137.827891
-37.333333,6,137.8596
-22.9,6,137.883016
-27.566667,6,137.899504
-16.4,6,137.914889
-25.866667,6,137.947765
-31.066667,6,137.96006
-10.533333,6,137.989177
13.933333,6,138.014221
-11.1,6,138.029828
-16.333333,6,138.059675
-28.433333,6,138.080117
-14.533333,6,138.112102
-29.9,6,138.144686
-26.0,6,138.168231
5.433333,6,138.194363
-2.2,6,138.215759
152.4,5,138.235338
3.566667,6,138.264419
-14.233333,6,138.287594
-0.566667,6,138.309838
-47.5,6,138.326928
-37.5,6,138.345633
-22.533333,6,138.376174
-20.733333,6,138.39451
-19.966667,6,138.413926
-17.4,6,138.434067
-28.566667,6,138.458681
-19.566667,6,138.48931
-12.033333,6,138.510262
-30.133333,6,138.534741
-28.733333,6,138.551619
-10.4,6,138.569607
-9.833333,6,138.594188
-41.133333,6,138.620866
-9.9,6,138.650995
-7.733333,6,138.675435
-22.633333,6,138.702314
-13.3,6,138.729142
-29.033333,6,138.751302
-5.166667,6,138.771532
-34.433333,6,138.79562
-7.266667,6,138.813542
-33.0,6,138.839511
-9.9,6,138.86406
-29.566667,6,138.8824
-14.366667,6,138.911117
-10.166667,6,138.930647
-36.2,6,138.953294
-33.4,6,138.969305
-19.566667,6,138.998359
-11.866667,6,139.020814
-34.433333,6,139.04948
-24.5,6,139.064628
-11.566667,6,139.079159
-15.633333,6,139.100696
-1.433333,6,139.117661
-27.1,6,139.148442
-20.833333,6,139.18141
-23.266667,6,139.209549
-21.066667,6,139.241668
-29.266667,6,139.266479
-20.433333,6,139.290322
-20.066667,6,139.316815
-21.266667,6,139.339778
-26.2,6,139.372302
-31.933333,6,139.395887
-24.766667,6,139.430593
-26.4,6,139.464041
-32.733333,6,139.483763
-25.233333,6,139.500576
-14.6,6,139.524687
-8.733333,6,139.5479
-11.6,6,139.572378
4.4,6,139.599083
-34.266667,6,139.620582
-18.166667,6,139.648823
-22.333333,6,139.675463
-19.366667,6,139.697695
-0.8,6,139.71805
-11.833333,6,139.742286
-23.466667,6,139.774404
-25.7,6,139.797576
-10.366667,6,139.828475
-13.633333,6,139.858806
-5.333333,6,139.882661
-17.933333,6,139.904686
-12.5,6,139.930261
-26.933333,6,139.953124
-6.6,6,139.978374
-31.8,6,140.010944
-14.6,6,140.033447
-15.3,6,140.062774
-10.933333,6,140.098034
-17.633333,6,140.156919
-14.233333,6,140.19318
-27.9,6,140.222182
-19.1,6,140.246973
-19.3,6,140.266111
3.366667,6,140.288259
-25.9,6,140.318561
-35.033333,6,140.334538
-21.9,6,140.357776
-37.4,6,140.381231
-25.033333,6,140.409513
-14.1,6,140.432235
-17.833333,6,140.453309
-20.566667,6,140.472856
-28.733333,6,140.502638
-13.066667,6,140.536723
-22.033333,6,140.567584
-9.8,6,140.591921
-12.233333,6,140.623607
-19.033333,6,140.651719
-15.933333,6,140.669222
-4.1,6,140.698031
-0.466667,6,140.718944
-20.566667,6,140.760185
-25.266667,6,140.786968
-6.5,6,140.818626
-34.366667,6,140.849857
-38.9,6,140.878527
-28.666667,6,140.902017
-30.8,6,140.920623
7.633333,6,140.93128
-14.433333,6,140.952564
-9.566667,6,140.971168
-25.866667,6,140.989452
-22.1,6,141.016091
-19.8,6,141.042536
-23.066667,6,141.064479
1.066667,6,141.091733
-4.266667,6,141.116483
-29.066667,6,141.137276
-17.8,6,141.159867
-21.966667,6,141.175281
-25.0,6,141.196801
-4.6,6,141.220864
-26.833333,6,141.241899
-27.833333,6,141.26534
-22.6,6,141.294617
-20.566667,6,141.31389
-18.333333,6,141.351547
-32.933333,6,141.378907
-28.333333,6,141.397487
8.433333,6,141.415854
10.1,6,141.437012
-23.8,6,141.458225
-37.966667,6,141.480497
-33.533333,6,141.509317
-2.7,6,141.533438
-31.966667,6,141.560928
-13.433333,6,141.576749
-28.333333,6,141.600085
-12.4,6,141.620281
-35.233333,6,141.643439
-4.033333,6,141.657866
-23.8,6,141.68637
-22.833333,6,141.710217
-23.466667,6,141.73718
169.6,3,141.748139
-24.5,6,141.771846
-39.4,6,141.800236
-23.9,6,141.817261
-6.333333,6,141.839441
-18.0,6,141.863501
-31.133333,6,141.891549
-9.066667,6,141.927181
-18.666667,6,141.949528
-6.866667,6,141.973809
-41.466667,6,142.000312
-35.333333,6,142.018778
-12.5,6,142.039191
-13.1,6,142.059967
-41.066667,6,142.085008
-28.0,6,142.11258
-14.033333,6,142.13474
-15.033333,6,142.159348
-27.1,6,142.178886
-24.533333,6,142.201422
-18.1,6,142.21815
-0.7,6,142.243261
-6.866667,6,142.267414
-36.266667,6,142.289881
-13.533333,6,142.313407
-24.0,6,142.341956
-33.033333,6,142.367423
-29.233333,6,142.39303
-21.833333,6,142.420388
-28.333333,6,142.445772
-30.266667,6,142.465627
8.466667,6,142.486704
-33.033333,6,142.527367
-14.766667,6,142.562757
-29.8,6,142.587901
-22.933333,6,142.611128
-12.233333,6,142.632087
-29.8,6,142.657659
-28.966667,6,142.682657
-39.133333,6,142.711118
-23.233333,6,142.73031
-22.1,6,142.755368
-61.466667,6,142.780698
-17.366667,6,142.810996
-41.133333,6,142.835316
-4.733333,6,142.861646
-19.6,6,142.888618
-29.066667,6,142.915082
-49.8,6,142.94022
1.533333,6,142.956161
-29.0,6,142.975134
-30.466667,6,143.00235
-25.433333,6,143.021465
-15.766667,6,143.037016
-20.4,6,143.056513
-19.0,6,143.072074
-25.266667,6,143.103592
-8.766667,6,143.134641
-17.533333,6,143.15559
-17.133333,6,143.178975
-22.2,6,143.20818
-22.233333,6,143.232399
-7.166667,6,143.24827
-20.433333,6,143.27851
4.533333,6,143.298876
-22.066667,6,143.323147
-6.9,6,143.349492
-14.733333,6,143.371109
-26.933333,6,143.385752
-2.666667,6,143.411473
16.0,6,143.437183
-13.833333,6,143.462147
3.033333,6,143.488102
-27.4,6,143.512322
-7.8,6,143.531822
-21.1,6,143.560641
-4.1,6,143.580476
-12.0,6,143.60376
-25.666667,6,143.630439
-7.966667,6,143.656937
-7.533333,6,143.672969
-9.3,6,143.697372
-0.133333,6,143.729433
-22.066667,6,143.754526
-36.766667,6,143.782614
-7.3,6,143.809553
-14.533333,6,143.832242
-20.933333,6,143.857564
-18.366667,6,143.883041
-3.0,6,143.906672
-28.333333,6,143.927193
-18.333333,6,143.952294
-35.233333,6,143.979719
-27.066667,6,144.006587
-22.366667,6,144.029675
-13.366667,6,144.047442
-20.7,6,144.069174
-39.066667,6,144.104177
7.566667,6,144.1224
-25.766667,6,144.144359
-12.1,6,144.174024
-9.3,6,144.201535
-36.666667,6,144.233598
-29.3,6,144.258143
-29.666667,6,144.279327
-27.333333,6,144.307825
-25.533333,6,150.311622
-29.9,6,150.346903
-27.1,6,150.37661
-16.533333,6,150.402449
-26.8,6,150.426514
-31.166667,6,150.451216
-4.833333,6,150.471201
-28.6,6,150.492869
-32.133333,6,150.519102
-17.133333,6,150.546847
-15.466667,6,150.572625
-19.233333,6,150.609019
-18.633333,6,150.637676
-19.7,6,150.654625
-15.933333,6,150.679956
-19.633333,6,150.696978
-16.466667,6,150.717084
-24.2,6,150.73886
-17.533333,6,150.761286
-22.0,6,150.779664
-27.9,6,150.800278
-23.366667,6,150.824698
-13.1,6,150.853994
-3.533333,6,150.882505
0.166667,6,150.896636
-26.066667,6,150.922626
-23.5,6,150.957276
-20.0,6,150.985273
-32.966667,6,151.009474
-36.5,6,151.038048
0.366667,6,151.050564
-24.6,6,151.072532
-11.233333,6,151.08614
-13.033333,6,151.103516
-8.533333,6,151.119212
-20.3,6,151.147675
-10.866667,6,151.165827
-23.9,6,151.192599
-9.6,6,151.209634
-21.133333,6,151.234253
-11.5,6,151.256691
-30.633333,6,151.28176
-6.833333,6,151.299924
-15.633333,6,151.327842
-10.966667,6,151.349861
2.866667,6,151.377254
-26.9,6,151.397013
-27.9,6,151.426199
-28.133333,6,151.448321
-32.5,6,151.474704
-24.166667,6,151.499577
-15.466667,6,151.529539
-39.333333,6,151.555138
-21.9,6,151.581399
-5.933333,6,151.593563
-23.233333,6,151.614318
4.766667,6,151.631974
-1.233333,6,151.658255
-31.433333,6,151.679713
-20.966667,6,151.701626
-27.366667,6,151.722537
-33.5,6,151.75147
-26.833333,6,151.777691
-26.633333,6,151.804368
-19.066667,6,151.82908
-1.033333,6,151.844578
-25.533333,6,151.865536
-18.1,6,151.891906
-34.933333,6,151.917634
-30.4,6,151.943003
-24.233333,6,151.965913
-7.566667,6,151.989681
-19.2,6,152.005597
-17.733333,6,152.030929
-6.366667,6,152.052916
-26.266667,6,152.090149
-32.433333,6,152.112181
-39.066667,6,152.133476
-17.966667,6,152.164168
-13.966667,6,152.192367
-11.466667,6,152.222362
-27.5,6,152.248556
-41.033333,6,152.280846
-15.7,6,152.301979
-22.5,6,152.332503
-28.333333,6,152.356424
-33.366667,6,152.381881
-16.833333,6,152.420403
-21.4,6,152.445458
9.2,6,152.461351
-31.033333,6,152.489417
-14.2,6,152.516394
-18.6,6,152.537476
-36.4,6,152.566724
-9.6,6,152.587841
-30.966667,6,152.617026
-23.366667,6,152.642635
-11.333333,6,152.668095
-27.1,6,152.688749
-20.766667,6,152.705566
-20.833333,6,152.741937
-39.9,6,152.769019
-19.066667,6,152.796174
-1.1,6,152.811218
-15.133333,6,152.83001
-24.266667,6,152.861557
-30.3,6,152.880596
-27.0,6,152.899411
8.033333,6,152.914226
-6.1,6,152.94066
-26.6,6,152.96664
-30.366667,6,153.346662
-30.4,6,153.36519
-39.966667,6,153.394222
-16.333333,6,153.4241
-15.766667,6,153.440987
-6.8,6,153.460561
-27.833333,6,153.479227
-27.866667,6,153.501112
-21.233333,6,153.526318
-15.933333,6,153.559156
-18.3,6,153.582311
-29.566667,6,153.603515
-19.033333,6,153.635744
-22.233333,6,153.660622
-32.8,6,153.698485
-31.9,6,153.724
-28.166667,6,153.747995
-6.666667,6,153.771088
7.333333,6,153.791643
-26.033333,6,153.814094
-31.866667,6,153.838433
-16.166667,6,153.863092
-13.266667,6,153.883477
-7.866667,6,153.903647
-22.733333,6,153.934078
2.233333,6,153.956161
-18.266667,6,153.978519
0.066667,6,153.995411
-39.7,6,154.015263
0.366667,6,154.044048
-25.2,6,154.070721
0.433333,6,154.098988
-8.166667,6,154.127856
-38.166667,6,154.155217
-5.2,6,154.177489
-10.066667,6,154.203455
-34.1,6,154.244222
-16.266667,6,154.276157
-16.0,6,154.302207
-29.2,6,154.373909
4.166667,6,154.399916
-7.6,6,154.425062
-24.3,6,154.452807
-26.033333,6,154.474274
11.3,6,154.492646
-4.266667,6,154.516741
-40.133333,6,154.543921
12.166667,6,154.56509
13.433333,6,154.591304
4.066667,6,154.618376
-20.4,6,154.644012
-8.2,6,154.671625
-10.0,6,154.703136
-18.8,6,154.731024
-8.966667,6,154.749885
-17.866667,6,154.77728
-19.133333,6,154.800988
-28.433333,6,154.81813
-4.566667,6,154.83402
-6.066667,6,154.857597
0.233333,6,154.876887
-51.266667,6,154.908805
-24.866667,6,154.933335
3.466667,6,154.95959
-7.0,6,155.001652
-20.333333,6,155.028492
-36.233333,6,155.053919
-18.0,6,155.077325
-37.166667,6,155.103354
5.1,6,155.119817
-33.433333,6,155.155092
-15.866667,6,155.184157
-9.066667,6,155.20252
-20.333333,6,155.21745
-28.0,6,155.236672
-6.1,6,155.259309
-13.733333,6,155.28931
-6.1,6,155.309058
-22.866667,6,155.332604
-25.9,6,155.354822
-4.166667,6,155.379654
-15.9,6,155.406883
-23.533333,6,155.432979
-22.0,6,155.456393
-31.133333,6,155.47577
-7.6,6,155.49877
-14.466667,6,155.526809
-28.466667,6,155.553075
-26.666667,6,155.571143
-15.333333,6,155.608502
-12.3,6,155.630554
6.766667,6,155.652078
-38.166667,6,155.677835
-9.3,6,155.696974
-13.766667,6,155.716392
-9.966667,6,155.735158
7.5,6,155.762068
-11.133333,6,155.780346
-37.233333,6,155.806786
-39.033333,6,155.836202
13.233333,6,155.851597
-18.433333,6,155.875242
-36.533333,6,155.898154
0.866667,6,155.927921
-29.4,6,155.960875
-21.433333,6,155.982399
-20.066667,6,156.005542
-4.633333,6,156.032142
-15.633333,6,156.055758
-23.833333,6,156.068193
-24.366667,6,156.091973
-33.5,6,156.111734
-26.166667,6,156.138043
-23.7,6,156.170433
-19.6,6,156.209988
-15.166667,6,156.234776
-36.933333,6,156.258737
3.266667,6,156.287941
-10.3,6,156.309933
-8.8,6,156.344545
4.2,6,156.371638
-1.0,6,156.386855
-16.033333,6,156.412925
-44.3,6,156.440409
-30.966667,6,156.469569
-35.566667,6,156.490563
-10.066667,6,156.515567
0.833333,6,156.537355
-16.666667,6,156.568301
-8.0,6,156.58816
-23.033333,6,156.622246
-41.533333,6,156.653386
-3.5,6,156.692677
-20.866667,6,156.739366
-15.733333,6,156.774122
-34.033333,6,156.801729
-33.3,6,156.829455
-1.8,6,156.855399
-25.133333,6,156.874673
-20.466667,6,156.909119
-15.933333,6,156.938431
-2.9,6,156.970855
-23.8,6,156.99294
-25.566667,6,157.028179
-24.2,6,157.053463
-32.966667,6,157.076017
8.433333,6,157.114036
-16.733333,6,157.13376
-19.466667,6,157.151631
-5.1,6,157.174327
-24.066667,6,157.201925
-24.533333,6,157.232262
9.866667,6,157.246092
-36.4,6,157.271622
-19.633333,6,157.294038
-3.333333,6,157.325165
-13.166667,6,157.347368
-21.366667,6,157.378012
-1.333333,6,157.397481
-19.866667,6,157.416368
-6.733333,6,157.442684
-30.2,6,157.46948
-15.4,6,157.496515
-34.233333,6,157.523395
-15.133333,6,157.58818
-22.8,6,157.622367
8.666667,6,157.643874
8.533333,6,157.680281
-31.4,6,157.705702
1.666667,6,157.731401
-16.533333,6,157.758772
-33.333333,6,157.782686
-0.533333,6,157.811377
-18.1,6,157.838285
-19.266667,6,157.876438
168.633333,5,157.910781
175.8,4,157.938451
-10.266667,6,157.963139
-20.466667,6,158.005708
-27.166667,6,158.050171
-17.566667,6,158.073327
-5.8,6,158.109056
-12.966667,6,158.132471
0.533333,6,158.158961
-30.7,6,158.186088
-26.933333,6,158.219793
-21.566667,6,158.249153
-30.066667,6,158.274919
-23.2,6,158.304055
-28.4,6,158.339391
-21.866667,6,158.363643
-26.433333,6,158.386754
175.466667,5,158.405062
-4.5,6,158.441887
-31.3,6,158.472251
-19.5,6,158.491253
-14.433333,6,158.519175
-20.833333,6,158.545003
-15.4,6,158.565763
-31.633333,6,158.591083
-13.933333,6,158.606009
7.033333,6,158.634055
-32.1,6,158.660146
-27.266667,6,158.681098
-27.333333,6,158.696784
-12.7,6,158.723246
-22.366667,6,158.753638
-10.5,6,158.794097
-28.833333,6,158.826235
-16.466667,6,158.845393
17.766667,6,158.864278
-27.2,6,158.891611
-29.4,6,158.91576
-12.666667,6,158.945497
-27.366667,6,158.985208
-16.6,6,159.017566
-15.966667,6,159.0296
-19.066667,6,159.050914
-3.866667,6,159.074327
-17.2,6,159.10234
-26.033333,6,159.133435
-35.066667,6,159.165364
-14.5,6,159.193811
-29.733333,6,159.220165
-29.733333,6,159.251612
-7.5,6,159.269415
-28.5,6,159.328462
-23.866667,6,159.356528
2.9,6,159.37671
-17.633333,6,159.399965
-10.333333,6,159.426613
-29.966667,6,165.798996
-24.7,6,165.822117
-12.9,6,165.846437
0.266667,6,165.869849
-10.2,6,165.889831
-33.6,6,165.921323
-39.233333,6,165.94716
-12.0,6,165.975204
-7.933333,6,166.011683
-4.3,6,166.036027
-22.8,6,166.062581
19.266667,6,166.088191
-17.8,6,166.102224
-14.2,6,166.1228
-30.966667,6,166.14521
-15.466667,6,166.162182
-34.666667,6,166.186037
-20.066667,6,166.209919
-22.033333,6,166.239088
-5.333333,6,166.270389
-21.966667,6,166.289294
12.6,6,166.323467
-28.466667,6,166.351078
-8.366667,6,166.37102
-19.833333,6,166.390023
3.466667,6,166.407406
-16.233333,6,166.4317
-12.366667,6,166.459807
-30.133333,6,166.481342
-17.966667,6,166.51167
-19.466667,6,166.535266
-30.9,6,166.568776
-29.9,6,166.601841
-30.233333,6,166.631231
-14.6,6,166.651521
-17.9,6,166.675366
-13.8,6,166.691179
-7.666667,6,166.712932
-13.066667,6,166.740864
-26.1,6,166.76071
-24.366667,6,166.78988
-32.866667,6,166.815117
-15.733333,6,166.835697
-1.833333,6,166.854442
-21.466667,6,166.873906
-18.033333,6,166.89996
-9.766667,6,166.918547
-13.633333,6,166.934988
-9.566667,6,166.959033
-29.8,6,166.992328
-23.1,6,167.016556
-38.966667,6,167.045345
-6.466667,6,167.064727
5.9,6,167.081089
-24.6,6,167.105752
-20.166667,6,167.136329
-23.5,6,167.153976
-1.233333,6,167.187819
-13.166667,6,167.214586
-17.366667,6,167.241409
-23.133333,6,167.262941
-21.0,6,167.297536
-13.366667,6,167.32809
-24.533333,6,167.347727
-33.033333,6,167.375561
-19.666667,6,167.402033
-18.466667,6,167.443917
-27.766667,6,167.466918
-6.0,6,167.491774
-17.933333,6,167.516995
-34.766667,6,167.550785
-14.8,6,167.579082
-34.666667,6,167.60298
-19.566667,6,167.619628
-27.9,6,167.647673
-14.4,6,167.675322
-3.833333,6,167.696275
-25.8,6,167.722512
-27.033333,6,167.743409
-36.066667,6,167.770269
-26.166667,6,167.789543
-7.266667,6,167.805528
-3.5,6,167.843975
-35.766667,6,167.869248
-33.9,6,167.893401
-13.033333,6,167.915931
-28.666667,6,167.941232
-32.433333,6,167.970326
-12.733333,6,167.986546
-15.166667,6,168.006683
-19.233333,6,168.032017
-18.6,6,168.05266
-26.266667,6,168.08122
-26.333333,6,168.109493
-14.3,6,168.125943
-56.5,6,168.155043
-0.466667,6,168.180361
-12.933333,6,168.204434
156.066667,5,168.22912
-8.6,6,168.250713
1.033333,6,168.268997
-12.0,6,168.291025
7.1,6,168.306441
-16.066667,6,168.32356
-13.5,6,168.347881
-23.7,6,168.372594
-34.633333,6,168.402218
-29.533333,6,168.43784
-39.3,6,168.459117
-8.166667,6,168.483272
-22.8,6,168.507056
-8.7,6,168.526812
-19.066667,6,168.546983
-22.0,6,168.570002
-24.566667,6,168.587152
-21.1,6,168.612145
-25.5,6,168.635805
-35.1,6,168.659476
-11.5,6,168.689086
-18.366667,6,168.716068
-16.833333,6,168.734112
-5.133333,6,168.770508
-10.033333,6,168.799716
-37.5,6,168.826147
-34.3,6,168.84857
-27.333333,6,168.87619
3.566667,6,168.891798
-32.033333,6,168.918935
-28.233333,6,168.935138
-26.566667,6,168.958833
-24.433333,6,168.980552
-19.733333,6,169.005645
-7.733333,6,169.036654
-23.5,6,169.060954
-15.0,6,169.093695
-18.933333,6,169.11687
-23.6,6,169.1441
-1.8,6,169.171387
-38.066667,6,169.20812
-19.366667,6,169.240005
-26.2,6,169.26238
-23.466667,6,169.28189
-28.5,6,169.302225
-7.3,6,169.327322
-29.633333,6,169.351106
-41.7,6,169.382782
-14.8,6,169.408814
-13.133333,6,169.437394
-33.033333,6,169.466101
-4.566667,6,169.492675
-26.0,6,169.514183
-18.6,6,169.540947
-25.2,6,169.569631
-27.6,6,169.601677
-17.7,6,169.616986
-2.733333,6,169.636912
-19.633333,6,169.66146
-32.8,6,169.697482
-10.166667,6,169.710616
-11.866667,6,169.745068
-7.333333,6,169.766417
-14.6,6,169.785966
-13.166667,6,169.813897
-20.9,6,169.839347
-33.733333,6,169.866188
-29.233333,6,169.896456
-13.433333,6,169.926751
-32.266667,6,169.948091
-14.3,6,169.973512
-7.2,6,170.006072
-22.5,6,170.030025
-29.3,6,170.062035
-17.5,6,170.082506
-29.033333,6,170.10248
-22.9,6,170.123061
-20.033333,6,170.146733
-33.3,6,170.168933
-23.8,6,170.195111
-26.533333,6,170.220751
-9.333333,6,170.246172
-30.033333,6,170.274474
-15.2,6,170.298491
-25.8,6,170.340738
-28.966667,6,170.36391
-24.333333,6,170.384298
-16.966667,6,170.400727
-51.533333,6,170.435621
-0.166667,6,170.457567
-22.9,6,170.476864
-34.266667,6,170.50598
-0.433333,6,170.53212
-37.933333,6,170.559564
11.466667,6,170.581045
-29.0,6,170.603193
-24.766667,6,170.619552
-28.3,6,170.652988
-29.066667,6,170.672801
-34.766667,6,170.69773
-9.333333,6,170.720244
-13.066667,6,170.741751
-14.466667,6,170.765925
-16.833333,6,170.788093
-14.8,6,170.814543
-43.1,6,170.843619
-36.0,6,170.878175
12.666667,6,170.899856
13.4,6,170.938806
-15.4,6,170.966988
-34.4,6,170.993335
-1.533333,6,171.015505
-25.266667,6,171.040571
-10.066667,6,171.065727
-39.333333,6,171.099648
-17.5,6,171.127766
-17.8,6,171.160446
-9.3,6,171.204581
-2.333333,6,171.243557
-30.833333,6,171.262464
-16.833333,6,171.294628
-24.033333,6,171.330055
-26.5,6,171.350218
-18.066667,6,171.376087
-3.733333,6,171.397461
-35.166667,6,171.419019
-48.7,6,171.441089
-20.1,6,171.465878
5.2,6,171.490602
-36.5,6,171.520291
-17.733333,6,171.546649
-0.7,6,171.56321
-26.333333,6,171.590255
12.233333,6,171.636211
-13.666667,6,171.667455
-16.133333,6,171.692522
-4.933333,6,171.719252
-8.1,6,171.756001
-23.6,6,171.779525
-18.033333,6,171.799131
-37.733333,6,171.825891
-24.7,6,171.854451
-22.533333,6,171.879129
-26.1,6,171.899141
-17.766667,6,171.925415
-24.933333,6,171.944846
-27.2,6,171.983553
-4.3,6,172.002355
-13.666667,6,172.028861
-21.266667,6,172.047221
-18.366667,6,172.076529
-18.366667,6,172.091953
-27.933333,6,172.118044
-38.466667,6,172.146879
-20.8,6,172.167607
-9.933333,6,172.187218
-15.5,6,172.213802
-52.466667,6,172.24427
-3.633333,6,172.279886
-34.333333,6,172.307015
-16.6,6,172.335676
-28.5,6,172.369156
-18.3,6,172.392723
-9.433333,6,172.420689
-30.966667,6,172.445898
-21.533333,6,172.474453
-9.7,6,172.49998
-28.966667,6,172.534927
-30.3,6,172.567747
-25.133333,6,172.592087
-26.966667,6,172.612401
-21.533333,6,172.635818
-27.333333,6,172.664306
-24.6,6,172.696917
-21.633333,6,172.712815
4.966667,6,172.737578
-21.133333,6,172.763471
-5.7,6,172.780228
-10.233333,6,172.80645
-28.0,6,172.830662
12.266667,6,172.84428
-30.133333,6,172.86614
-20.166667,6,172.900313
-4.633333,6,172.935026
-16.9,6,172.96393
-39.4,6,172.995609
-17.233333,6,173.025148
-24.433333,6,173.053599
-17.2,6,173.083496
-23.8,6,173.108829
-37.066667,6,173.141077
-16.333333,6,173.17203
-13.6,6,173.195467
-37.666667,6,173.219956
-23.866667,6,173.243798
-14.766667,6,173.26919
-24.333333,6,173.299274
-43.033333,6,173.334253
-17.6,6,173.36552
-30.533333,6,173.390882
-31.033333,6,173.424138
-28.666667,6,173.452302
-32.6,6,173.490132
-28.533333,6,173.540354
-17.833333,6,173.579279
-39.633333,6,173.611442
-21.3,6,173.635946
-22.633333,6,173.672232
-24.433333,6,173.712053
-22.633333,6,173.737311
-30.4,6,173.770078
-27.4,6,173.792341
-24.033333,6,173.817081
-10.966667,6,173.832969
-13.1,6,173.866441
7.566667,6,173.900447
-13.2,6,173.936897
-15.5,6,173.960219
-22.533333,6,173.995162
-35.666667,6,174.028324
-15.866667,6,174.048099
-3.6,6,174.072155
-18.0,6,174.100312
-21.333333,6,174.124954
-29.466667,6,174.145134
-15.466667,6,174.173187
-4.166667,6,174.201783
-35.066667,6,174.224831
-2.7,6,174.257228
-31.133333,6,174.28044
-26.666667,6,174.308008
-8.033333,6,174.327346
-4.533333,6,174.352187
-13.833333,6,174.387573
-18.8,6,174.402636
11.266667,6,174.428324
-26.266667,6,174.455451
-25.733333,6,174.474837
0.2,6,174.501508
-43.033333,6,174.546412
-14.466667,6,174.58561
-1.2,6,174.628236
-11.5,6,174.646234
-22.466667,6,174.687294
-15.3,6,180.992492
-31.9,6,181.011414
-28.833333,6,181.034042
-12.066667,6,181.059147
-11.066667,6,181.073945
176.566667,6,181.091684
-6.733333,6,181.104177
-21.366667,6,181.129859
4.933333,6,181.144523
-40.133333,6,181.160629
-20.7,6,181.179201
-32.2,6,181.201253
-13.433333,6,181.219075
-26.366667,6,181.239735
-7.266667,6,181.263223
-21.733333,6,181.287795
-12.7,6,181.316343
-7.633333,6,181.341329
-20.8,6,181.358535
-23.266667,6,181.379903
-3.533333,6,181.403167
-17.0,6,181.426638
-26.833333,6,181.445757
-13.9,6,181.466628
-13.233333,6,181.485813
-19.233333,6,181.5128
-9.5,6,181.543592
-9.733333,6,181.563821
1.866667,6,181.585353
-9.633333,6,181.606808
-19.733333,6,181.621057
-7.7,6,181.644695
-10.033333,6,181.665276
6.833333,6,181.694565
15.066667,6,181.714697
-21.9,6,181.738987
-31.9,6,181.767473
-12.033333,6,181.787325
0.466667,6,181.809121
-11.966667,6,181.846029
-35.666667,6,181.874383
-15.433333,6,181.897838
-15.333333,6,181.920659
-27.9,6,181.947607
-18.033333,6,181.96951
-23.6,6,181.990412
-11.533333,6,182.014237
-24.533333,6,182.037158
-23.866667,6,182.059039
-26.5,6,182.088571
-33.0,6,182.107282
5.166667,6,182.127254
-13.933333,6,182.151287
4.633333,6,182.171772
-9.366667,6,182.195349
-0.233333,6,182.214355
-21.633333,6,182.232888
-33.7,6,182.254286
6.233333,6,182.276003
9.666667,6,182.298595
-20.7,6,182.324233
-10.033333,6,182.349257
-23.866667,6,182.378492
-25.766667,6,182.410461
-13.1,6,182.430159
-20.566667,6,182.45278
-20.333333,6,182.478115
-9.866667,6,182.502203
-10.5,6,182.527112
-12.666667,6,182.545459
-13.833333,6,182.562834
-9.066667,6,182.588822
-11.066667,6,182.612749
-21.233333,6,182.639744
-6.1,6,182.65022
-6.6,6,182.668116
-15.6,6,182.695423
-12.7,6,182.722456
-28.4,6,182.741874
-28.333333,6,182.770502
-8.533333,6,182.793305
-27.066667,6,182.822009
-14.933333,6,182.84397
-40.6,6,182.860768
-18.766667,6,182.889251
-18.466667,6,182.914081
-32.2,6,182.945024
-25.533333,6,182.956633
-20.1,6,182.984322
-21.333333,6,183.004233
-1.966667,6,183.030637
-2.933333,6,183.065958
-43.866667,6,183.095423
-32.533333,6,183.123078
-20.3,6,183.147821
-17.233333,6,183.180565
-29.966667,6,183.205297
-8.833333,6,183.224072
-28.9,6,183.248523
-18.3,6,183.271468
-28.233333,6,183.291537
1.4,6,183.321706
12.433333,6,183.346362
-27.266667,6,183.367876
-10.3,6,183.388121
-3.6,6,183.40338
9.233333,6,183.427496
-7.2,6,183.446795
-19.1,6,183.465967
-22.133333,6,183.489501
-3.1,6,183.501646
-18.166667,6,183.521264
-29.4,6,183.534925
-12.833333,6,183.574359
-37.633333,6,183.598413
-11.0,6,183.615283
-22.8,6,183.634792
-0.633333,6,183.651892
-32.1,6,183.678025
-26.266667,6,183.704092
-12.466667,6,183.72635
-19.3,6,183.750126
-22.733333,6,183.776462
-21.0,6,183.794611
-20.166667,6,183.816521
-9.266667,6,183.84063
-35.0,6,183.868255
-19.9,6,183.897944
-4.533333,6,183.920682
-12.833333,6,183.94761
-16.4,6,183.974482
-14.1,6,184.002567
-19.466667,6,184.046675
-2.633333,6,184.082196
-23.5,6,184.116226
-1.133333,6,184.139644
-2.3,6,184.15888
-25.133333,6,184.177471
-8.933333,6,184.215709
-29.733333,6,184.244936
-13.7,6,184.263304
9.1,6,184.284894
-26.5,6,184.318747
-35.733333,6,184.347095
-7.266667,6,184.368237
-20.266667,6,184.392574
-15.2,6,184.413358
-23.966667,6,184.435282
-34.033333,6,184.461355
-5.1,6,184.488445
-29.966667,6,184.504668
-22.633333,6,184.528057
-20.2,6,184.549224
-41.366667,6,184.578914
-22.266667,6,184.602074
-31.033333,6,184.631211
-0.4,6,184.664263
-6.7,6,184.689948
-14.133333,6,184.713842
-34.266667,6,184.735155
-18.966667,6,184.761213
-32.6,6,184.784665
-21.4,6,184.816324
-41.366667,6,184.850108
-6.833333,6,184.871377
-3.6,6,184.895566
-15.266667,6,184.918374
-11.966667,6,184.949923
0.233333,6,184.967967
-16.7,6,184.990697
-18.833333,6,185.015873
-11.966667,6,185.031038
1.266667,6,185.047257
-26.533333,6,185.065928
-21.633333,6,185.095996
-24.366667,6,185.115556
-11.533333,6,185.143173
-2.4,6,185.170001
-1.9,6,185.191731
-34.033333,6,185.214028
-18.366667,6,185.243711
-23.4,6,185.270286
-25.6,6,185.291855
8.666667,6,185.324507
-21.066667,6,185.350527
-21.966667,6,185.381887
-33.5,6,185.406716
-16.266667,6,185.440728
-32.266667,6,185.472947
-12.9,6,185.50116
-10.6,6,185.534739
-29.833333,6,185.563866
-27.066667,6,185.597405
-13.0,6,185.620645
-18.333333,6,185.641136
7.666667,6,185.663595
-25.433333,6,185.683731
3.533333,6,185.709177
-13.433333,6,185.731815
-22.9,6,185.760244
-13.7,6,185.787416
-30.066667,6,185.817427
-12.966667,6,185.844579
-25.4,6,185.878297
-17.433333,6,185.908759
-15.433333,6,185.920946
-11.266667,6,185.941999
-12.533333,6,185.974779
-25.266667,6,185.993544
-20.9,6,186.01487
-8.466667,6,186.039832
-4.133333,6,186.063276
-8.533333,6,186.097408
-24.666667,6,186.127864
-39.133333,6,186.159682
2.766667,6,186.184707
-19.733333,6,186.205803
-33.7,6,186.239846
-31.933333,6,186.261847
-14.966667,6,186.281805
-22.633333,6,186.306277
-15.666667,6,186.332669
-17.533333,6,186.362152
-20.666667,6,186.384382
-12.633333,6,186.411082
-2.633333,6,186.433692
-12.6,6,186.458274
-32.866667,6,186.477507
-11.433333,6,186.499869
-23.866667,6,186.532093
-32.033333,6,186.562562
-32.833333,6,186.59261
-24.733333,6,186.61578
-30.8,6,186.640146
-38.7,6,186.661867
-13.7,6,186.691426
-4.033333,6,186.715928
-7.533333,6,186.753323
-32.333333,6,186.778111
-8.533333,6,186.805508
-15.466667,6,186.821826
-13.033333,6,186.84225
-41.966667,6,186.866827
-20.233333,6,186.882566
-18.7,6,186.906577
-37.733333,6,186.938196
-24.166667,6,186.969491
-29.733333,6,186.994318
28.333333,6,187.016135
-41.8,6,187.055403
-34.766667,6,187.083057
-20.9,6,187.106827
-19.066667,6,187.131723
-28.0,6,187.158071
-7.2,6,187.191564
-23.1,6,187.216252
-22.3,6,187.245639
-14.566667,6,187.269482
-32.3,6,187.303373
-23.366667,6,187.348868
-13.766667,6,187.388967
3.066667,6,187.762227
-9.0,6,187.800827
-21.033333,6,187.834949
-28.433333,6,187.860631
-32.3,6,187.889324
-3.4,6,187.918224
-39.8,6,187.940588
-14.966667,6,187.965387
-16.833333,6,187.98912
155.5,3,188.002538
-17.166667,6,188.036597
-32.533333,6,188.053837
-24.8,6,188.073845
-25.2,6,188.091302
-23.9,6,188.121795
-16.766667,6,188.14126
-19.366667,6,188.167585
-14.666667,6,188.187325
-9.766667,6,188.20955
13.5,6,188.229812
-13.533333,6,188.247965
-34.033333,6,188.274318
-27.2,6,188.296721
-28.233333,6,188.318481
-14.766667,6,188.347018
-21.6,6,188.377431
-38.233333,6,188.413665
-2.933333,6,188.43281
-14.2,6,188.455984
-25.666667,6,188.474421
-26.633333,6,188.498799
-28.066667,6,188.525758
-32.633333,6,188.551636
-25.5,6,188.572755
-33.933333,6,188.59662
-3.333333,6,188.617383
-40.866667,6,188.649311
-22.866667,6,188.677576
15.2,6,188.703984
-28.766667,6,188.72549
-22.066667,6,188.746941
176.3,2,188.761421
-9.233333,6,188.7779
5.433333,6,188.802781
-11.1,6,188.826473
-10.033333,6,188.85181
-16.4,6,188.866494
-18.466667,6,188.889277
-18.033333,6,188.906237
-6.2,6,188.929802
9.433333,6,188.946483
-29.333333,6,188.983895
-9.933333,6,189.017895
-22.833333,6,189.050711
-15.366667,6,189.071456
3.633333,6,189.103427
-25.1,6,189.136292
-31.633333,6,189.157328
-27.066667,6,189.178278
-27.0,6,189.208219
-23.166667,6,189.248896
-22.866667,6,189.272266
-3.733333,6,189.306819
-21.2,6,189.336055
-36.633333,6,189.351121
-9.733333,6,189.37604
-10.566667,6,189.396582
-17.166667,6,189.422147
-13.833333,6,189.449701
-32.533333,6,189.480822
-30.8,6,189.51084
-35.233333,6,189.542794
-5.7,6,189.571725
-24.533333,6,189.60204
-30.133333,6,189.621694
-25.833333,6,189.643512
-54.6,6,189.67984
-36.666667,6,189.701814
-27.766667,6,189.722538
0.166667,6,189.747589
-27.666667,6,189.777807
-18.133333,6,196.12558
-3.033333,6,196.149647
-7.6,6,196.176498
-49.133333,6,196.199041
-15.066667,6,196.225706
-12.466667,6,196.283836
-26.333333,6,196.319619
-33.366667,6,196.352925
-8.133333,6,196.370156
-12.2,6,196.389663
-16.233333,6,196.417293
-11.033333,6,196.440692
-20.733333,6,196.461837
4.033333,6,196.48647
-0.333333,6,196.501689
-33.1,6,196.52789
-12.0,6,196.541217
-37.833333,6,196.56176
-25.966667,6,196.578418
-20.0,6,196.602105
-23.133333,6,196.634097
13.5,6,196.659803
-1.1,6,196.681464
1.033333,6,196.702456
-31.9,6,196.730979
-29.1,6,196.752598
-33.1,6,196.77651
-24.633333,6,196.800895
-10.866667,6,196.828556
7.033333,6,196.843065
2.033333,6,196.869903
-23.3,6,196.897656
-18.166667,6,196.913732
-10.933333,6,196.936341
-11.9,6,196.95562
-17.933333,6,196.976721
-16.866667,6,196.999299
-34.833333,6,197.02355
1.266667,6,197.046503
-0.733333,6,197.063083
-19.566667,6,197.086626
6.333333,6,197.121607
-26.366667,6,197.146975
2.266667,6,197.170657
-1.533333,6,197.190495
-32.3,6,197.223983
-11.666667,6,197.249554
-13.133333,6,197.265533
-24.666667,6,197.285189
-30.3,6,197.30651
-40.2,6,197.33817
-18.733333,6,197.357445
0.6,6,197.37712
-29.966667,6,197.410963
-24.633333,6,197.427972
-28.233333,6,197.454303
-7.566667,6,197.479689
-10.566667,6,197.498327
-23.8,6,197.524805
-22.966667,6,197.554989
-22.9,6,197.585253
-37.9,6,197.616112
-17.766667,6,197.644806
-10.0,6,197.663504
-11.4,6,197.692286
4.466667,6,197.719976
3.166667,6,197.748458
-13.233333,6,197.766066
4.633333,6,197.779708
8.433333,6,197.803541
-26.633333,6,197.837099
-26.266667,6,197.864829
-18.166667,6,197.886439
-23.3,6,197.911409
-23.266667,6,197.931345
-31.133333,6,197.956141
-28.266667,6,197.980767
-3.7,6,198.001382
2.2,6,198.019322
-31.466667,6,198.033151
6.166667,6,198.056262
-16.8,6,198.085255
-14.633333,6,198.110869
163.266667,5,198.126482
-35.6,6,198.154299
-18.066667,6,198.18109
-37.4,6,198.211068
-19.2,6,198.236488
-17.433333,6,198.255653
-31.133333,6,198.277984
-8.133333,6,198.300886
-35.5,6,198.325987
-9.066667,6,198.343136
-21.8,6,198.36278
-17.266667,6,198.391658
-14.533333,6,198.434641
-21.0,6,198.458928
1.7,6,198.476784
-43.333333,6,198.499238
-1.666667,6,198.521412
-26.033333,6,198.545368
-2.233333,6,198.564546
-25.1,6,198.587378
-7.066667,6,198.606787
-32.2,6,198.631428
-9.633333,6,198.65639
-50.3,6,198.674245
-5.566667,6,198.689113
-16.9,6,198.713466
-26.833333,6,198.73728
-5.733333,6,198.762576
-30.966667,6,198.787643
-6.933333,6,198.812827
0.6,6,198.844677
-22.666667,6,198.874968
-27.333333,6,198.893388
-22.833333,6,198.909676
-25.1,6,198.931955
-24.1,6,198.957561
-19.7,6,198.978023
-28.866667,6,199.010198
-10.4,6,199.027717
-8.166667,6,199.044478
-43.433333,6,199.070949
-20.666667,6,199.091464
4.866667,6,199.119866
-34.2,6,199.14076
-23.766667,6,199.169883
-13.866667,6,199.192969
-33.533333,6,199.219912
8.633333,6,199.236049
4.433333,6,199.254431
-37.666667,6,199.280018
-21.066667,6,199.302214
-37.566667,6,199.326344
-13.9,6,199.346129
-31.866667,6,199.364909
-11.433333,6,199.384109
-17.433333,6,199.408791
0.666667,6,199.434524
-11.866667,6,199.45381
-13.466667,6,199.474433
-15.3,6,199.500695
-30.8,6,199.530547
-29.9,6,199.555099
-24.6,6,199.58883
-5.8,6,199.613335
9.366667,6,199.64588
-7.5,6,199.668508
-15.6,6,199.687823
-29.4,6,199.714627
-9.166667,6,199.73652
-7.566667,6,199.756969
-35.266667,6,199.787166
-20.433333,6,199.810781
-21.666667,6,199.837158
-35.266667,6,199.860785
-10.533333,6,199.886234
-24.133333,6,199.907915
4.1,6,199.927144
-31.233333,6,199.960038
-15.8,6,199.982102
-4.833333,6,200.018886
-19.566667,6,200.042087
-23.133333,6,200.064748
-6.8,6,200.09293
-15.0,6,200.11379
-20.633333,6,200.136298
-6.366667,6,200.150382
14.833333,6,200.176175
-18.333333,6,200.196894
-41.133333,6,200.221512
-8.933333,6,200.237196
-23.366667,6,200.264901
-9.1,6,200.290936
-8.333333,6,200.318152
-27.5,6,200.344506
-3.9,6,200.370753
-11.533333,6,200.401178
-34.333333,6,200.424103
-36.566667,6,200.451573
-31.9,6,200.475655
-41.133333,6,200.502473
-29.233333,6,200.524925
-18.9,6,200.550863
-38.566667,6,200.581508
-31.2,6,200.605371
-10.866667,6,200.635111
6.233333,6,200.656713
-33.6,6,200.685069
-25.6,6,200.70594
20.2,6,200.722816
-31.533333,6,200.751959
-16.5,6,200.774552
-7.866667,6,200.811769
-22.566667,6,200.841382
-24.633333,6,200.859608
-31.633333,6,200.884823
-1.533333,6,200.908628
-10.433333,6,200.937474
-43.033333,6,200.967473
-15.233333,6,200.98898
-6.5,6,201.012793
-29.8,6,201.03577
-20.666667,6,201.066113
-19.433333,6,201.096617
-35.833333,6,201.125855
4.733333,6,201.155179
-3.3,6,201.189245
-14.833333,6,201.211915
-6.233333,6,201.237297
-37.266667,6,201.26819
-21.633333,6,201.295963
-27.933333,6,201.32968
-25.933333,6,201.364645
-26.433333,6,201.403468
-19.466667,6,201.419868
-34.433333,6,201.440805
-42.866667,6,201.468812
-13.2,6,201.501729
-5.766667,6,201.52641
-12.266667,6,201.548099
0.333333,6,201.569744
-18.233333,6,201.583478
-21.933333,6,201.611973
-29.466667,6,201.643665
-27.166667,6,201.667492
-10.5,6,201.687143
5.466667,6,201.713369
-32.3,6,201.73143
-17.933333,6,201.757418
-12.466667,6,201.780753
-28.0,6,201.798247
-20.533333,6,201.824763
-30.066667,6,201.850955
-12.3,6,201.877585
-1.166667,6,201.900402
-40.2,6,201.921892
-10.566667,6,201.953652
-13.733333,6,201.978559
-24.066667,6,202.005594
-16.666667,6,202.033471
-1.366667,6,202.060287
-35.333333,6,202.084783
-10.066667,6,202.120338
-15.266667,6,202.147951
-0.033333,6,202.165018
-3.4,6,202.190353
-19.633333,6,202.213498
-33.366667,6,202.244761
-16.433333,6,202.27351
-27.733333,6,202.298651
-33.1,6,202.328565
-32.5,6,202.365595
-21.4,6,202.385348
-32.933333,6,202.411809
-22.966667,6,202.441278
-20.033333,6,202.464165
-13.4,6,202.47979
-19.433333,6,202.504126
-27.366667,6,202.528445
-41.233333,6,202.556332
-4.233333,6,202.576133
0.4,6,202.600361
-45.433333,6,202.624593
-16.966667,6,202.653072
-28.266667,6,202.673401
-11.2,6,202.688324
-12.4,6,202.708197
-18.2,6,202.746248
-37.666667,6,202.774731
-15.5,6,202.791937
3.666667,6,202.804596
-12.966667,6,202.83442
-43.033333,6,202.866284
1.8,6,202.887889
-8.6,6,202.909601
-17.8,6,202.931176
-13.4,6,202.95838
-26.666667,6,202.977102
-38.066667,6,202.993159
-24.933333,6,203.021951
-39.133333,6,203.05327
-38.9,6,203.082406
-23.533333,6,203.111237
-33.466667,6,203.126693
-20.666667,6,203.158649
-6.733333,6,203.1722
-23.566667,6,203.194998
-16.6,6,203.20998
2.366667,6,203.229819
-12.666667,6,203.254589
-35.266667,6,203.286679
3.533333,6,203.306167
-33.066667,6,203.339004
-27.033333,6,203.372801
4.966667,6,203.400718
-22.733333,6,203.418523
-14.333333,6,203.451881
6.733333,6,203.470948
-22.9,6,203.498294
-22.366667,6,203.518155
-6.7,6,203.543777
-22.7,6,203.569767
-30.7,6,203.599633
-24.433333,6,203.633202
-15.0,6,203.66043
-12.933333,6,203.679611
-1.533333,6,203.706116
-23.633333,6,203.73261
-20.4,6,203.751915
-6.2,6,203.769384
-17.7,6,203.799071
-20.633333,6,203.827126
-15.3,6,203.851572
-32.966667,6,203.867282
-59.8,6,203.898847
-16.5,6,203.922348
-29.9,6,203.950111
-16.6,6,203.985082
-4.466667,6,204.006138
-14.066667,6,204.027112
-24.3,6,204.060142
-20.1,6,204.087726
-24.266667,6,204.116008
1.833333,6,204.143049
-26.366667,6,204.163091
-16.0,6,204.184879
162.0,1,204.195442
-16.7,6,204.227357
-0.833333,6,204.255472
-19.6,6,204.277207
3.566667,6,204.293283
-6.633333,6,204.316796
-12.466667,6,204.340811
-18.766667,6,204.372097
-34.266667,6,204.392441
-11.5,6,204.407064
3.533333,6,204.435719
-22.7,6,204.458357
8.1,6,204.479716
-24.766667,6,204.511748
-26.866667,6,204.544443
-15.133333,6,210.535254
-8.8,6,210.569608
-30.366667,6,210.593147
-22.233333,6,210.622396
-13.1,6,210.638502
-36.266667,6,210.657183
-28.6,6,210.680058
-4.9,6,210.695004
-25.166667,6,210.716306
-7.966667,6,210.735676
-30.066667,6,210.757074
-6.666667,6,210.777848
-16.566667,6,210.795878
-26.833333,6,210.819659
-5.8,6,210.841808
-10.566667,6,210.868997
-20.466667,6,210.892199
-15.6,6,210.917665
3.5,6,210.936314
-12.733333,6,210.964289
-28.866667,6,210.984299
-17.566667,6,211.005104
-23.933333,6,211.049091
-5.166667,6,211.067296
-29.733333,6,211.092296
-31.6,6,211.114156
-12.0,6,211.148787
-29.966667,6,211.174814
-18.666667,6,211.196802
-2.0,6,211.220242
-9.1,6,211.244445
-20.266667,6,211.277602
-31.2,6,211.298635
-2.266667,6,211.318831
-33.3,6,211.339009
-19.4,6,211.365624
-33.533333,6,211.393349
-10.666667,6,211.40975
-18.9,6,211.427591
-15.166667,6,211.446024
-9.5,6,211.459816
-15.633333,6,211.482678
-28.333333,6,211.510915
180.166667,4,211.523321
-3.366667,6,211.539108
-37.166667,6,211.567078
-10.566667,6,211.58635
-11.033333,6,211.606192
-39.733333,6,211.628694
-21.2,6,211.651251
-8.533333,6,211.676172
3.6,6,211.699757
-9.233333,6,211.738482
26.2,6,211.755827
-13.166667,6,211.779289
-40.8,6,211.807411
-38.733333,6,211.832346
-21.833333,6,211.847761
-16.633333,6,211.867306
-35.333333,6,211.894791
6.233333,6,211.917833
-12.033333,6,211.951191
-25.666667,6,211.9742
-25.9,6,211.997505
-29.466667,6,212.02415
5.866667,6,212.035742
-0.133333,6,212.056275
-26.4,6,212.07463
-27.033333,6,212.092859
-23.5,6,212.118449
-18.3,6,212.136119
-40.7,6,212.155935
-5.9,6,212.176353
-27.866667,6,212.195194
-23.566667,6,212.210527
-22.033333,6,212.222466
-11.866667,6,212.243466
-26.666667,6,212.277476
-14.266667,6,212.290911
-20.166667,6,212.304652
1.9,6,212.322152
-22.233333,6,212.347072
-4.933333,6,212.366696
-33.933333,6,212.387746
-22.666667,6,212.411756
-34.233333,6,212.434299
-8.833333,6,212.453857
-18.566667,6,212.481605
-24.2,6,212.50245
-33.5,6,212.522492
-10.0,6,212.548647
-34.7,6,212.571364
-36.9,6,212.59468
-32.933333,6,212.618548
-9.766667,6,212.63379
-26.1,6,212.659666
-13.133333,6,212.688122
-16.1,6,212.715209
-6.466667,6,212.735584
-10.8,6,212.756607
-18.2,6,212.775959
-25.866667,6,212.808247
-29.733333,6,212.832799
-31.033333,6,212.854581
-37.5,6,212.880755
-9.733333,6,212.906988
-15.5,6,212.931198
-30.433333,6,212.951622
-39.3,6,212.975113
-26.066667,6,212.992515
-58.233333,6,213.015998
-17.033333,6,213.038166
-24.333333,6,213.065387
-27.066667,6,213.082305
-5.2,6,213.102571
-0.833333,6,213.11886
-26.333333,6,213.136697
-15.466667,6,213.156447
-15.6,6,213.172143
-27.066667,6,213.193626
-31.533333,6,213.217516
-11.833333,6,213.240774
-31.3,6,213.267999
-30.6,6,213.289606
-27.833333,6,213.310818
-7.8,6,213.330739
-46.1,6,213.364987
-56.533333,6,213.392217
-14.566667,6,213.411092
-28.633333,6,213.440463
4.166667,6,213.467719
-11.433333,6,213.493896
-18.666667,6,213.516839
-39.166667,6,213.548913
15.3,6,213.570239
-22.766667,6,213.583264
-17.633333,6,213.595774
-0.8,6,213.620144
-1.366667,6,213.645512
-26.0,6,213.668938
-4.833333,6,213.691199
-22.633333,6,213.716513
1.0,6,213.742613
-13.2,6,213.769544
-26.0,6,213.79594
-6.733333,6,213.810817
-38.066667,6,213.834759
-26.366667,6,213.856187
-18.333333,6,213.878172
-23.966667,6,213.905284
-6.166667,6,213.932684
-21.166667,6,213.962073
-26.2,6,213.984963
0.833333,6,214.012871
-30.233333,6,214.036002
-33.633333,6,214.055438
-2.933333,6,214.074379
-34.933333,6,214.095759
-30.466667,6,214.118644
-20.9,6,214.151122
-9.766667,6,214.176491
-17.833333,6,214.206032
-26.6,6,214.237207
-19.433333,6,214.269739
-20.7,6,214.289635
-17.933333,6,214.315171
-6.733333,6,214.337541
4.4,6,214.357515
-28.133333,6,214.38159
-35.433333,6,214.409395
-21.766667,6,214.434045
17.133333,6,214.461119
-20.233333,6,214.487014
-26.766667,6,214.508679
-14.966667,6,214.529309
-22.766667,6,214.556691
-20.0,6,214.587192
-17.033333,6,214.600141
-22.566667,6,214.627863
-28.133333,6,214.652935
-34.333333,6,214.685797
-1.833333,6,214.709596
-22.966667,6,214.731111
-13.166667,6,214.755705
-34.1,6,214.784203
-23.333333,6,214.813388
-12.333333,6,214.839446
-9.133333,6,214.857838
-4.233333,6,214.881072
-4.166667,6,214.90135
-13.333333,6,214.9171
-28.933333,6,214.940619
-31.2,6,214.960315
-34.266667,6,214.991059
-18.166667,6,215.017505
-0.466667,6,215.034173
-10.066667,6,215.058418
-26.366667,6,215.081603
-27.766667,6,215.108105
-12.433333,6,215.138447
-18.533333,6,215.161281
-15.166667,6,215.195947
-40.466667,6,215.231512
-27.033333,6,215.25386
-8.733333,6,215.279166
-7.633333,6,215.311201
-12.133333,6,215.334473
-22.6,6,215.358297
-19.5,6,215.377772
-0.333333,6,215.397254
-19.866667,6,215.41676
-11.5,6,215.442939
-28.833333,6,215.467155
-25.766667,6,215.493481
-16.9,6,215.516133
-28.133333,6,215.538224
-26.1,6,215.556897
-16.3,6,215.583684
-28.266667,6,215.611174
-2.566667,6,215.626924
-22.066667,6,215.654748
-18.0,6,215.668036
2.566667,6,215.689601
1.5,6,215.704679
-19.2,6,215.72947
-35.166667,6,215.755071
-23.2,6,215.785958
-11.666667,6,215.815185
-24.533333,6,215.833699
-37.566667,6,215.855102
-2.2,6,215.875471
-3.566667,6,215.896558
-27.633333,6,215.91609
-29.4,6,215.938683
-7.4,6,215.952394
-0.4,6,215.964423
-5.3,6,215.984774
-19.4,6,216.010179
22.233333,6,216.029192
-16.733333,6,216.04792
-7.133333,6,216.079941
-16.466667,6,216.107076
-2.7,6,216.133216
-15.866667,6,216.152361
-45.1,6,216.165403
-4.5,6,216.185394
-16.933333,6,216.199998
-30.466667,6,216.220638
-5.5,6,216.243691
-22.966667,6,216.271093
-19.4,6,216.293064
-14.133333,6,216.332455
-32.933333,6,216.358505
-1.1,6,216.390283
-25.6,6,216.422713
-2.233333,6,216.444737
-28.2,6,216.459594
-14.4,6,216.514457
-21.766667,6,216.538992
-8.266667,6,216.56163
-37.8,6,216.590562
-30.233333,6,216.621462
-21.766667,6,216.651409
-9.733333,6,216.683352
-11.966667,6,216.70435
-1.333333,6,216.727877
-18.733333,6,216.751901
-1.9,6,216.780231
-14.266667,6,216.811972
-39.7,6,216.837282
-15.166667,6,216.860687
-21.933333,6,216.888479
-7.766667,6,216.919485
-32.633333,6,216.942584
-18.4,6,216.971735
-3.2,6,216.993179
-28.5,6,217.031959
-10.033333,6,217.047079
7.033333,6,217.063678
-27.066667,6,217.080643
187.8,3,217.099305
-31.2,6,217.128067
-13.533333,6,217.152889
-20.4,6,217.17735
-16.866667,6,217.204899
-22.666667,6,217.224458
-11.7,6,217.241879
-9.333333,6,217.268084
-20.1,6,217.293852
-43.3,6,217.321135
-1.6,6,217.350213
-5.133333,6,217.378363
-19.1,6,217.401046
-29.4,6,217.416318
-4.666667,6,217.4341
-2.5,6,217.452825
-21.133333,6,217.475096
-31.033333,6,217.50096
7.666667,6,217.517632
-28.166667,6,217.540194
162.0,1,217.542552
-6.033333,6,217.580003
-16.833333,6,217.603183
-21.4,6,217.6277
-25.966667,6,217.650539
-37.566667,6,217.675868
-29.2,6,217.699171
-27.8,6,217.724082
-0.7,6,217.752053
-27.333333,6,217.769737
159.6,4,217.793023
-18.766667,6,217.807439
-3.7,6,217.827832
0.033333,6,217.856643
-24.833333,6,217.877083
-23.8,6,217.900698
-6.133333,6,217.928097
-16.6,6,217.94439
-21.933333,6,217.96143
-26.333333,6,217.9917
-36.333333,6,218.012323
-38.8,6,218.038921
-23.366667,6,218.063956
-24.133333,6,218.087061
-44.1,6,218.106019
-22.2,6,218.130018
-18.166667,6,218.155277
-33.133333,6,218.199826
-25.533333,6,218.218831
-45.5,6,218.243809
-20.7,6,218.264763
-14.7,6,218.280574
-27.6,6,218.295632
-24.733333,6,218.322726
-31.233333,6,218.34995
-24.533333,6,218.376828
-9.2,6,218.403581
-6.7,6,218.418249
7.733333,6,218.443647
-8.433333,6,218.473707
-17.7,6,218.50536
-32.533333,6,218.530671
-11.4,6,218.556498
-7.933333,6,224.856923
-0.4,6,224.877305
-18.466667,6,224.895322
-26.933333,6,224.916736
-25.433333,6,224.947414
-4.733333,6,224.97087
-11.633333,6,224.990138
-30.033333,6,225.011708
-17.566667,6,225.049423
-20.5,6,225.079546
-33.866667,6,225.102317
-27.9,6,225.123198
-2.766667,6,225.148992
-10.733333,6,225.178739
-9.633333,6,225.213742
-13.533333,6,225.24033
-22.666667,6,225.262731
-30.4,6,225.284494
10.4,6,225.303219
-3.966667,6,225.328889
-22.7,6,225.359006
-17.333333,6,225.384062
-4.733333,6,225.409116
-15.533333,6,225.432273
-10.333333,6,225.456827
-8.366667,6,225.475457
162.0,1,225.477748
-22.033333,6,225.504049
-26.833333,6,225.531522
-26.066667,6,225.558823
-1.366667,6,225.581274
-8.966667,6,225.601903
-28.666667,6,225.623016
-26.566667,6,225.650885
-19.966667,6,225.691297
9.3,6,225.724169
-30.866667,6,225.748299
-6.333333,6,225.771155
5.2,6,225.78627
-21.0,6,225.815233
-36.933333,6,225.844827
-7.8,6,225.86339
-34.1,6,225.897589
-30.866667,6,225.925612
-16.4,6,225.947762
-22.366667,6,225.971169
-18.033333,6,225.988954
-3.166667,6,226.01134
-3.5,6,226.032127
-13.8,6,226.047312
-21.4,6,226.078145
-15.666667,6,226.112187
-21.833333,6,226.14135
-25.533333,6,226.167595
-19.6,6,226.183494
-23.033333,6,226.201696
-19.966667,6,226.228639
-12.333333,6,226.256953
-20.6,6,226.278633
-29.433333,6,226.327102
-10.333333,6,226.348681
-11.0,6,226.3708
-16.666667,6,226.393757
-9.766667,6,226.422304
-8.166667,6,226.448215
-36.6,6,226.471812
-35.6,6,226.500193
-12.733333,6,226.52222
-9.1,6,226.543431
-10.866667,6,226.562811
-22.3,6,226.576639
-24.5,6,226.949256
-6.366667,6,226.974165
-37.4,6,227.006321
-1.0,6,227.024705
-40.233333,6,227.058443
-21.166667,6,227.075402
-33.533333,6,227.098275
-19.066667,6,227.123251
4.766667,6,227.147754
-23.833333,6,227.16387
-23.666667,6,227.182591
-12.333333,6,227.19771
-11.1,6,227.216699
-17.366667,6,227.244372
-14.8,6,227.262412
-31.4,6,227.289989
-45.1,6,227.311727
-13.4,6,227.331042
-31.466667,6,227.35432
-25.466667,6,227.395
-13.433333,6,227.420008
-26.333333,6,227.43585
-12.4,6,227.458421
6.033333,6,227.483914
-20.166667,6,227.51176
-4.033333,6,227.535689
-22.433333,6,227.557971
-15.3,6,227.587273
-10.366667,6,227.612533
10.066667,6,227.636154
-31.966667,6,227.653091
-9.2,6,227.665229
-30.8,6,227.695212
-8.733333,6,227.718939
-17.0,6,227.738051
-19.4,6,227.76134
-23.433333,6,227.784104
-23.233333,6,227.801633
-9.566667,6,227.828402
-12.9,6,227.857929
-29.4,6,227.873198
1.0,6,227.890471
-6.433333,6,227.908408
-8.8,6,227.928485
-5.633333,6,227.956368
-18.7,6,227.975662
-11.4,6,228.002676
0.766667,6,228.026716
-38.066667,6,228.052945
-17.833333,6,228.074594
-26.166667,6,228.105527
-25.333333,6,228.12235
-17.066667,6,228.143889
-12.0,6,228.1697
-8.2,6,228.194821
-25.333333,6,228.218515
-15.233333,6,228.240406
-19.9,6,228.268375
-24.3,6,228.29423
-19.1,6,228.314312
-1.7,6,228.330811
-30.3,6,228.352465
-24.366667,6,228.374726
-22.766667,6,228.413459
-16.066667,6,228.438236
-48.833333,6,228.470781
-22.566667,6,228.487473
-14.866667,6,228.508407
-34.333333,6,228.523283
-18.533333,6,228.538549
-22.6,6,228.557624
-3.566667,6,228.586258
-29.633333,6,228.610265
-11.7,6,228.629326
-20.933333,6,228.659826
-30.4,6,228.686768
-33.166667,6,228.71179
-16.1,6,228.739199
-23.9,6,228.790817
-27.4,6,228.823389
-19.333333,6,228.849481
12.8,6,228.870833
-33.7,6,228.887115
-17.333333,6,228.906934
-21.633333,6,228.925616
-0.366667,6,228.938938
-39.633333,6,228.958923
-27.133333,6,228.985659
-15.266667,6,229.011239
-23.366667,6,229.039503
-8.866667,6,229.052176
-9.9,6,229.07532
-8.366667,6,229.0992
-27.666667,6,229.126028
25.133333,6,229.145806
-35.7,6,229.17905
-10.033333,6,229.204586
-32.733333,6,229.222733
-22.133333,6,229.248079
-24.933333,6,229.269256
-22.133333,6,229.293266
-36.933333,6,229.320669
-27.833333,6,229.342111
-6.833333,6,229.362621
-13.233333,6,229.3871
-18.233333,6,229.405203
-18.633333,6,229.423825
4.766667,6,229.443234
-32.4,6,229.46639
-61.533333,6,229.48751
-22.1,6,229.508828
-10.133333,6,229.533803
-21.566667,6,229.573083
-18.766667,6,229.598954
-4.466667,6,229.619425
-7.4,6,229.639728
28.866667,6,229.66139
-23.866667,6,229.690086
-26.9,6,229.71355
-37.066667,6,229.745623
-24.933333,6,229.772675
-33.533333,6,229.799483
-19.9,6,229.824227
-28.166667,6,229.848987
-7.333333,6,229.876943
-12.833333,6,229.900431
-12.366667,6,229.924819
-19.633333,6,229.939711
-7.266667,6,229.962471
-34.0,6,229.99068
-28.466667,6,230.023659
-19.233333,6,230.045402
-19.266667,6,230.065238
-5.0,6,230.088603
-15.266667,6,230.124742
-29.233333,6,230.145316
-7.966667,6,230.167267
-9.733333,6,230.20338
3.666667,6,230.231134
-35.933333,6,230.257617
-33.166667,6,230.286592
-18.933333,6,230.303436
-20.633333,6,230.323464
-4.6,6,230.346192
-0.666667,6,230.365513
-18.9,6,230.386299
-25.666667,6,230.418719
-27.533333,6,230.438323
-16.166667,6,230.456657
-24.966667,6,230.472546
2.266667,6,230.497727
-19.7,6,230.518179
-14.266667,6,230.538658
-26.533333,6,230.569172
-25.566667,6,230.595448
-63.933333,6,230.616597
3.366667,6,230.63372
-14.166667,6,230.66741
-15.733333,6,230.683357
-18.633333,6,230.706526
-3.866667,6,230.73351
-34.533333,6,230.764172
-36.566667,6,230.81909
-1.366667,6,230.843346
-35.533333,6,230.861031
-29.933333,6,230.893379
-21.5,6,230.913193
1.566667,6,230.931952
-19.4,6,230.956006
-34.6,6,230.987655
-14.1,6,231.015249
-27.333333,6,231.038895
-25.0,6,231.063323
-22.966667,6,231.092351
-30.866667,6,231.11721
-27.266667,6,231.143729
-22.666667,6,231.169062
-16.033333,6,231.198349
-12.4,6,231.242669
-17.9,6,231.335483
2.766667,6,231.392536
-30.0,6,231.446502
-30.233333,6,231.471211
-4.866667,6,231.505184
-19.366667,6,231.53621
-23.166667,6,231.555018
-39.433333,6,231.593808
-9.433333,6,231.631837
-14.833333,6,231.663242
-16.8,6,231.688877
-26.7,6,231.71295
-14.733333,6,231.729775
-12.066667,6,231.75287
-28.966667,6,231.787647
-11.033333,6,231.81608
-13.633333,6,231.841555
-33.033333,6,231.86899
-23.933333,6,231.890678
-28.433333,6,231.911872
-20.766667,6,231.932051
-21.266667,6,231.961009
-29.9,6,231.984792
-44.366667,6,232.008823
-19.333333,6,232.02683
-16.133333,6,232.043278
-14.066667,6,232.061541
2.366667,6,232.072716
-27.633333,6,232.090086
-18.4,6,232.106091
-10.4,6,232.133325
-24.866667,6,232.163504
-33.433333,6,232.180791
-9.0,6,232.216142
-6.966667,6,232.239307
15.233333,6,232.258647
-33.066667,6,232.270742
-25.333333,6,232.292947
-21.7,6,232.324008
-34.2,6,232.350342
-38.566667,6,232.370285
-9.133333,6,232.388437
-16.4,6,232.401301
-30.3,6,232.431274
-21.1,6,232.459861
-7.966667,6,232.486097
-11.066667,6,232.517427
-22.933333,6,232.539272
-16.7,6,232.558864
-18.066667,6,232.580119
-10.333333,6,232.606064
-32.633333,6,232.630593
-4.1,6,232.651572
-9.3,6,232.676902
-27.866667,6,232.694755
-3.766667,6,232.710773
-21.3,6,232.73807
-39.066667,6,232.760703
-35.333333,6,232.791689
-31.866667,6,232.814512
-25.633333,6,232.846478
-15.066667,6,232.871125
-18.233333,6,232.893216
-27.133333,6,232.918814
-36.066667,6,232.940947
-24.8,6,232.974225
-16.666667,6,232.991013
10.2,6,233.017374
-40.7,6,233.041913
-4.766667,6,233.067404
-16.233333,6,233.080398
-19.733333,6,233.106965
-14.833333,6,233.139538
-8.233333,6,233.171594
-14.466667,6,233.188974
-10.6,6,233.213221
-14.466667,6,233.234167
1.6,6,233.256596
160.433333,4,233.274845
-7.966667,6,233.304666
-29.033333,6,233.328546
-6.3,6,233.347584
-25.6,6,233.37696
-17.766667,6,233.415675
-20.066667,6,233.439694
-25.2,6,233.464847
8.1,6,233.479233
0.5,6,233.499999
-14.0,6,233.516194
-28.466667,6,233.543344
-17.966667,6,233.561956
-10.166667,6,233.587325
.465223
1.666667,6,233.483935
-22.3,6,233.503414
-18.266667,6,233.527935
6.466667,6,233.549952
-19.533333,6,233.575384
-16.633333,6,233.5906
3.462847
0.466667,6,233.477212
-17.066667,6,233.498001
-32.633333,6,233.514215
-13.766667,6,233.541355
-9.4,6,233.559943
-36.733333,6,233.585333
.568915
-34.433333,6,233.588913
